Unity Editor version:    6000.2.1f1 (55300504c302)
Branch:                  6000.2/staging
Build type:              Release
Batch mode:              YES
macOS version:           Version 15.2 (Build 24C101)
Darwin version:          24.2.0
Architecture:            arm64
Running under Rosetta:   NO
Available memory:        131072 MB
Date:                    2025-08-27T12:00:36Z
[Licensing::Module] Trying to connect to existing licensing client channel...
[Licensing::IpcConnector] Successfully connected to: "LicenseClient-andrei" at "2025-08-27T12:00:36.978596Z"

COMMAND LINE ARGUMENTS:
/Applications/Unity/Hub/Editor/6000.2.1f1/Unity.app/Contents/MacOS/Unity
-adb2
-batchMode
-noUpm
-name
AssetImportWorker0
-projectPath
/Users/andrei/Desktop/Personal/Unity/OneShot
-logFile
Logs/AssetImportWorker0.log
-srvPort
59078
-job-worker-count
7
-background-job-worker-count
8
-gc-helper-count
1
-name AssetImport
Successfully changed project path to: /Users/andrei/Desktop/Personal/Unity/OneShot
[Licensing::Client] Code 10 while verifying Licensing Client signature (process Id: 1129, path: "/Applications/Unity Hub.app/Contents/Frameworks/UnityLicensingClient_V1.app/Contents/MacOS/Unity.Licensing.Client")
[Licensing::Module] LicensingClient has failed validation; ignoring
[Licensing::Client] Error: HandshakeResponse reported an error:
	ResponseCode: 505
	ResponseStatus: Unsupported protocol version '1.17.2'.
[Licensing::Module] Error: Failed to handshake to channel: "LicenseClient-andrei"
[Licensing::IpcConnector] LicenseClient-andrei channel disconnected successfully.
[Licensing::IpcConnector] Successfully connected to: "LicenseClient-andrei-6000.2.1" at "2025-08-27T12:00:37.269503Z"
[Licensing::Client] Code 1 while verifying Licensing Client signature (process Id: 67368, path: "/Applications/Unity/Hub/Editor/6000.2.1f1/Unity.app/Contents/Frameworks/UnityLicensingClient.app/Contents/MacOS/Unity.Licensing.Client")
[Licensing::Module] LicensingClient has failed validation; ignoring
[Licensing::Client] Handshaking with LicensingClient:
  Version:                 1.17.2+ff71f16
  Session Id:              c69a4c1e68ef4f8eb78b8e105e9ef57e
  Correlation Id:          009321604f0d2a14a75ff09645ed43fd
  External correlation Id: 8278996566365863514
  Machine Id:              36rb2jTEE4PZVdT2n8hrbQsEKUY=
[Licensing::Module] Successfully connected to LicensingClient on channel: "LicenseClient-andrei-6000.2.1" (connect: 0.00s, validation: 0.00s, handshake: 0.01s)
[Licensing::IpcConnector] Successfully connected to: "LicenseClient-andrei-6000.2.1-notifications" at "2025-08-27T12:00:37.276983Z"
[Licensing::Module] Licensing Background thread has ended after 0.30s
/Users/andrei/Desktop/Personal/Unity/OneShot
[UnityMemory] Configuration Parameters - Can be set up in boot.config
    "memorysetup-allocator-temp-initial-block-size-main=262144"
    "memorysetup-allocator-temp-initial-block-size-worker=262144"
    "memorysetup-bucket-allocator-granularity=16"
    "memorysetup-bucket-allocator-bucket-count=8"
    "memorysetup-bucket-allocator-block-size=33554432"
    "memorysetup-bucket-allocator-block-count=8"
    "memorysetup-main-allocator-block-size=16777216"
    "memorysetup-thread-allocator-block-size=16777216"
    "memorysetup-gfx-main-allocator-block-size=16777216"
    "memorysetup-gfx-thread-allocator-block-size=16777216"
    "memorysetup-cache-allocator-block-size=4194304"
    "memorysetup-typetree-allocator-block-size=2097152"
    "memorysetup-profiler-bucket-allocator-granularity=16"
    "memorysetup-profiler-bucket-allocator-bucket-count=8"
    "memorysetup-profiler-bucket-allocator-block-size=33554432"
    "memorysetup-profiler-bucket-allocator-block-count=8"
    "memorysetup-profiler-allocator-block-size=16777216"
    "memorysetup-profiler-editor-allocator-block-size=1048576"
    "memorysetup-temp-allocator-size-main=16777216"
    "memorysetup-job-temp-allocator-block-size=2097152"
    "memorysetup-job-temp-allocator-block-size-background=1048576"
    "memorysetup-job-temp-allocator-reduction-small-platforms=262144"
    "memorysetup-temp-allocator-size-background-worker=32768"
    "memorysetup-temp-allocator-size-job-worker=262144"
    "memorysetup-temp-allocator-size-preload-manager=33554432"
    "memorysetup-temp-allocator-size-nav-mesh-worker=65536"
    "memorysetup-temp-allocator-size-audio-worker=65536"
    "memorysetup-temp-allocator-size-cloud-worker=32768"
    "memorysetup-temp-allocator-size-gi-baking-worker=262144"
    "memorysetup-temp-allocator-size-gi-baking-worker=262144"
    "memorysetup-temp-allocator-size-gi-baking-worker=262144"
    "memorysetup-temp-allocator-size-gi-baking-worker=262144"
    "memorysetup-temp-allocator-size-gi-baking-worker=262144"
    "memorysetup-temp-allocator-size-gfx=262144"
Player connection [8750383680]  Target information:

Player connection [8750383680]  * "[IP] 10.147.20.144 [Port] 0 [Flags] 2 [Guid] 1193098492 [EditorId] 1193098492 [Version] 1048832 [Id] OSXEditor(0,Andreis-MacBook-Pro-3.local) [Debug] 1 [PackageName] OSXEditor [ProjectName] Editor" 

Player connection [8750383680]  * "[IP] 192.168.100.248 [Port] 0 [Flags] 2 [Guid] 1193098492 [EditorId] 1193098492 [Version] 1048832 [Id] OSXEditor(0,Andreis-MacBook-Pro-3.local) [Debug] 1 [PackageName] OSXEditor [ProjectName] Editor" 

Player connection [8750383680] Host joined multi-casting on [225.0.0.222:54997]...
Player connection [8750383680] Host joined alternative multi-casting on [225.0.0.222:34997]...
JobSystem: Creating JobQueue using job-worker-count value 7
Input System module state changed to: Initialized.
[Physics::Module] Initialized fallback backend.
[Physics::Module] Id: 0xdecafbad
Library Redirect Path: Library/
[Physics::Module] Selected backend.
[Physics::Module] Name: PhysX
[Physics::Module] Id: 0xf2b8ea05
[Physics::Module] SDK Version: 4.1.2
[Physics::Module] Integration Version: 1.0.0
[Physics::Module] Threading Mode: Multi-Threaded
Refreshing native plugins compatible for Editor in 0.93 ms, found 3 plugins.
Preloading 0 native plugins for Editor in 0.00 ms.
Initialize engine version: 6000.2.1f1 (55300504c302)
[Subsystems] Discovering subsystems at path /Applications/Unity/Hub/Editor/6000.2.1f1/Unity.app/Contents/Resources/UnitySubsystems
[Subsystems] Discovering subsystems at path /Users/andrei/Desktop/Personal/Unity/OneShot/Assets
GfxDevice: creating device client; kGfxThreadingModeNonThreaded
 preferred device: Apple M3 Max (high power)
Metal devices available: 1
0: Apple M3 Max (high power)
Using device Apple M3 Max (high power)
Initializing Metal device caps: Apple M3 Max
Mac GPU Family: 2
Apple GPU Family: 9
MSL Version: 3.0
Has Float MSAA: 1
Has Float Filtering: 1
ReadWrite Texture Tier: 2
Initialize mono
Mono path[0] = '/Applications/Unity/Hub/Editor/6000.2.1f1/Unity.app/Contents/Managed'
Mono path[1] = '/Applications/Unity/Hub/Editor/6000.2.1f1/Unity.app/Contents/MonoBleedingEdge/lib/mono/unityjit-macos'
Mono config path = '/Applications/Unity/Hub/Editor/6000.2.1f1/Unity.app/Contents/MonoBleedingEdge/etc'
Using monoOptions --debugger-agent=transport=dt_socket,embedding=1,server=y,suspend=n,address=127.0.0.1:56785
Begin MonoManager ReloadAssembly
Registering precompiled unity dll's ...
Register platform support module: /Applications/Unity/Hub/Editor/6000.2.1f1/Unity.app/Contents/PlaybackEngines/MacStandaloneSupport/UnityEditor.OSXStandalone.Extensions.dll
Registered in 0.000287 seconds.
- Loaded All Assemblies, in  0.198 seconds
Native extension for OSXStandalone target not found
Mono: successfully reloaded assembly
- Finished resetting the current domain, in  0.195 seconds
Domain Reload Profiling: 393ms
	BeginReloadAssembly (44ms)
		ExecutionOrderSort (0ms)
		DisableScriptedObjects (0ms)
		BackupInstance (0ms)
		ReleaseScriptingObjects (0ms)
		CreateAndSetChildDomain (0ms)
	RebuildCommonClasses (24ms)
	RebuildNativeTypeToScriptingClass (9ms)
	initialDomainReloadingComplete (25ms)
	LoadAllAssembliesAndSetupDomain (97ms)
		LoadAssemblies (43ms)
		RebuildTransferFunctionScriptingTraits (0ms)
		AnalyzeDomain (95ms)
			TypeCache.Refresh (94ms)
				TypeCache.ScanAssembly (87ms)
			BuildScriptInfoCaches (0ms)
			ResolveRequiredComponents (0ms)
	FinalizeReload (195ms)
		ReleaseScriptCaches (0ms)
		RebuildScriptCaches (0ms)
		SetupLoadedEditorAssemblies (170ms)
			LogAssemblyErrors (0ms)
			InitializePlatformSupportModulesInManaged (26ms)
			SetLoadedEditorAssemblies (3ms)
			BeforeProcessingInitializeOnLoad (41ms)
			ProcessInitializeOnLoadAttributes (70ms)
			ProcessInitializeOnLoadMethodAttributes (31ms)
			AfterProcessingInitializeOnLoad (0ms)
			EditorAssembliesLoaded (0ms)
		ExecutionOrderSort2 (0ms)
		AwakeInstancesAfterBackupRestoration (0ms)
========================================================================
Worker process is ready to serve import requests
Import Worker Mode flag is 0x00
Begin MonoManager ReloadAssembly
[Licensing::Client] Successfully resolved entitlement details
[Licensing::Module] License group:
  Id: SC-Z3YQ-WUSF-P4AN-EAMM-XXXX
  Product: Unity Pro
  Type: ULF
  Expiration: 2026-06-16T00:00:00Z
[Licensing::Module] License group:
  Id: 7972300754960-playvalve-UnityGamesPrXXXX
  Product: Unity Enterprise
  Type: Assigned
  Expiration: 2026-06-10T00:00:00Z
- Loaded All Assemblies, in  0.317 seconds
Refreshing native plugins compatible for Editor in 0.39 ms, found 3 plugins.
Native extension for OSXStandalone target not found
Package Manager log level set to [2]
[Package Manager] Failed to launch server process. Reason: Unity was launched with the -noUpm command-line argument
[Package Manager] Unable to send message (not connected to server process).
[Package Manager] Cannot connect to Unity Package Manager local server
Mono: successfully reloaded assembly
- Finished resetting the current domain, in  0.365 seconds
Domain Reload Profiling: 682ms
	BeginReloadAssembly (76ms)
		ExecutionOrderSort (0ms)
		DisableScriptedObjects (3ms)
		BackupInstance (0ms)
		ReleaseScriptingObjects (0ms)
		CreateAndSetChildDomain (21ms)
	RebuildCommonClasses (25ms)
	RebuildNativeTypeToScriptingClass (9ms)
	initialDomainReloadingComplete (20ms)
	LoadAllAssembliesAndSetupDomain (188ms)
		LoadAssemblies (118ms)
		RebuildTransferFunctionScriptingTraits (0ms)
		AnalyzeDomain (98ms)
			TypeCache.Refresh (80ms)
				TypeCache.ScanAssembly (71ms)
			BuildScriptInfoCaches (14ms)
			ResolveRequiredComponents (3ms)
	FinalizeReload (366ms)
		ReleaseScriptCaches (0ms)
		RebuildScriptCaches (0ms)
		SetupLoadedEditorAssemblies (307ms)
			LogAssemblyErrors (0ms)
			InitializePlatformSupportModulesInManaged (1ms)
			SetLoadedEditorAssemblies (2ms)
			BeforeProcessingInitializeOnLoad (70ms)
			ProcessInitializeOnLoadAttributes (207ms)
			ProcessInitializeOnLoadMethodAttributes (26ms)
			AfterProcessingInitializeOnLoad (1ms)
			EditorAssembliesLoaded (0ms)
		ExecutionOrderSort2 (0ms)
		AwakeInstancesAfterBackupRestoration (2ms)
Launching external process: /Applications/Unity/Hub/Editor/6000.2.1f1/Unity.app/Contents/Tools/UnityShaderCompiler
Launched and connected shader compiler UnityShaderCompiler after 0.03 seconds
Refreshing native plugins compatible for Editor in 0.43 ms, found 3 plugins.
Preloading 0 native plugins for Editor in 0.00 ms.
Unloading 0 Unused Serialized files (Serialized files now loaded: 0)
Unloading 3598 unused Assets / (0.8 MB). Loaded Objects now: 4103.
Memory consumption went from 81.4 MB to 80.6 MB.
Total: 4.468250 ms (FindLiveObjects: 0.254459 ms CreateObjectMapping: 0.076709 ms MarkObjects: 3.689958 ms  DeleteObjects: 0.446583 ms)

========================================================================
Received Import Request.
  Time since last request: 71193.887915 seconds.
  path: Assets/Plugins/IngameDebugConsole
  artifactKey: Guid(3c57523b63ddb094b835b6613da12763) Importer(815301076,1909f56bfc062723c751e8b465ee728b)
Start importing Assets/Plugins/IngameDebugConsole using Guid(3c57523b63ddb094b835b6613da12763) Importer(815301076,1909f56bfc062723c751e8b465ee728b) (PreviewImporter) -> (artifact id: 'e042f664ab6d9bd06cd3e782f23a99b2') in 0.001693625 seconds
Number of updated asset objects reloaded before import = 0Number of asset objects unloaded after import = 0

========================================================================
Received Import Request.
  Time since last request: 0.000040 seconds.
  path: Assets/Plugins
  artifactKey: Guid(bc365a44d1cb6cb4ea260e6df438b903) Importer(815301076,1909f56bfc062723c751e8b465ee728b)
Start importing Assets/Plugins using Guid(bc365a44d1cb6cb4ea260e6df438b903) Importer(815301076,1909f56bfc062723c751e8b465ee728b) (PreviewImporter) -> (artifact id: 'c33da1884c543b218610da4ea7869515') in 0.000156458 seconds
Number of updated asset objects reloaded before import = 0Number of asset objects unloaded after import = 0

========================================================================
Received Prepare
Refreshing native plugins compatible for Editor in 0.42 ms, found 3 plugins.
Preloading 0 native plugins for Editor in 0.00 ms.
Unloading 0 Unused Serialized files (Serialized files now loaded: 0)
Unloading 3564 unused Assets / (0.8 MB). Loaded Objects now: 4087.
Memory consumption went from 80.1 MB to 79.3 MB.
Total: 4.695833 ms (FindLiveObjects: 0.182875 ms CreateObjectMapping: 0.072250 ms MarkObjects: 3.974750 ms  DeleteObjects: 0.465083 ms)

Prepare: number of updated asset objects reloaded= 0
========================================================================
Received Prepare
Begin MonoManager ReloadAssembly
Thread 0x36a8bf000 may have been prematurely finalized
- Loaded All Assemblies, in  0.305 seconds
Script 'CharacterController' has the same name as built-in Unity component.
AddComponent and GetComponent will not work with this script.
OnLevelWasLoaded was found on UserPrefs
This message has been deprecated and will be removed in a later version of Unity.
Add a delegate to SceneManager.sceneLoaded instead to get notifications after scene loading has completed
Refreshing native plugins compatible for Editor in 0.35 ms, found 3 plugins.
OnLevelWasLoaded was found on UserPrefs
This message has been deprecated and will be removed in a later version of Unity.
Add a delegate to SceneManager.sceneLoaded instead to get notifications after scene loading has completed
Native extension for OSXStandalone target not found
[Package Manager] Failed to launch server process. Reason: Unity was launched with the -noUpm command-line argument
[Package Manager] Unable to send message (not connected to server process).
[Package Manager] Cannot connect to Unity Package Manager local server
Mono: successfully reloaded assembly
- Finished resetting the current domain, in  0.354 seconds
Domain Reload Profiling: 659ms
	BeginReloadAssembly (101ms)
		ExecutionOrderSort (0ms)
		DisableScriptedObjects (7ms)
		BackupInstance (0ms)
		ReleaseScriptingObjects (0ms)
		CreateAndSetChildDomain (33ms)
	RebuildCommonClasses (23ms)
	RebuildNativeTypeToScriptingClass (9ms)
	initialDomainReloadingComplete (11ms)
	LoadAllAssembliesAndSetupDomain (161ms)
		LoadAssemblies (121ms)
		RebuildTransferFunctionScriptingTraits (0ms)
		AnalyzeDomain (71ms)
			TypeCache.Refresh (5ms)
				TypeCache.ScanAssembly (0ms)
			BuildScriptInfoCaches (61ms)
			ResolveRequiredComponents (3ms)
	FinalizeReload (354ms)
		ReleaseScriptCaches (0ms)
		RebuildScriptCaches (0ms)
		SetupLoadedEditorAssemblies (293ms)
			LogAssemblyErrors (0ms)
			InitializePlatformSupportModulesInManaged (1ms)
			SetLoadedEditorAssemblies (2ms)
			BeforeProcessingInitializeOnLoad (69ms)
			ProcessInitializeOnLoadAttributes (194ms)
			ProcessInitializeOnLoadMethodAttributes (26ms)
			AfterProcessingInitializeOnLoad (1ms)
			EditorAssembliesLoaded (0ms)
		ExecutionOrderSort2 (0ms)
		AwakeInstancesAfterBackupRestoration (2ms)
Refreshing native plugins compatible for Editor in 0.39 ms, found 3 plugins.
Preloading 0 native plugins for Editor in 0.00 ms.
Unloading 0 Unused Serialized files (Serialized files now loaded: 0)
Unloading 3575 unused Assets / (0.7 MB). Loaded Objects now: 4090.
Memory consumption went from 89.8 MB to 89.1 MB.
Total: 4.369917 ms (FindLiveObjects: 0.175542 ms CreateObjectMapping: 0.085833 ms MarkObjects: 3.682292 ms  DeleteObjects: 0.426000 ms)

Prepare: number of updated asset objects reloaded= 0
========================================================================
Received Prepare
Begin MonoManager ReloadAssembly
[Licensing::Client] Successfully resolved entitlement details
[Licensing::Module] License group:
  Id: SC-Z3YQ-WUSF-P4AN-EAMM-XXXX
  Product: Unity Pro
  Type: ULF
  Expiration: 2026-06-16T00:00:00Z
[Licensing::Module] License group:
  Id: 7972300754960-playvalve-UnityGamesPrXXXX
  Product: Unity Enterprise
  Type: Assigned
  Expiration: 2026-06-10T00:00:00Z
Thread 0x16de73000 may have been prematurely finalized
- Loaded All Assemblies, in  0.310 seconds
Script 'CharacterController' has the same name as built-in Unity component.
AddComponent and GetComponent will not work with this script.
OnLevelWasLoaded was found on UserPrefs
This message has been deprecated and will be removed in a later version of Unity.
Add a delegate to SceneManager.sceneLoaded instead to get notifications after scene loading has completed
Refreshing native plugins compatible for Editor in 0.35 ms, found 3 plugins.
OnLevelWasLoaded was found on UserPrefs
This message has been deprecated and will be removed in a later version of Unity.
Add a delegate to SceneManager.sceneLoaded instead to get notifications after scene loading has completed
Native extension for OSXStandalone target not found
[Package Manager] Failed to launch server process. Reason: Unity was launched with the -noUpm command-line argument
[Package Manager] Unable to send message (not connected to server process).
[Package Manager] Cannot connect to Unity Package Manager local server
Mono: successfully reloaded assembly
- Finished resetting the current domain, in  0.319 seconds
Domain Reload Profiling: 630ms
	BeginReloadAssembly (103ms)
		ExecutionOrderSort (0ms)
		DisableScriptedObjects (7ms)
		BackupInstance (0ms)
		ReleaseScriptingObjects (0ms)
		CreateAndSetChildDomain (36ms)
	RebuildCommonClasses (26ms)
	RebuildNativeTypeToScriptingClass (10ms)
	initialDomainReloadingComplete (13ms)
	LoadAllAssembliesAndSetupDomain (160ms)
		LoadAssemblies (116ms)
		RebuildTransferFunctionScriptingTraits (0ms)
		AnalyzeDomain (72ms)
			TypeCache.Refresh (5ms)
				TypeCache.ScanAssembly (0ms)
			BuildScriptInfoCaches (63ms)
			ResolveRequiredComponents (3ms)
	FinalizeReload (320ms)
		ReleaseScriptCaches (0ms)
		RebuildScriptCaches (0ms)
		SetupLoadedEditorAssemblies (261ms)
			LogAssemblyErrors (0ms)
			InitializePlatformSupportModulesInManaged (1ms)
			SetLoadedEditorAssemblies (2ms)
			BeforeProcessingInitializeOnLoad (65ms)
			ProcessInitializeOnLoadAttributes (171ms)
			ProcessInitializeOnLoadMethodAttributes (22ms)
			AfterProcessingInitializeOnLoad (1ms)
			EditorAssembliesLoaded (0ms)
		ExecutionOrderSort2 (0ms)
		AwakeInstancesAfterBackupRestoration (2ms)
Refreshing native plugins compatible for Editor in 0.37 ms, found 3 plugins.
Preloading 0 native plugins for Editor in 0.00 ms.
Unloading 0 Unused Serialized files (Serialized files now loaded: 0)
Unloading 3575 unused Assets / (0.9 MB). Loaded Objects now: 4092.
Memory consumption went from 89.8 MB to 88.9 MB.
Total: 4.422000 ms (FindLiveObjects: 0.138417 ms CreateObjectMapping: 0.062041 ms MarkObjects: 3.748792 ms  DeleteObjects: 0.472167 ms)

Prepare: number of updated asset objects reloaded= 0
========================================================================
Received Import Request.
  Time since last request: 584.569296 seconds.
  path: Assets/Scenes/LocalPlay.unity
  artifactKey: Guid(9c8ef5f1408b4422297538962984a742) Importer(815301076,1909f56bfc062723c751e8b465ee728b)
Start importing Assets/Scenes/LocalPlay.unity using Guid(9c8ef5f1408b4422297538962984a742) Importer(815301076,1909f56bfc062723c751e8b465ee728b) (PreviewImporter) -> (artifact id: '465b97d018bf4bccd74bf93c07faafe8') in 0.000886625 seconds
Number of updated asset objects reloaded before import = 0Number of asset objects unloaded after import = 0

========================================================================
Received Prepare
Script 'CharacterController' has the same name as built-in Unity component.
AddComponent and GetComponent will not work with this script.
OnLevelWasLoaded was found on UserPrefs
This message has been deprecated and will be removed in a later version of Unity.
Add a delegate to SceneManager.sceneLoaded instead to get notifications after scene loading has completed
Refreshing native plugins compatible for Editor in 0.46 ms, found 3 plugins.
Preloading 0 native plugins for Editor in 0.00 ms.
Unloading 0 Unused Serialized files (Serialized files now loaded: 0)
Unloading 3565 unused Assets / (0.8 MB). Loaded Objects now: 4093.
Memory consumption went from 81.7 MB to 80.9 MB.
Total: 4.355250 ms (FindLiveObjects: 0.180333 ms CreateObjectMapping: 0.067583 ms MarkObjects: 3.699500 ms  DeleteObjects: 0.407333 ms)

Prepare: number of updated asset objects reloaded= 0
========================================================================
Received Prepare
Begin MonoManager ReloadAssembly
Thread 0x16de73000 may have been prematurely finalized
- Loaded All Assemblies, in  0.340 seconds
Script 'CharacterController' has the same name as built-in Unity component.
AddComponent and GetComponent will not work with this script.
OnLevelWasLoaded was found on UserPrefs
This message has been deprecated and will be removed in a later version of Unity.
Add a delegate to SceneManager.sceneLoaded instead to get notifications after scene loading has completed
Refreshing native plugins compatible for Editor in 0.36 ms, found 3 plugins.
OnLevelWasLoaded was found on UserPrefs
This message has been deprecated and will be removed in a later version of Unity.
Add a delegate to SceneManager.sceneLoaded instead to get notifications after scene loading has completed
Native extension for OSXStandalone target not found
[Package Manager] Failed to launch server process. Reason: Unity was launched with the -noUpm command-line argument
[Package Manager] Unable to send message (not connected to server process).
[Package Manager] Cannot connect to Unity Package Manager local server
Mono: successfully reloaded assembly
- Finished resetting the current domain, in  0.351 seconds
Domain Reload Profiling: 692ms
	BeginReloadAssembly (107ms)
		ExecutionOrderSort (0ms)
		DisableScriptedObjects (7ms)
		BackupInstance (0ms)
		ReleaseScriptingObjects (0ms)
		CreateAndSetChildDomain (38ms)
	RebuildCommonClasses (26ms)
	RebuildNativeTypeToScriptingClass (9ms)
	initialDomainReloadingComplete (13ms)
	LoadAllAssembliesAndSetupDomain (187ms)
		LoadAssemblies (141ms)
		RebuildTransferFunctionScriptingTraits (0ms)
		AnalyzeDomain (76ms)
			TypeCache.Refresh (5ms)
				TypeCache.ScanAssembly (0ms)
			BuildScriptInfoCaches (67ms)
			ResolveRequiredComponents (3ms)
	FinalizeReload (351ms)
		ReleaseScriptCaches (0ms)
		RebuildScriptCaches (0ms)
		SetupLoadedEditorAssemblies (286ms)
			LogAssemblyErrors (0ms)
			InitializePlatformSupportModulesInManaged (1ms)
			SetLoadedEditorAssemblies (2ms)
			BeforeProcessingInitializeOnLoad (70ms)
			ProcessInitializeOnLoadAttributes (188ms)
			ProcessInitializeOnLoadMethodAttributes (24ms)
			AfterProcessingInitializeOnLoad (1ms)
			EditorAssembliesLoaded (0ms)
		ExecutionOrderSort2 (0ms)
		AwakeInstancesAfterBackupRestoration (2ms)
Refreshing native plugins compatible for Editor in 0.38 ms, found 3 plugins.
Preloading 0 native plugins for Editor in 0.00 ms.
Unloading 0 Unused Serialized files (Serialized files now loaded: 0)
Unloading 3576 unused Assets / (0.8 MB). Loaded Objects now: 4095.
Memory consumption went from 89.8 MB to 89.0 MB.
Total: 4.000083 ms (FindLiveObjects: 0.159250 ms CreateObjectMapping: 0.065625 ms MarkObjects: 3.418458 ms  DeleteObjects: 0.356333 ms)

Prepare: number of updated asset objects reloaded= 0
========================================================================
Received Prepare
Begin MonoManager ReloadAssembly
[Licensing::Client] Successfully resolved entitlement details
[Licensing::Module] License group:
  Id: SC-Z3YQ-WUSF-P4AN-EAMM-XXXX
  Product: Unity Pro
  Type: ULF
  Expiration: 2026-06-16T00:00:00Z
[Licensing::Module] License group:
  Id: 7972300754960-playvalve-UnityGamesPrXXXX
  Product: Unity Enterprise
  Type: Assigned
  Expiration: 2026-06-10T00:00:00Z
Thread 0x16de73000 may have been prematurely finalized
- Loaded All Assemblies, in  0.310 seconds
Script 'CharacterController' has the same name as built-in Unity component.
AddComponent and GetComponent will not work with this script.
OnLevelWasLoaded was found on UserPrefs
This message has been deprecated and will be removed in a later version of Unity.
Add a delegate to SceneManager.sceneLoaded instead to get notifications after scene loading has completed
Refreshing native plugins compatible for Editor in 0.32 ms, found 3 plugins.
OnLevelWasLoaded was found on UserPrefs
This message has been deprecated and will be removed in a later version of Unity.
Add a delegate to SceneManager.sceneLoaded instead to get notifications after scene loading has completed
Native extension for OSXStandalone target not found
[Package Manager] Failed to launch server process. Reason: Unity was launched with the -noUpm command-line argument
[Package Manager] Unable to send message (not connected to server process).
[Package Manager] Cannot connect to Unity Package Manager local server
Mono: successfully reloaded assembly
- Finished resetting the current domain, in  0.351 seconds
Domain Reload Profiling: 662ms
	BeginReloadAssembly (107ms)
		ExecutionOrderSort (0ms)
		DisableScriptedObjects (7ms)
		BackupInstance (0ms)
		ReleaseScriptingObjects (0ms)
		CreateAndSetChildDomain (38ms)
	RebuildCommonClasses (24ms)
	RebuildNativeTypeToScriptingClass (9ms)
	initialDomainReloadingComplete (12ms)
	LoadAllAssembliesAndSetupDomain (159ms)
		LoadAssemblies (119ms)
		RebuildTransferFunctionScriptingTraits (0ms)
		AnalyzeDomain (70ms)
			TypeCache.Refresh (5ms)
				TypeCache.ScanAssembly (0ms)
			BuildScriptInfoCaches (61ms)
			ResolveRequiredComponents (3ms)
	FinalizeReload (352ms)
		ReleaseScriptCaches (0ms)
		RebuildScriptCaches (0ms)
		SetupLoadedEditorAssemblies (289ms)
			LogAssemblyErrors (0ms)
			InitializePlatformSupportModulesInManaged (1ms)
			SetLoadedEditorAssemblies (2ms)
			BeforeProcessingInitializeOnLoad (67ms)
			ProcessInitializeOnLoadAttributes (193ms)
			ProcessInitializeOnLoadMethodAttributes (25ms)
			AfterProcessingInitializeOnLoad (1ms)
			EditorAssembliesLoaded (0ms)
		ExecutionOrderSort2 (0ms)
		AwakeInstancesAfterBackupRestoration (2ms)
Refreshing native plugins compatible for Editor in 0.37 ms, found 3 plugins.
Preloading 0 native plugins for Editor in 0.00 ms.
Unloading 0 Unused Serialized files (Serialized files now loaded: 0)
Unloading 3576 unused Assets / (0.8 MB). Loaded Objects now: 4097.
Memory consumption went from 89.8 MB to 89.0 MB.
Total: 4.183541 ms (FindLiveObjects: 0.170583 ms CreateObjectMapping: 0.075958 ms MarkObjects: 3.541417 ms  DeleteObjects: 0.394750 ms)

Prepare: number of updated asset objects reloaded= 0
========================================================================
Received Prepare
Script 'CharacterController' has the same name as built-in Unity component.
AddComponent and GetComponent will not work with this script.
OnLevelWasLoaded was found on UserPrefs
This message has been deprecated and will be removed in a later version of Unity.
Add a delegate to SceneManager.sceneLoaded instead to get notifications after scene loading has completed
Refreshing native plugins compatible for Editor in 0.38 ms, found 3 plugins.
Preloading 0 native plugins for Editor in 0.00 ms.
Unloading 0 Unused Serialized files (Serialized files now loaded: 0)
Unloading 3566 unused Assets / (0.7 MB). Loaded Objects now: 4098.
Memory consumption went from 81.7 MB to 81.1 MB.
Total: 4.739500 ms (FindLiveObjects: 0.176291 ms CreateObjectMapping: 0.074209 ms MarkObjects: 4.023333 ms  DeleteObjects: 0.465167 ms)

Prepare: number of updated asset objects reloaded= 0
========================================================================
Received Prepare
Begin MonoManager ReloadAssembly
Thread 0x16de73000 may have been prematurely finalized
- Loaded All Assemblies, in  0.302 seconds
Script 'CharacterController' has the same name as built-in Unity component.
AddComponent and GetComponent will not work with this script.
OnLevelWasLoaded was found on UserPrefs
This message has been deprecated and will be removed in a later version of Unity.
Add a delegate to SceneManager.sceneLoaded instead to get notifications after scene loading has completed
Refreshing native plugins compatible for Editor in 0.32 ms, found 3 plugins.
OnLevelWasLoaded was found on UserPrefs
This message has been deprecated and will be removed in a later version of Unity.
Add a delegate to SceneManager.sceneLoaded instead to get notifications after scene loading has completed
Native extension for OSXStandalone target not found
[Package Manager] Failed to launch server process. Reason: Unity was launched with the -noUpm command-line argument
[Package Manager] Unable to send message (not connected to server process).
[Package Manager] Cannot connect to Unity Package Manager local server
Mono: successfully reloaded assembly
- Finished resetting the current domain, in  0.344 seconds
Domain Reload Profiling: 647ms
	BeginReloadAssembly (98ms)
		ExecutionOrderSort (0ms)
		DisableScriptedObjects (7ms)
		BackupInstance (0ms)
		ReleaseScriptingObjects (0ms)
		CreateAndSetChildDomain (34ms)
	RebuildCommonClasses (24ms)
	RebuildNativeTypeToScriptingClass (9ms)
	initialDomainReloadingComplete (12ms)
	LoadAllAssembliesAndSetupDomain (161ms)
		LoadAssemblies (116ms)
		RebuildTransferFunctionScriptingTraits (0ms)
		AnalyzeDomain (72ms)
			TypeCache.Refresh (5ms)
				TypeCache.ScanAssembly (0ms)
			BuildScriptInfoCaches (62ms)
			ResolveRequiredComponents (3ms)
	FinalizeReload (344ms)
		ReleaseScriptCaches (0ms)
		RebuildScriptCaches (0ms)
		SetupLoadedEditorAssemblies (283ms)
			LogAssemblyErrors (0ms)
			InitializePlatformSupportModulesInManaged (1ms)
			SetLoadedEditorAssemblies (2ms)
			BeforeProcessingInitializeOnLoad (73ms)
			ProcessInitializeOnLoadAttributes (181ms)
			ProcessInitializeOnLoadMethodAttributes (25ms)
			AfterProcessingInitializeOnLoad (1ms)
			EditorAssembliesLoaded (0ms)
		ExecutionOrderSort2 (0ms)
		AwakeInstancesAfterBackupRestoration (2ms)
Refreshing native plugins compatible for Editor in 0.32 ms, found 3 plugins.
Preloading 0 native plugins for Editor in 0.00 ms.
Unloading 0 Unused Serialized files (Serialized files now loaded: 0)
Unloading 3577 unused Assets / (0.8 MB). Loaded Objects now: 4100.
Memory consumption went from 89.8 MB to 89.0 MB.
Total: 3.846417 ms (FindLiveObjects: 0.146458 ms CreateObjectMapping: 0.072667 ms MarkObjects: 3.255125 ms  DeleteObjects: 0.371833 ms)

Prepare: number of updated asset objects reloaded= 0
========================================================================
Received Prepare
Begin MonoManager ReloadAssembly
[Licensing::Client] Successfully resolved entitlement details
[Licensing::Module] License group:
  Id: SC-Z3YQ-WUSF-P4AN-EAMM-XXXX
  Product: Unity Pro
  Type: ULF
  Expiration: 2026-06-16T00:00:00Z
[Licensing::Module] License group:
  Id: 7972300754960-playvalve-UnityGamesPrXXXX
  Product: Unity Enterprise
  Type: Assigned
  Expiration: 2026-06-10T00:00:00Z
Thread 0x16de73000 may have been prematurely finalized
- Loaded All Assemblies, in  0.311 seconds
Script 'CharacterController' has the same name as built-in Unity component.
AddComponent and GetComponent will not work with this script.
OnLevelWasLoaded was found on UserPrefs
This message has been deprecated and will be removed in a later version of Unity.
Add a delegate to SceneManager.sceneLoaded instead to get notifications after scene loading has completed
Refreshing native plugins compatible for Editor in 0.39 ms, found 3 plugins.
OnLevelWasLoaded was found on UserPrefs
This message has been deprecated and will be removed in a later version of Unity.
Add a delegate to SceneManager.sceneLoaded instead to get notifications after scene loading has completed
Native extension for OSXStandalone target not found
[Package Manager] Failed to launch server process. Reason: Unity was launched with the -noUpm command-line argument
[Package Manager] Unable to send message (not connected to server process).
[Package Manager] Cannot connect to Unity Package Manager local server
Mono: successfully reloaded assembly
- Finished resetting the current domain, in  0.360 seconds
Domain Reload Profiling: 672ms
	BeginReloadAssembly (104ms)
		ExecutionOrderSort (0ms)
		DisableScriptedObjects (7ms)
		BackupInstance (0ms)
		ReleaseScriptingObjects (0ms)
		CreateAndSetChildDomain (36ms)
	RebuildCommonClasses (25ms)
	RebuildNativeTypeToScriptingClass (9ms)
	initialDomainReloadingComplete (12ms)
	LoadAllAssembliesAndSetupDomain (163ms)
		LoadAssemblies (120ms)
		RebuildTransferFunctionScriptingTraits (0ms)
		AnalyzeDomain (71ms)
			TypeCache.Refresh (6ms)
				TypeCache.ScanAssembly (0ms)
			BuildScriptInfoCaches (62ms)
			ResolveRequiredComponents (3ms)
	FinalizeReload (360ms)
		ReleaseScriptCaches (0ms)
		RebuildScriptCaches (0ms)
		SetupLoadedEditorAssemblies (296ms)
			LogAssemblyErrors (0ms)
			InitializePlatformSupportModulesInManaged (1ms)
			SetLoadedEditorAssemblies (2ms)
			BeforeProcessingInitializeOnLoad (70ms)
			ProcessInitializeOnLoadAttributes (197ms)
			ProcessInitializeOnLoadMethodAttributes (25ms)
			AfterProcessingInitializeOnLoad (1ms)
			EditorAssembliesLoaded (0ms)
		ExecutionOrderSort2 (0ms)
		AwakeInstancesAfterBackupRestoration (2ms)
Refreshing native plugins compatible for Editor in 0.40 ms, found 3 plugins.
Preloading 0 native plugins for Editor in 0.00 ms.
Unloading 0 Unused Serialized files (Serialized files now loaded: 0)
Unloading 3577 unused Assets / (0.8 MB). Loaded Objects now: 4102.
Memory consumption went from 89.8 MB to 89.0 MB.
Total: 4.156209 ms (FindLiveObjects: 0.178625 ms CreateObjectMapping: 0.070750 ms MarkObjects: 3.545500 ms  DeleteObjects: 0.360834 ms)

Prepare: number of updated asset objects reloaded= 0
========================================================================
Received Import Request.
  Time since last request: 339.051289 seconds.
  path: Assets/ScriptableObjects/InputDeviceManager.asset
  artifactKey: Guid(08e97932ba9ba44099af847b195b1d30) Importer(815301076,1909f56bfc062723c751e8b465ee728b)
Start importing Assets/ScriptableObjects/InputDeviceManager.asset using Guid(08e97932ba9ba44099af847b195b1d30) Importer(815301076,1909f56bfc062723c751e8b465ee728b) (PreviewImporter) -> (artifact id: 'fffe32b757eb9a4ae06bf2f238ccbae1') in 0.009869 seconds
Number of updated asset objects reloaded before import = 0Number of asset objects unloaded after import = 1

========================================================================
Received Import Request.
  Time since last request: 4.127216 seconds.
  path: Assets/Scenes/LocalPlay.unity
  artifactKey: Guid(9c8ef5f1408b4422297538962984a742) Importer(815301076,1909f56bfc062723c751e8b465ee728b)
Start importing Assets/Scenes/LocalPlay.unity using Guid(9c8ef5f1408b4422297538962984a742) Importer(815301076,1909f56bfc062723c751e8b465ee728b) (PreviewImporter) -> (artifact id: '1f6d474aca5fdf0956e9e7213cc71b39') in 0.00036675 seconds
Number of updated asset objects reloaded before import = 0Number of asset objects unloaded after import = 0

========================================================================
Received Import Request.
  Time since last request: 27.108169 seconds.
  path: Assets/Prefabs/Lobby/Player.prefab
  artifactKey: Guid(54a55169fc6754867ae1669d702fedd9) Importer(815301076,1909f56bfc062723c751e8b465ee728b)
Start importing Assets/Prefabs/Lobby/Player.prefab using Guid(54a55169fc6754867ae1669d702fedd9) Importer(815301076,1909f56bfc062723c751e8b465ee728b) (PreviewImporter) -> (artifact id: '8c10c40bf87cac648c322bc527990fbc') in 0.02744025 seconds
Number of updated asset objects reloaded before import = 0Number of asset objects unloaded after import = 39

========================================================================
Received Prepare
Begin MonoManager ReloadAssembly
[Licensing::Client] Successfully resolved entitlement details
[Licensing::Module] License group:
  Id: SC-Z3YQ-WUSF-P4AN-EAMM-XXXX
  Product: Unity Pro
  Type: ULF
  Expiration: 2026-06-16T00:00:00Z
[Licensing::Module] License group:
  Id: 7972300754960-playvalve-UnityGamesPrXXXX
  Product: Unity Enterprise
  Type: Assigned
  Expiration: 2026-06-10T00:00:00Z
Thread 0x16de73000 may have been prematurely finalized
- Loaded All Assemblies, in  0.297 seconds
Script 'CharacterController' has the same name as built-in Unity component.
AddComponent and GetComponent will not work with this script.
OnLevelWasLoaded was found on UserPrefs
This message has been deprecated and will be removed in a later version of Unity.
Add a delegate to SceneManager.sceneLoaded instead to get notifications after scene loading has completed
Refreshing native plugins compatible for Editor in 0.32 ms, found 3 plugins.
OnLevelWasLoaded was found on UserPrefs
This message has been deprecated and will be removed in a later version of Unity.
Add a delegate to SceneManager.sceneLoaded instead to get notifications after scene loading has completed
Native extension for OSXStandalone target not found
[Package Manager] Failed to launch server process. Reason: Unity was launched with the -noUpm command-line argument
[Package Manager] Unable to send message (not connected to server process).
[Package Manager] Cannot connect to Unity Package Manager local server
Mono: successfully reloaded assembly
- Finished resetting the current domain, in  0.326 seconds
Domain Reload Profiling: 624ms
	BeginReloadAssembly (101ms)
		ExecutionOrderSort (0ms)
		DisableScriptedObjects (7ms)
		BackupInstance (0ms)
		ReleaseScriptingObjects (0ms)
		CreateAndSetChildDomain (35ms)
	RebuildCommonClasses (24ms)
	RebuildNativeTypeToScriptingClass (9ms)
	initialDomainReloadingComplete (12ms)
	LoadAllAssembliesAndSetupDomain (152ms)
		LoadAssemblies (112ms)
		RebuildTransferFunctionScriptingTraits (0ms)
		AnalyzeDomain (68ms)
			TypeCache.Refresh (4ms)
				TypeCache.ScanAssembly (0ms)
			BuildScriptInfoCaches (60ms)
			ResolveRequiredComponents (3ms)
	FinalizeReload (327ms)
		ReleaseScriptCaches (0ms)
		RebuildScriptCaches (0ms)
		SetupLoadedEditorAssemblies (265ms)
			LogAssemblyErrors (0ms)
			InitializePlatformSupportModulesInManaged (1ms)
			SetLoadedEditorAssemblies (2ms)
			BeforeProcessingInitializeOnLoad (62ms)
			ProcessInitializeOnLoadAttributes (177ms)
			ProcessInitializeOnLoadMethodAttributes (23ms)
			AfterProcessingInitializeOnLoad (1ms)
			EditorAssembliesLoaded (0ms)
		ExecutionOrderSort2 (0ms)
		AwakeInstancesAfterBackupRestoration (2ms)
Refreshing native plugins compatible for Editor in 0.35 ms, found 3 plugins.
Preloading 0 native plugins for Editor in 0.00 ms.
Unloading 0 Unused Serialized files (Serialized files now loaded: 0)
Unloading 3578 unused Assets / (0.8 MB). Loaded Objects now: 4105.
Memory consumption went from 90.0 MB to 89.2 MB.
Total: 4.137292 ms (FindLiveObjects: 0.165916 ms CreateObjectMapping: 0.079167 ms MarkObjects: 3.503167 ms  DeleteObjects: 0.388583 ms)

Prepare: number of updated asset objects reloaded= 0
========================================================================
Received Import Request.
  Time since last request: 27.237465 seconds.
  path: Assets/Scenes/LocalPlay.unity
  artifactKey: Guid(9c8ef5f1408b4422297538962984a742) Importer(815301076,1909f56bfc062723c751e8b465ee728b)
Start importing Assets/Scenes/LocalPlay.unity using Guid(9c8ef5f1408b4422297538962984a742) Importer(815301076,1909f56bfc062723c751e8b465ee728b) (PreviewImporter) -> (artifact id: 'b911b9e5737934e00b2cf4de788e24a5') in 0.00105175 seconds
Number of updated asset objects reloaded before import = 0Number of asset objects unloaded after import = 0

========================================================================
Received Prepare
Begin MonoManager ReloadAssembly
Thread 0x16de73000 may have been prematurely finalized
- Loaded All Assemblies, in  0.296 seconds
Script 'CharacterController' has the same name as built-in Unity component.
AddComponent and GetComponent will not work with this script.
OnLevelWasLoaded was found on UserPrefs
This message has been deprecated and will be removed in a later version of Unity.
Add a delegate to SceneManager.sceneLoaded instead to get notifications after scene loading has completed
Refreshing native plugins compatible for Editor in 0.32 ms, found 3 plugins.
OnLevelWasLoaded was found on UserPrefs
This message has been deprecated and will be removed in a later version of Unity.
Add a delegate to SceneManager.sceneLoaded instead to get notifications after scene loading has completed
Native extension for OSXStandalone target not found
[Package Manager] Failed to launch server process. Reason: Unity was launched with the -noUpm command-line argument
[Package Manager] Unable to send message (not connected to server process).
[Package Manager] Cannot connect to Unity Package Manager local server
Mono: successfully reloaded assembly
- Finished resetting the current domain, in  0.335 seconds
Domain Reload Profiling: 632ms
	BeginReloadAssembly (98ms)
		ExecutionOrderSort (0ms)
		DisableScriptedObjects (7ms)
		BackupInstance (0ms)
		ReleaseScriptingObjects (0ms)
		CreateAndSetChildDomain (34ms)
	RebuildCommonClasses (23ms)
	RebuildNativeTypeToScriptingClass (9ms)
	initialDomainReloadingComplete (12ms)
	LoadAllAssembliesAndSetupDomain (155ms)
		LoadAssemblies (114ms)
		RebuildTransferFunctionScriptingTraits (0ms)
		AnalyzeDomain (69ms)
			TypeCache.Refresh (4ms)
				TypeCache.ScanAssembly (0ms)
			BuildScriptInfoCaches (61ms)
			ResolveRequiredComponents (3ms)
	FinalizeReload (335ms)
		ReleaseScriptCaches (0ms)
		RebuildScriptCaches (0ms)
		SetupLoadedEditorAssemblies (272ms)
			LogAssemblyErrors (0ms)
			InitializePlatformSupportModulesInManaged (1ms)
			SetLoadedEditorAssemblies (2ms)
			BeforeProcessingInitializeOnLoad (64ms)
			ProcessInitializeOnLoadAttributes (181ms)
			ProcessInitializeOnLoadMethodAttributes (23ms)
			AfterProcessingInitializeOnLoad (1ms)
			EditorAssembliesLoaded (0ms)
		ExecutionOrderSort2 (0ms)
		AwakeInstancesAfterBackupRestoration (2ms)
Refreshing native plugins compatible for Editor in 0.35 ms, found 3 plugins.
Preloading 0 native plugins for Editor in 0.00 ms.
Unloading 0 Unused Serialized files (Serialized files now loaded: 0)
Unloading 3577 unused Assets / (0.8 MB). Loaded Objects now: 4107.
Memory consumption went from 89.9 MB to 89.1 MB.
Total: 4.062417 ms (FindLiveObjects: 0.167000 ms CreateObjectMapping: 0.069542 ms MarkObjects: 3.464542 ms  DeleteObjects: 0.360917 ms)

Prepare: number of updated asset objects reloaded= 0
========================================================================
Received Prepare
Begin MonoManager ReloadAssembly
[Licensing::Client] Successfully resolved entitlement details
[Licensing::Module] License group:
  Id: SC-Z3YQ-WUSF-P4AN-EAMM-XXXX
  Product: Unity Pro
  Type: ULF
  Expiration: 2026-06-16T00:00:00Z
[Licensing::Module] License group:
  Id: 7972300754960-playvalve-UnityGamesPrXXXX
  Product: Unity Enterprise
  Type: Assigned
  Expiration: 2026-06-10T00:00:00Z
Thread 0x16de73000 may have been prematurely finalized
- Loaded All Assemblies, in  0.313 seconds
Script 'CharacterController' has the same name as built-in Unity component.
AddComponent and GetComponent will not work with this script.
OnLevelWasLoaded was found on UserPrefs
This message has been deprecated and will be removed in a later version of Unity.
Add a delegate to SceneManager.sceneLoaded instead to get notifications after scene loading has completed
Refreshing native plugins compatible for Editor in 0.31 ms, found 3 plugins.
OnLevelWasLoaded was found on UserPrefs
This message has been deprecated and will be removed in a later version of Unity.
Add a delegate to SceneManager.sceneLoaded instead to get notifications after scene loading has completed
Native extension for OSXStandalone target not found
[Package Manager] Failed to launch server process. Reason: Unity was launched with the -noUpm command-line argument
[Package Manager] Unable to send message (not connected to server process).
[Package Manager] Cannot connect to Unity Package Manager local server
Mono: successfully reloaded assembly
- Finished resetting the current domain, in  0.355 seconds
Domain Reload Profiling: 670ms
	BeginReloadAssembly (107ms)
		ExecutionOrderSort (0ms)
		DisableScriptedObjects (7ms)
		BackupInstance (0ms)
		ReleaseScriptingObjects (0ms)
		CreateAndSetChildDomain (38ms)
	RebuildCommonClasses (25ms)
	RebuildNativeTypeToScriptingClass (9ms)
	initialDomainReloadingComplete (12ms)
	LoadAllAssembliesAndSetupDomain (162ms)
		LoadAssemblies (118ms)
		RebuildTransferFunctionScriptingTraits (0ms)
		AnalyzeDomain (74ms)
			TypeCache.Refresh (5ms)
				TypeCache.ScanAssembly (0ms)
			BuildScriptInfoCaches (64ms)
			ResolveRequiredComponents (3ms)
	FinalizeReload (356ms)
		ReleaseScriptCaches (0ms)
		RebuildScriptCaches (0ms)
		SetupLoadedEditorAssemblies (293ms)
			LogAssemblyErrors (0ms)
			InitializePlatformSupportModulesInManaged (1ms)
			SetLoadedEditorAssemblies (2ms)
			BeforeProcessingInitializeOnLoad (68ms)
			ProcessInitializeOnLoadAttributes (195ms)
			ProcessInitializeOnLoadMethodAttributes (26ms)
			AfterProcessingInitializeOnLoad (1ms)
			EditorAssembliesLoaded (0ms)
		ExecutionOrderSort2 (0ms)
		AwakeInstancesAfterBackupRestoration (2ms)
Refreshing native plugins compatible for Editor in 0.38 ms, found 3 plugins.
Preloading 0 native plugins for Editor in 0.00 ms.
Unloading 0 Unused Serialized files (Serialized files now loaded: 0)
Unloading 3577 unused Assets / (0.8 MB). Loaded Objects now: 4109.
Memory consumption went from 89.9 MB to 89.1 MB.
Total: 4.106292 ms (FindLiveObjects: 0.163000 ms CreateObjectMapping: 0.068625 ms MarkObjects: 3.493459 ms  DeleteObjects: 0.380625 ms)

Prepare: number of updated asset objects reloaded= 0
========================================================================
Received Prepare
Begin MonoManager ReloadAssembly
Thread 0x16de73000 may have been prematurely finalized
- Loaded All Assemblies, in  0.305 seconds
Script 'CharacterController' has the same name as built-in Unity component.
AddComponent and GetComponent will not work with this script.
OnLevelWasLoaded was found on UserPrefs
This message has been deprecated and will be removed in a later version of Unity.
Add a delegate to SceneManager.sceneLoaded instead to get notifications after scene loading has completed
Refreshing native plugins compatible for Editor in 0.31 ms, found 3 plugins.
OnLevelWasLoaded was found on UserPrefs
This message has been deprecated and will be removed in a later version of Unity.
Add a delegate to SceneManager.sceneLoaded instead to get notifications after scene loading has completed
Native extension for OSXStandalone target not found
[Package Manager] Failed to launch server process. Reason: Unity was launched with the -noUpm command-line argument
[Package Manager] Unable to send message (not connected to server process).
[Package Manager] Cannot connect to Unity Package Manager local server
Mono: successfully reloaded assembly
- Finished resetting the current domain, in  0.325 seconds
Domain Reload Profiling: 631ms
	BeginReloadAssembly (105ms)
		ExecutionOrderSort (0ms)
		DisableScriptedObjects (7ms)
		BackupInstance (0ms)
		ReleaseScriptingObjects (0ms)
		CreateAndSetChildDomain (39ms)
	RebuildCommonClasses (24ms)
	RebuildNativeTypeToScriptingClass (8ms)
	initialDomainReloadingComplete (12ms)
	LoadAllAssembliesAndSetupDomain (156ms)
		LoadAssemblies (115ms)
		RebuildTransferFunctionScriptingTraits (0ms)
		AnalyzeDomain (69ms)
			TypeCache.Refresh (4ms)
				TypeCache.ScanAssembly (0ms)
			BuildScriptInfoCaches (61ms)
			ResolveRequiredComponents (3ms)
	FinalizeReload (326ms)
		ReleaseScriptCaches (0ms)
		RebuildScriptCaches (0ms)
		SetupLoadedEditorAssemblies (264ms)
			LogAssemblyErrors (0ms)
			InitializePlatformSupportModulesInManaged (1ms)
			SetLoadedEditorAssemblies (2ms)
			BeforeProcessingInitializeOnLoad (61ms)
			ProcessInitializeOnLoadAttributes (175ms)
			ProcessInitializeOnLoadMethodAttributes (24ms)
			AfterProcessingInitializeOnLoad (1ms)
			EditorAssembliesLoaded (0ms)
		ExecutionOrderSort2 (0ms)
		AwakeInstancesAfterBackupRestoration (2ms)
Refreshing native plugins compatible for Editor in 0.37 ms, found 3 plugins.
Preloading 0 native plugins for Editor in 0.00 ms.
Unloading 0 Unused Serialized files (Serialized files now loaded: 0)
Unloading 3577 unused Assets / (0.7 MB). Loaded Objects now: 4111.
Memory consumption went from 89.9 MB to 89.1 MB.
Total: 3.923625 ms (FindLiveObjects: 0.156833 ms CreateObjectMapping: 0.067125 ms MarkObjects: 3.347000 ms  DeleteObjects: 0.352084 ms)

Prepare: number of updated asset objects reloaded= 0
========================================================================
Received Prepare
Begin MonoManager ReloadAssembly
[Licensing::Client] Successfully resolved entitlement details
[Licensing::Module] License group:
  Id: SC-Z3YQ-WUSF-P4AN-EAMM-XXXX
  Product: Unity Pro
  Type: ULF
  Expiration: 2026-06-16T00:00:00Z
[Licensing::Module] License group:
  Id: 7972300754960-playvalve-UnityGamesPrXXXX
  Product: Unity Enterprise
  Type: Assigned
  Expiration: 2026-06-10T00:00:00Z
Thread 0x16de73000 may have been prematurely finalized
- Loaded All Assemblies, in  0.327 seconds
Script 'CharacterController' has the same name as built-in Unity component.
AddComponent and GetComponent will not work with this script.
OnLevelWasLoaded was found on UserPrefs
This message has been deprecated and will be removed in a later version of Unity.
Add a delegate to SceneManager.sceneLoaded instead to get notifications after scene loading has completed
Refreshing native plugins compatible for Editor in 0.36 ms, found 3 plugins.
OnLevelWasLoaded was found on UserPrefs
This message has been deprecated and will be removed in a later version of Unity.
Add a delegate to SceneManager.sceneLoaded instead to get notifications after scene loading has completed
Native extension for OSXStandalone target not found
[Package Manager] Failed to launch server process. Reason: Unity was launched with the -noUpm command-line argument
[Package Manager] Unable to send message (not connected to server process).
[Package Manager] Cannot connect to Unity Package Manager local server
Mono: successfully reloaded assembly
- Finished resetting the current domain, in  0.378 seconds
Domain Reload Profiling: 706ms
	BeginReloadAssembly (107ms)
		ExecutionOrderSort (0ms)
		DisableScriptedObjects (7ms)
		BackupInstance (0ms)
		ReleaseScriptingObjects (0ms)
		CreateAndSetChildDomain (37ms)
	RebuildCommonClasses (25ms)
	RebuildNativeTypeToScriptingClass (9ms)
	initialDomainReloadingComplete (13ms)
	LoadAllAssembliesAndSetupDomain (174ms)
		LoadAssemblies (127ms)
		RebuildTransferFunctionScriptingTraits (0ms)
		AnalyzeDomain (77ms)
			TypeCache.Refresh (6ms)
				TypeCache.ScanAssembly (1ms)
			BuildScriptInfoCaches (67ms)
			ResolveRequiredComponents (3ms)
	FinalizeReload (378ms)
		ReleaseScriptCaches (0ms)
		RebuildScriptCaches (0ms)
		SetupLoadedEditorAssemblies (310ms)
			LogAssemblyErrors (0ms)
			InitializePlatformSupportModulesInManaged (1ms)
			SetLoadedEditorAssemblies (2ms)
			BeforeProcessingInitializeOnLoad (70ms)
			ProcessInitializeOnLoadAttributes (207ms)
			ProcessInitializeOnLoadMethodAttributes (29ms)
			AfterProcessingInitializeOnLoad (1ms)
			EditorAssembliesLoaded (0ms)
		ExecutionOrderSort2 (0ms)
		AwakeInstancesAfterBackupRestoration (2ms)
Refreshing native plugins compatible for Editor in 0.38 ms, found 3 plugins.
Preloading 0 native plugins for Editor in 0.00 ms.
Unloading 0 Unused Serialized files (Serialized files now loaded: 0)
Unloading 3577 unused Assets / (0.7 MB). Loaded Objects now: 4113.
Memory consumption went from 89.9 MB to 89.1 MB.
Total: 4.077583 ms (FindLiveObjects: 0.150542 ms CreateObjectMapping: 0.061500 ms MarkObjects: 3.489042 ms  DeleteObjects: 0.373333 ms)

Prepare: number of updated asset objects reloaded= 0
========================================================================
Received Prepare
Begin MonoManager ReloadAssembly
Thread 0x16df8b000 may have been prematurely finalized
- Loaded All Assemblies, in  0.294 seconds
Script 'CharacterController' has the same name as built-in Unity component.
AddComponent and GetComponent will not work with this script.
OnLevelWasLoaded was found on UserPrefs
This message has been deprecated and will be removed in a later version of Unity.
Add a delegate to SceneManager.sceneLoaded instead to get notifications after scene loading has completed
Refreshing native plugins compatible for Editor in 0.36 ms, found 3 plugins.
OnLevelWasLoaded was found on UserPrefs
This message has been deprecated and will be removed in a later version of Unity.
Add a delegate to SceneManager.sceneLoaded instead to get notifications after scene loading has completed
Native extension for OSXStandalone target not found
[Package Manager] Failed to launch server process. Reason: Unity was launched with the -noUpm command-line argument
[Package Manager] Unable to send message (not connected to server process).
[Package Manager] Cannot connect to Unity Package Manager local server
Mono: successfully reloaded assembly
- Finished resetting the current domain, in  0.331 seconds
Domain Reload Profiling: 626ms
	BeginReloadAssembly (97ms)
		ExecutionOrderSort (0ms)
		DisableScriptedObjects (7ms)
		BackupInstance (0ms)
		ReleaseScriptingObjects (0ms)
		CreateAndSetChildDomain (33ms)
	RebuildCommonClasses (23ms)
	RebuildNativeTypeToScriptingClass (9ms)
	initialDomainReloadingComplete (11ms)
	LoadAllAssembliesAndSetupDomain (154ms)
		LoadAssemblies (113ms)
		RebuildTransferFunctionScriptingTraits (0ms)
		AnalyzeDomain (68ms)
			TypeCache.Refresh (4ms)
				TypeCache.ScanAssembly (0ms)
			BuildScriptInfoCaches (60ms)
			ResolveRequiredComponents (3ms)
	FinalizeReload (331ms)
		ReleaseScriptCaches (0ms)
		RebuildScriptCaches (0ms)
		SetupLoadedEditorAssemblies (268ms)
			LogAssemblyErrors (0ms)
			InitializePlatformSupportModulesInManaged (1ms)
			SetLoadedEditorAssemblies (2ms)
			BeforeProcessingInitializeOnLoad (61ms)
			ProcessInitializeOnLoadAttributes (179ms)
			ProcessInitializeOnLoadMethodAttributes (24ms)
			AfterProcessingInitializeOnLoad (1ms)
			EditorAssembliesLoaded (0ms)
		ExecutionOrderSort2 (0ms)
		AwakeInstancesAfterBackupRestoration (2ms)
Refreshing native plugins compatible for Editor in 0.35 ms, found 3 plugins.
Preloading 0 native plugins for Editor in 0.00 ms.
Unloading 0 Unused Serialized files (Serialized files now loaded: 0)
Unloading 3577 unused Assets / (0.8 MB). Loaded Objects now: 4115.
Memory consumption went from 89.9 MB to 89.1 MB.
Total: 4.300875 ms (FindLiveObjects: 0.190459 ms CreateObjectMapping: 0.087166 ms MarkObjects: 3.557167 ms  DeleteObjects: 0.465667 ms)

Prepare: number of updated asset objects reloaded= 0
========================================================================
Received Prepare
Begin MonoManager ReloadAssembly
Thread 0x16df8b000 may have been prematurely finalized
- Loaded All Assemblies, in  0.310 seconds
Script 'CharacterController' has the same name as built-in Unity component.
AddComponent and GetComponent will not work with this script.
OnLevelWasLoaded was found on UserPrefs
This message has been deprecated and will be removed in a later version of Unity.
Add a delegate to SceneManager.sceneLoaded instead to get notifications after scene loading has completed
Refreshing native plugins compatible for Editor in 0.31 ms, found 3 plugins.
OnLevelWasLoaded was found on UserPrefs
This message has been deprecated and will be removed in a later version of Unity.
Add a delegate to SceneManager.sceneLoaded instead to get notifications after scene loading has completed
Native extension for OSXStandalone target not found
[Package Manager] Failed to launch server process. Reason: Unity was launched with the -noUpm command-line argument
[Package Manager] Unable to send message (not connected to server process).
[Package Manager] Cannot connect to Unity Package Manager local server
Mono: successfully reloaded assembly
- Finished resetting the current domain, in  0.348 seconds
Domain Reload Profiling: 659ms
	BeginReloadAssembly (100ms)
		ExecutionOrderSort (0ms)
		DisableScriptedObjects (7ms)
		BackupInstance (0ms)
		ReleaseScriptingObjects (0ms)
		CreateAndSetChildDomain (35ms)
	RebuildCommonClasses (25ms)
	RebuildNativeTypeToScriptingClass (9ms)
	initialDomainReloadingComplete (13ms)
	LoadAllAssembliesAndSetupDomain (163ms)
		LoadAssemblies (120ms)
		RebuildTransferFunctionScriptingTraits (0ms)
		AnalyzeDomain (72ms)
			TypeCache.Refresh (4ms)
				TypeCache.ScanAssembly (0ms)
			BuildScriptInfoCaches (63ms)
			ResolveRequiredComponents (3ms)
	FinalizeReload (348ms)
		ReleaseScriptCaches (0ms)
		RebuildScriptCaches (0ms)
		SetupLoadedEditorAssemblies (287ms)
			LogAssemblyErrors (0ms)
			InitializePlatformSupportModulesInManaged (1ms)
			SetLoadedEditorAssemblies (2ms)
			BeforeProcessingInitializeOnLoad (65ms)
			ProcessInitializeOnLoadAttributes (193ms)
			ProcessInitializeOnLoadMethodAttributes (26ms)
			AfterProcessingInitializeOnLoad (1ms)
			EditorAssembliesLoaded (0ms)
		ExecutionOrderSort2 (0ms)
		AwakeInstancesAfterBackupRestoration (2ms)
Refreshing native plugins compatible for Editor in 0.41 ms, found 3 plugins.
Preloading 0 native plugins for Editor in 0.00 ms.
Unloading 0 Unused Serialized files (Serialized files now loaded: 0)
Unloading 3577 unused Assets / (0.8 MB). Loaded Objects now: 4117.
Memory consumption went from 89.9 MB to 89.0 MB.
Total: 4.451500 ms (FindLiveObjects: 0.171500 ms CreateObjectMapping: 0.068792 ms MarkObjects: 3.813708 ms  DeleteObjects: 0.396958 ms)

Prepare: number of updated asset objects reloaded= 0
========================================================================
Received Prepare
Begin MonoManager ReloadAssembly
Thread 0x16df8b000 may have been prematurely finalized
- Loaded All Assemblies, in  0.328 seconds
Script 'CharacterController' has the same name as built-in Unity component.
AddComponent and GetComponent will not work with this script.
OnLevelWasLoaded was found on UserPrefs
This message has been deprecated and will be removed in a later version of Unity.
Add a delegate to SceneManager.sceneLoaded instead to get notifications after scene loading has completed
Refreshing native plugins compatible for Editor in 0.78 ms, found 3 plugins.
OnLevelWasLoaded was found on UserPrefs
This message has been deprecated and will be removed in a later version of Unity.
Add a delegate to SceneManager.sceneLoaded instead to get notifications after scene loading has completed
Native extension for OSXStandalone target not found
[Package Manager] Failed to launch server process. Reason: Unity was launched with the -noUpm command-line argument
[Package Manager] Unable to send message (not connected to server process).
[Package Manager] Cannot connect to Unity Package Manager local server
Mono: successfully reloaded assembly
- Finished resetting the current domain, in  0.345 seconds
Domain Reload Profiling: 675ms
	BeginReloadAssembly (105ms)
		ExecutionOrderSort (0ms)
		DisableScriptedObjects (7ms)
		BackupInstance (0ms)
		ReleaseScriptingObjects (0ms)
		CreateAndSetChildDomain (35ms)
	RebuildCommonClasses (26ms)
	RebuildNativeTypeToScriptingClass (10ms)
	initialDomainReloadingComplete (13ms)
	LoadAllAssembliesAndSetupDomain (176ms)
		LoadAssemblies (132ms)
		RebuildTransferFunctionScriptingTraits (0ms)
		AnalyzeDomain (75ms)
			TypeCache.Refresh (6ms)
				TypeCache.ScanAssembly (1ms)
			BuildScriptInfoCaches (65ms)
			ResolveRequiredComponents (3ms)
	FinalizeReload (345ms)
		ReleaseScriptCaches (0ms)
		RebuildScriptCaches (0ms)
		SetupLoadedEditorAssemblies (285ms)
			LogAssemblyErrors (0ms)
			InitializePlatformSupportModulesInManaged (1ms)
			SetLoadedEditorAssemblies (2ms)
			BeforeProcessingInitializeOnLoad (67ms)
			ProcessInitializeOnLoadAttributes (190ms)
			ProcessInitializeOnLoadMethodAttributes (24ms)
			AfterProcessingInitializeOnLoad (1ms)
			EditorAssembliesLoaded (0ms)
		ExecutionOrderSort2 (0ms)
		AwakeInstancesAfterBackupRestoration (2ms)
Refreshing native plugins compatible for Editor in 0.44 ms, found 3 plugins.
Preloading 0 native plugins for Editor in 0.00 ms.
Unloading 0 Unused Serialized files (Serialized files now loaded: 0)
Unloading 3577 unused Assets / (0.8 MB). Loaded Objects now: 4119.
Memory consumption went from 89.9 MB to 89.1 MB.
Total: 4.025709 ms (FindLiveObjects: 0.167541 ms CreateObjectMapping: 0.093209 ms MarkObjects: 3.356458 ms  DeleteObjects: 0.408000 ms)

Prepare: number of updated asset objects reloaded= 0
========================================================================
Received Prepare
Begin MonoManager ReloadAssembly
Thread 0x16df8b000 may have been prematurely finalized
- Loaded All Assemblies, in  0.299 seconds
Script 'CharacterController' has the same name as built-in Unity component.
AddComponent and GetComponent will not work with this script.
OnLevelWasLoaded was found on UserPrefs
This message has been deprecated and will be removed in a later version of Unity.
Add a delegate to SceneManager.sceneLoaded instead to get notifications after scene loading has completed
Refreshing native plugins compatible for Editor in 0.39 ms, found 3 plugins.
OnLevelWasLoaded was found on UserPrefs
This message has been deprecated and will be removed in a later version of Unity.
Add a delegate to SceneManager.sceneLoaded instead to get notifications after scene loading has completed
Native extension for OSXStandalone target not found
[Package Manager] Failed to launch server process. Reason: Unity was launched with the -noUpm command-line argument
[Package Manager] Unable to send message (not connected to server process).
[Package Manager] Cannot connect to Unity Package Manager local server
Mono: successfully reloaded assembly
- Finished resetting the current domain, in  0.336 seconds
Domain Reload Profiling: 635ms
	BeginReloadAssembly (100ms)
		ExecutionOrderSort (0ms)
		DisableScriptedObjects (7ms)
		BackupInstance (0ms)
		ReleaseScriptingObjects (0ms)
		CreateAndSetChildDomain (34ms)
	RebuildCommonClasses (24ms)
	RebuildNativeTypeToScriptingClass (9ms)
	initialDomainReloadingComplete (11ms)
	LoadAllAssembliesAndSetupDomain (155ms)
		LoadAssemblies (116ms)
		RebuildTransferFunctionScriptingTraits (0ms)
		AnalyzeDomain (68ms)
			TypeCache.Refresh (4ms)
				TypeCache.ScanAssembly (0ms)
			BuildScriptInfoCaches (61ms)
			ResolveRequiredComponents (3ms)
	FinalizeReload (336ms)
		ReleaseScriptCaches (0ms)
		RebuildScriptCaches (0ms)
		SetupLoadedEditorAssemblies (274ms)
			LogAssemblyErrors (0ms)
			InitializePlatformSupportModulesInManaged (1ms)
			SetLoadedEditorAssemblies (2ms)
			BeforeProcessingInitializeOnLoad (63ms)
			ProcessInitializeOnLoadAttributes (182ms)
			ProcessInitializeOnLoadMethodAttributes (24ms)
			AfterProcessingInitializeOnLoad (1ms)
			EditorAssembliesLoaded (0ms)
		ExecutionOrderSort2 (0ms)
		AwakeInstancesAfterBackupRestoration (2ms)
Refreshing native plugins compatible for Editor in 0.45 ms, found 3 plugins.
Preloading 0 native plugins for Editor in 0.00 ms.
Unloading 0 Unused Serialized files (Serialized files now loaded: 0)
Unloading 3577 unused Assets / (0.7 MB). Loaded Objects now: 4121.
Memory consumption went from 89.9 MB to 89.2 MB.
Total: 4.235500 ms (FindLiveObjects: 0.195583 ms CreateObjectMapping: 0.067417 ms MarkObjects: 3.561333 ms  DeleteObjects: 0.410709 ms)

Prepare: number of updated asset objects reloaded= 0
========================================================================
Received Prepare
Begin MonoManager ReloadAssembly
[Licensing::Client] Successfully resolved entitlement details
[Licensing::Module] License group:
  Id: SC-Z3YQ-WUSF-P4AN-EAMM-XXXX
  Product: Unity Pro
  Type: ULF
  Expiration: 2026-06-16T00:00:00Z
[Licensing::Module] License group:
  Id: 7972300754960-playvalve-UnityGamesPrXXXX
  Product: Unity Enterprise
  Type: Assigned
  Expiration: 2026-06-10T00:00:00Z
Thread 0x16df8b000 may have been prematurely finalized
- Loaded All Assemblies, in  0.314 seconds
Script 'CharacterController' has the same name as built-in Unity component.
AddComponent and GetComponent will not work with this script.
OnLevelWasLoaded was found on UserPrefs
This message has been deprecated and will be removed in a later version of Unity.
Add a delegate to SceneManager.sceneLoaded instead to get notifications after scene loading has completed
Refreshing native plugins compatible for Editor in 0.32 ms, found 3 plugins.
OnLevelWasLoaded was found on UserPrefs
This message has been deprecated and will be removed in a later version of Unity.
Add a delegate to SceneManager.sceneLoaded instead to get notifications after scene loading has completed
Native extension for OSXStandalone target not found
[Package Manager] Failed to launch server process. Reason: Unity was launched with the -noUpm command-line argument
[Package Manager] Unable to send message (not connected to server process).
[Package Manager] Cannot connect to Unity Package Manager local server
Mono: successfully reloaded assembly
- Finished resetting the current domain, in  0.359 seconds
Domain Reload Profiling: 674ms
	BeginReloadAssembly (107ms)
		ExecutionOrderSort (0ms)
		DisableScriptedObjects (7ms)
		BackupInstance (0ms)
		ReleaseScriptingObjects (0ms)
		CreateAndSetChildDomain (37ms)
	RebuildCommonClasses (26ms)
	RebuildNativeTypeToScriptingClass (9ms)
	initialDomainReloadingComplete (12ms)
	LoadAllAssembliesAndSetupDomain (161ms)
		LoadAssemblies (121ms)
		RebuildTransferFunctionScriptingTraits (0ms)
		AnalyzeDomain (71ms)
			TypeCache.Refresh (5ms)
				TypeCache.ScanAssembly (0ms)
			BuildScriptInfoCaches (62ms)
			ResolveRequiredComponents (3ms)
	FinalizeReload (360ms)
		ReleaseScriptCaches (0ms)
		RebuildScriptCaches (0ms)
		SetupLoadedEditorAssemblies (298ms)
			LogAssemblyErrors (0ms)
			InitializePlatformSupportModulesInManaged (1ms)
			SetLoadedEditorAssemblies (2ms)
			BeforeProcessingInitializeOnLoad (71ms)
			ProcessInitializeOnLoadAttributes (197ms)
			ProcessInitializeOnLoadMethodAttributes (25ms)
			AfterProcessingInitializeOnLoad (1ms)
			EditorAssembliesLoaded (0ms)
		ExecutionOrderSort2 (0ms)
		AwakeInstancesAfterBackupRestoration (2ms)
Refreshing native plugins compatible for Editor in 0.39 ms, found 3 plugins.
Preloading 0 native plugins for Editor in 0.00 ms.
Unloading 0 Unused Serialized files (Serialized files now loaded: 0)
Unloading 3577 unused Assets / (0.8 MB). Loaded Objects now: 4123.
Memory consumption went from 89.9 MB to 89.1 MB.
Total: 4.161958 ms (FindLiveObjects: 0.165250 ms CreateObjectMapping: 0.066250 ms MarkObjects: 3.564667 ms  DeleteObjects: 0.365458 ms)

Prepare: number of updated asset objects reloaded= 0
========================================================================
Received Prepare
Begin MonoManager ReloadAssembly
Thread 0x16df8b000 may have been prematurely finalized
- Loaded All Assemblies, in  0.303 seconds
Script 'CharacterController' has the same name as built-in Unity component.
AddComponent and GetComponent will not work with this script.
OnLevelWasLoaded was found on UserPrefs
This message has been deprecated and will be removed in a later version of Unity.
Add a delegate to SceneManager.sceneLoaded instead to get notifications after scene loading has completed
Refreshing native plugins compatible for Editor in 0.30 ms, found 3 plugins.
OnLevelWasLoaded was found on UserPrefs
This message has been deprecated and will be removed in a later version of Unity.
Add a delegate to SceneManager.sceneLoaded instead to get notifications after scene loading has completed
Native extension for OSXStandalone target not found
[Package Manager] Failed to launch server process. Reason: Unity was launched with the -noUpm command-line argument
[Package Manager] Unable to send message (not connected to server process).
[Package Manager] Cannot connect to Unity Package Manager local server
Mono: successfully reloaded assembly
- Finished resetting the current domain, in  0.333 seconds
Domain Reload Profiling: 637ms
	BeginReloadAssembly (99ms)
		ExecutionOrderSort (0ms)
		DisableScriptedObjects (7ms)
		BackupInstance (0ms)
		ReleaseScriptingObjects (0ms)
		CreateAndSetChildDomain (35ms)
	RebuildCommonClasses (24ms)
	RebuildNativeTypeToScriptingClass (9ms)
	initialDomainReloadingComplete (12ms)
	LoadAllAssembliesAndSetupDomain (160ms)
		LoadAssemblies (117ms)
		RebuildTransferFunctionScriptingTraits (0ms)
		AnalyzeDomain (71ms)
			TypeCache.Refresh (4ms)
				TypeCache.ScanAssembly (0ms)
			BuildScriptInfoCaches (63ms)
			ResolveRequiredComponents (3ms)
	FinalizeReload (333ms)
		ReleaseScriptCaches (0ms)
		RebuildScriptCaches (0ms)
		SetupLoadedEditorAssemblies (277ms)
			LogAssemblyErrors (0ms)
			InitializePlatformSupportModulesInManaged (1ms)
			SetLoadedEditorAssemblies (2ms)
			BeforeProcessingInitializeOnLoad (64ms)
			ProcessInitializeOnLoadAttributes (185ms)
			ProcessInitializeOnLoadMethodAttributes (23ms)
			AfterProcessingInitializeOnLoad (1ms)
			EditorAssembliesLoaded (0ms)
		ExecutionOrderSort2 (0ms)
		AwakeInstancesAfterBackupRestoration (2ms)
Refreshing native plugins compatible for Editor in 0.41 ms, found 3 plugins.
Preloading 0 native plugins for Editor in 0.00 ms.
Unloading 0 Unused Serialized files (Serialized files now loaded: 0)
Unloading 3577 unused Assets / (0.7 MB). Loaded Objects now: 4125.
Memory consumption went from 89.9 MB to 89.1 MB.
Total: 4.018500 ms (FindLiveObjects: 0.175292 ms CreateObjectMapping: 0.070375 ms MarkObjects: 3.393208 ms  DeleteObjects: 0.379291 ms)

Prepare: number of updated asset objects reloaded= 0
========================================================================
Received Prepare
Begin MonoManager ReloadAssembly
[Licensing::Client] Successfully resolved entitlement details
[Licensing::Module] License group:
  Id: SC-Z3YQ-WUSF-P4AN-EAMM-XXXX
  Product: Unity Pro
  Type: ULF
  Expiration: 2026-06-16T00:00:00Z
[Licensing::Module] License group:
  Id: 7972300754960-playvalve-UnityGamesPrXXXX
  Product: Unity Enterprise
  Type: Assigned
  Expiration: 2026-06-10T00:00:00Z
Thread 0x16df8b000 may have been prematurely finalized
- Loaded All Assemblies, in  0.331 seconds
Script 'CharacterController' has the same name as built-in Unity component.
AddComponent and GetComponent will not work with this script.
OnLevelWasLoaded was found on UserPrefs
This message has been deprecated and will be removed in a later version of Unity.
Add a delegate to SceneManager.sceneLoaded instead to get notifications after scene loading has completed
Refreshing native plugins compatible for Editor in 0.39 ms, found 3 plugins.
OnLevelWasLoaded was found on UserPrefs
This message has been deprecated and will be removed in a later version of Unity.
Add a delegate to SceneManager.sceneLoaded instead to get notifications after scene loading has completed
Native extension for OSXStandalone target not found
[Package Manager] Failed to launch server process. Reason: Unity was launched with the -noUpm command-line argument
[Package Manager] Unable to send message (not connected to server process).
[Package Manager] Cannot connect to Unity Package Manager local server
Mono: successfully reloaded assembly
- Finished resetting the current domain, in  0.384 seconds
Domain Reload Profiling: 717ms
	BeginReloadAssembly (107ms)
		ExecutionOrderSort (0ms)
		DisableScriptedObjects (7ms)
		BackupInstance (0ms)
		ReleaseScriptingObjects (0ms)
		CreateAndSetChildDomain (36ms)
	RebuildCommonClasses (25ms)
	RebuildNativeTypeToScriptingClass (9ms)
	initialDomainReloadingComplete (12ms)
	LoadAllAssembliesAndSetupDomain (179ms)
		LoadAssemblies (132ms)
		RebuildTransferFunctionScriptingTraits (0ms)
		AnalyzeDomain (78ms)
			TypeCache.Refresh (6ms)
				TypeCache.ScanAssembly (1ms)
			BuildScriptInfoCaches (68ms)
			ResolveRequiredComponents (3ms)
	FinalizeReload (384ms)
		ReleaseScriptCaches (0ms)
		RebuildScriptCaches (0ms)
		SetupLoadedEditorAssemblies (313ms)
			LogAssemblyErrors (0ms)
			InitializePlatformSupportModulesInManaged (1ms)
			SetLoadedEditorAssemblies (2ms)
			BeforeProcessingInitializeOnLoad (76ms)
			ProcessInitializeOnLoadAttributes (207ms)
			ProcessInitializeOnLoadMethodAttributes (26ms)
			AfterProcessingInitializeOnLoad (1ms)
			EditorAssembliesLoaded (0ms)
		ExecutionOrderSort2 (0ms)
		AwakeInstancesAfterBackupRestoration (2ms)
Refreshing native plugins compatible for Editor in 0.45 ms, found 3 plugins.
Preloading 0 native plugins for Editor in 0.00 ms.
Unloading 0 Unused Serialized files (Serialized files now loaded: 0)
Unloading 3577 unused Assets / (0.8 MB). Loaded Objects now: 4127.
Memory consumption went from 89.9 MB to 89.1 MB.
Total: 4.147541 ms (FindLiveObjects: 0.164500 ms CreateObjectMapping: 0.066209 ms MarkObjects: 3.551750 ms  DeleteObjects: 0.364625 ms)

Prepare: number of updated asset objects reloaded= 0
========================================================================
Received Prepare
Begin MonoManager ReloadAssembly
Thread 0x16df8b000 may have been prematurely finalized
- Loaded All Assemblies, in  0.308 seconds
Script 'CharacterController' has the same name as built-in Unity component.
AddComponent and GetComponent will not work with this script.
OnLevelWasLoaded was found on UserPrefs
This message has been deprecated and will be removed in a later version of Unity.
Add a delegate to SceneManager.sceneLoaded instead to get notifications after scene loading has completed
Refreshing native plugins compatible for Editor in 0.32 ms, found 3 plugins.
OnLevelWasLoaded was found on UserPrefs
This message has been deprecated and will be removed in a later version of Unity.
Add a delegate to SceneManager.sceneLoaded instead to get notifications after scene loading has completed
Native extension for OSXStandalone target not found
[Package Manager] Failed to launch server process. Reason: Unity was launched with the -noUpm command-line argument
[Package Manager] Unable to send message (not connected to server process).
[Package Manager] Cannot connect to Unity Package Manager local server
Mono: successfully reloaded assembly
- Finished resetting the current domain, in  0.334 seconds
Domain Reload Profiling: 644ms
	BeginReloadAssembly (102ms)
		ExecutionOrderSort (0ms)
		DisableScriptedObjects (7ms)
		BackupInstance (0ms)
		ReleaseScriptingObjects (0ms)
		CreateAndSetChildDomain (36ms)
	RebuildCommonClasses (24ms)
	RebuildNativeTypeToScriptingClass (9ms)
	initialDomainReloadingComplete (12ms)
	LoadAllAssembliesAndSetupDomain (163ms)
		LoadAssemblies (119ms)
		RebuildTransferFunctionScriptingTraits (0ms)
		AnalyzeDomain (71ms)
			TypeCache.Refresh (4ms)
				TypeCache.ScanAssembly (0ms)
			BuildScriptInfoCaches (63ms)
			ResolveRequiredComponents (3ms)
	FinalizeReload (335ms)
		ReleaseScriptCaches (0ms)
		RebuildScriptCaches (0ms)
		SetupLoadedEditorAssemblies (276ms)
			LogAssemblyErrors (0ms)
			InitializePlatformSupportModulesInManaged (1ms)
			SetLoadedEditorAssemblies (2ms)
			BeforeProcessingInitializeOnLoad (66ms)
			ProcessInitializeOnLoadAttributes (183ms)
			ProcessInitializeOnLoadMethodAttributes (24ms)
			AfterProcessingInitializeOnLoad (1ms)
			EditorAssembliesLoaded (0ms)
		ExecutionOrderSort2 (0ms)
		AwakeInstancesAfterBackupRestoration (2ms)
Refreshing native plugins compatible for Editor in 0.36 ms, found 3 plugins.
Preloading 0 native plugins for Editor in 0.00 ms.
Unloading 0 Unused Serialized files (Serialized files now loaded: 0)
Unloading 3577 unused Assets / (0.7 MB). Loaded Objects now: 4129.
Memory consumption went from 89.9 MB to 89.2 MB.
Total: 4.130208 ms (FindLiveObjects: 0.171500 ms CreateObjectMapping: 0.066416 ms MarkObjects: 3.520375 ms  DeleteObjects: 0.371125 ms)

Prepare: number of updated asset objects reloaded= 0
========================================================================
Received Prepare
Begin MonoManager ReloadAssembly
[Licensing::Client] Successfully resolved entitlement details
[Licensing::Module] License group:
  Id: SC-Z3YQ-WUSF-P4AN-EAMM-XXXX
  Product: Unity Pro
  Type: ULF
  Expiration: 2026-06-16T00:00:00Z
[Licensing::Module] License group:
  Id: 7972300754960-playvalve-UnityGamesPrXXXX
  Product: Unity Enterprise
  Type: Assigned
  Expiration: 2026-06-10T00:00:00Z
Thread 0x16df8b000 may have been prematurely finalized
- Loaded All Assemblies, in  0.325 seconds
Script 'CharacterController' has the same name as built-in Unity component.
AddComponent and GetComponent will not work with this script.
OnLevelWasLoaded was found on UserPrefs
This message has been deprecated and will be removed in a later version of Unity.
Add a delegate to SceneManager.sceneLoaded instead to get notifications after scene loading has completed
Refreshing native plugins compatible for Editor in 0.43 ms, found 3 plugins.
OnLevelWasLoaded was found on UserPrefs
This message has been deprecated and will be removed in a later version of Unity.
Add a delegate to SceneManager.sceneLoaded instead to get notifications after scene loading has completed
Native extension for OSXStandalone target not found
[Package Manager] Failed to launch server process. Reason: Unity was launched with the -noUpm command-line argument
[Package Manager] Unable to send message (not connected to server process).
[Package Manager] Cannot connect to Unity Package Manager local server
Mono: successfully reloaded assembly
- Finished resetting the current domain, in  0.385 seconds
Domain Reload Profiling: 711ms
	BeginReloadAssembly (105ms)
		ExecutionOrderSort (0ms)
		DisableScriptedObjects (7ms)
		BackupInstance (0ms)
		ReleaseScriptingObjects (0ms)
		CreateAndSetChildDomain (36ms)
	RebuildCommonClasses (26ms)
	RebuildNativeTypeToScriptingClass (9ms)
	initialDomainReloadingComplete (13ms)
	LoadAllAssembliesAndSetupDomain (174ms)
		LoadAssemblies (129ms)
		RebuildTransferFunctionScriptingTraits (0ms)
		AnalyzeDomain (75ms)
			TypeCache.Refresh (6ms)
				TypeCache.ScanAssembly (0ms)
			BuildScriptInfoCaches (66ms)
			ResolveRequiredComponents (3ms)
	FinalizeReload (385ms)
		ReleaseScriptCaches (0ms)
		RebuildScriptCaches (0ms)
		SetupLoadedEditorAssemblies (317ms)
			LogAssemblyErrors (0ms)
			InitializePlatformSupportModulesInManaged (1ms)
			SetLoadedEditorAssemblies (2ms)
			BeforeProcessingInitializeOnLoad (73ms)
			ProcessInitializeOnLoadAttributes (211ms)
			ProcessInitializeOnLoadMethodAttributes (28ms)
			AfterProcessingInitializeOnLoad (1ms)
			EditorAssembliesLoaded (0ms)
		ExecutionOrderSort2 (0ms)
		AwakeInstancesAfterBackupRestoration (2ms)
Refreshing native plugins compatible for Editor in 0.42 ms, found 3 plugins.
Preloading 0 native plugins for Editor in 0.00 ms.
Unloading 0 Unused Serialized files (Serialized files now loaded: 0)
Unloading 3577 unused Assets / (0.6 MB). Loaded Objects now: 4131.
Memory consumption went from 91.8 MB to 91.2 MB.
Total: 3.661209 ms (FindLiveObjects: 0.158209 ms CreateObjectMapping: 0.071625 ms MarkObjects: 3.081042 ms  DeleteObjects: 0.350167 ms)

Prepare: number of updated asset objects reloaded= 0
========================================================================
Received Prepare
Begin MonoManager ReloadAssembly
Thread 0x16df8b000 may have been prematurely finalized
- Loaded All Assemblies, in  0.331 seconds
Script 'CharacterController' has the same name as built-in Unity component.
AddComponent and GetComponent will not work with this script.
OnLevelWasLoaded was found on UserPrefs
This message has been deprecated and will be removed in a later version of Unity.
Add a delegate to SceneManager.sceneLoaded instead to get notifications after scene loading has completed
Refreshing native plugins compatible for Editor in 0.36 ms, found 3 plugins.
OnLevelWasLoaded was found on UserPrefs
This message has been deprecated and will be removed in a later version of Unity.
Add a delegate to SceneManager.sceneLoaded instead to get notifications after scene loading has completed
Native extension for OSXStandalone target not found
[Package Manager] Failed to launch server process. Reason: Unity was launched with the -noUpm command-line argument
[Package Manager] Unable to send message (not connected to server process).
[Package Manager] Cannot connect to Unity Package Manager local server
Mono: successfully reloaded assembly
- Finished resetting the current domain, in  0.370 seconds
Domain Reload Profiling: 702ms
	BeginReloadAssembly (106ms)
		ExecutionOrderSort (0ms)
		DisableScriptedObjects (7ms)
		BackupInstance (0ms)
		ReleaseScriptingObjects (0ms)
		CreateAndSetChildDomain (37ms)
	RebuildCommonClasses (25ms)
	RebuildNativeTypeToScriptingClass (9ms)
	initialDomainReloadingComplete (14ms)
	LoadAllAssembliesAndSetupDomain (179ms)
		LoadAssemblies (131ms)
		RebuildTransferFunctionScriptingTraits (0ms)
		AnalyzeDomain (79ms)
			TypeCache.Refresh (6ms)
				TypeCache.ScanAssembly (1ms)
			BuildScriptInfoCaches (68ms)
			ResolveRequiredComponents (3ms)
	FinalizeReload (370ms)
		ReleaseScriptCaches (0ms)
		RebuildScriptCaches (0ms)
		SetupLoadedEditorAssemblies (303ms)
			LogAssemblyErrors (0ms)
			InitializePlatformSupportModulesInManaged (1ms)
			SetLoadedEditorAssemblies (2ms)
			BeforeProcessingInitializeOnLoad (73ms)
			ProcessInitializeOnLoadAttributes (199ms)
			ProcessInitializeOnLoadMethodAttributes (27ms)
			AfterProcessingInitializeOnLoad (1ms)
			EditorAssembliesLoaded (0ms)
		ExecutionOrderSort2 (0ms)
		AwakeInstancesAfterBackupRestoration (2ms)
Refreshing native plugins compatible for Editor in 0.41 ms, found 3 plugins.
Preloading 0 native plugins for Editor in 0.00 ms.
Unloading 0 Unused Serialized files (Serialized files now loaded: 0)
Unloading 3577 unused Assets / (0.8 MB). Loaded Objects now: 4133.
Memory consumption went from 91.8 MB to 91.1 MB.
Total: 4.203292 ms (FindLiveObjects: 0.163000 ms CreateObjectMapping: 0.066250 ms MarkObjects: 3.610709 ms  DeleteObjects: 0.362833 ms)

Prepare: number of updated asset objects reloaded= 0
========================================================================
Received Prepare
Begin MonoManager ReloadAssembly
[Licensing::Client] Successfully resolved entitlement details
[Licensing::Module] License group:
  Id: SC-Z3YQ-WUSF-P4AN-EAMM-XXXX
  Product: Unity Pro
  Type: ULF
  Expiration: 2026-06-16T00:00:00Z
[Licensing::Module] License group:
  Id: 7972300754960-playvalve-UnityGamesPrXXXX
  Product: Unity Enterprise
  Type: Assigned
  Expiration: 2026-06-10T00:00:00Z
Thread 0x16df8b000 may have been prematurely finalized
- Loaded All Assemblies, in  0.326 seconds
Script 'CharacterController' has the same name as built-in Unity component.
AddComponent and GetComponent will not work with this script.
OnLevelWasLoaded was found on UserPrefs
This message has been deprecated and will be removed in a later version of Unity.
Add a delegate to SceneManager.sceneLoaded instead to get notifications after scene loading has completed
Refreshing native plugins compatible for Editor in 0.33 ms, found 3 plugins.
OnLevelWasLoaded was found on UserPrefs
This message has been deprecated and will be removed in a later version of Unity.
Add a delegate to SceneManager.sceneLoaded instead to get notifications after scene loading has completed
Native extension for OSXStandalone target not found
[Package Manager] Failed to launch server process. Reason: Unity was launched with the -noUpm command-line argument
[Package Manager] Unable to send message (not connected to server process).
[Package Manager] Cannot connect to Unity Package Manager local server
Mono: successfully reloaded assembly
- Finished resetting the current domain, in  0.351 seconds
Domain Reload Profiling: 678ms
	BeginReloadAssembly (105ms)
		ExecutionOrderSort (0ms)
		DisableScriptedObjects (7ms)
		BackupInstance (0ms)
		ReleaseScriptingObjects (0ms)
		CreateAndSetChildDomain (33ms)
	RebuildCommonClasses (26ms)
	RebuildNativeTypeToScriptingClass (10ms)
	initialDomainReloadingComplete (14ms)
	LoadAllAssembliesAndSetupDomain (173ms)
		LoadAssemblies (130ms)
		RebuildTransferFunctionScriptingTraits (0ms)
		AnalyzeDomain (76ms)
			TypeCache.Refresh (6ms)
				TypeCache.ScanAssembly (1ms)
			BuildScriptInfoCaches (66ms)
			ResolveRequiredComponents (3ms)
	FinalizeReload (351ms)
		ReleaseScriptCaches (0ms)
		RebuildScriptCaches (0ms)
		SetupLoadedEditorAssemblies (286ms)
			LogAssemblyErrors (0ms)
			InitializePlatformSupportModulesInManaged (1ms)
			SetLoadedEditorAssemblies (2ms)
			BeforeProcessingInitializeOnLoad (67ms)
			ProcessInitializeOnLoadAttributes (190ms)
			ProcessInitializeOnLoadMethodAttributes (25ms)
			AfterProcessingInitializeOnLoad (1ms)
			EditorAssembliesLoaded (0ms)
		ExecutionOrderSort2 (0ms)
		AwakeInstancesAfterBackupRestoration (2ms)
Refreshing native plugins compatible for Editor in 0.38 ms, found 3 plugins.
Preloading 0 native plugins for Editor in 0.00 ms.
Unloading 0 Unused Serialized files (Serialized files now loaded: 0)
Unloading 3577 unused Assets / (0.8 MB). Loaded Objects now: 4135.
Memory consumption went from 91.8 MB to 91.1 MB.
Total: 4.253750 ms (FindLiveObjects: 0.158292 ms CreateObjectMapping: 0.066750 ms MarkObjects: 3.515041 ms  DeleteObjects: 0.513375 ms)

Prepare: number of updated asset objects reloaded= 0
========================================================================
Received Prepare
Begin MonoManager ReloadAssembly
Thread 0x16df8b000 may have been prematurely finalized
- Loaded All Assemblies, in  0.303 seconds
Script 'CharacterController' has the same name as built-in Unity component.
AddComponent and GetComponent will not work with this script.
OnLevelWasLoaded was found on UserPrefs
This message has been deprecated and will be removed in a later version of Unity.
Add a delegate to SceneManager.sceneLoaded instead to get notifications after scene loading has completed
Refreshing native plugins compatible for Editor in 0.32 ms, found 3 plugins.
OnLevelWasLoaded was found on UserPrefs
This message has been deprecated and will be removed in a later version of Unity.
Add a delegate to SceneManager.sceneLoaded instead to get notifications after scene loading has completed
Native extension for OSXStandalone target not found
[Package Manager] Failed to launch server process. Reason: Unity was launched with the -noUpm command-line argument
[Package Manager] Unable to send message (not connected to server process).
[Package Manager] Cannot connect to Unity Package Manager local server
Mono: successfully reloaded assembly
- Finished resetting the current domain, in  0.332 seconds
Domain Reload Profiling: 637ms
	BeginReloadAssembly (100ms)
		ExecutionOrderSort (0ms)
		DisableScriptedObjects (7ms)
		BackupInstance (0ms)
		ReleaseScriptingObjects (0ms)
		CreateAndSetChildDomain (35ms)
	RebuildCommonClasses (24ms)
	RebuildNativeTypeToScriptingClass (9ms)
	initialDomainReloadingComplete (12ms)
	LoadAllAssembliesAndSetupDomain (159ms)
		LoadAssemblies (117ms)
		RebuildTransferFunctionScriptingTraits (0ms)
		AnalyzeDomain (70ms)
			TypeCache.Refresh (4ms)
				TypeCache.ScanAssembly (0ms)
			BuildScriptInfoCaches (63ms)
			ResolveRequiredComponents (3ms)
	FinalizeReload (333ms)
		ReleaseScriptCaches (0ms)
		RebuildScriptCaches (0ms)
		SetupLoadedEditorAssemblies (274ms)
			LogAssemblyErrors (0ms)
			InitializePlatformSupportModulesInManaged (1ms)
			SetLoadedEditorAssemblies (2ms)
			BeforeProcessingInitializeOnLoad (64ms)
			ProcessInitializeOnLoadAttributes (182ms)
			ProcessInitializeOnLoadMethodAttributes (24ms)
			AfterProcessingInitializeOnLoad (1ms)
			EditorAssembliesLoaded (0ms)
		ExecutionOrderSort2 (0ms)
		AwakeInstancesAfterBackupRestoration (2ms)
Refreshing native plugins compatible for Editor in 0.37 ms, found 3 plugins.
Preloading 0 native plugins for Editor in 0.00 ms.
Unloading 0 Unused Serialized files (Serialized files now loaded: 0)
Unloading 3577 unused Assets / (0.7 MB). Loaded Objects now: 4137.
Memory consumption went from 91.9 MB to 91.1 MB.
Total: 4.105541 ms (FindLiveObjects: 0.169542 ms CreateObjectMapping: 0.076458 ms MarkObjects: 3.469875 ms  DeleteObjects: 0.389167 ms)

Prepare: number of updated asset objects reloaded= 0
========================================================================
Received Prepare
Begin MonoManager ReloadAssembly
Thread 0x16df8b000 may have been prematurely finalized
- Loaded All Assemblies, in  0.328 seconds
Script 'CharacterController' has the same name as built-in Unity component.
AddComponent and GetComponent will not work with this script.
OnLevelWasLoaded was found on UserPrefs
This message has been deprecated and will be removed in a later version of Unity.
Add a delegate to SceneManager.sceneLoaded instead to get notifications after scene loading has completed
Refreshing native plugins compatible for Editor in 0.33 ms, found 3 plugins.
OnLevelWasLoaded was found on UserPrefs
This message has been deprecated and will be removed in a later version of Unity.
Add a delegate to SceneManager.sceneLoaded instead to get notifications after scene loading has completed
Native extension for OSXStandalone target not found
[Package Manager] Failed to launch server process. Reason: Unity was launched with the -noUpm command-line argument
[Package Manager] Unable to send message (not connected to server process).
[Package Manager] Cannot connect to Unity Package Manager local server
Mono: successfully reloaded assembly
- Finished resetting the current domain, in  0.360 seconds
Domain Reload Profiling: 689ms
	BeginReloadAssembly (106ms)
		ExecutionOrderSort (0ms)
		DisableScriptedObjects (7ms)
		BackupInstance (0ms)
		ReleaseScriptingObjects (0ms)
		CreateAndSetChildDomain (37ms)
	RebuildCommonClasses (25ms)
	RebuildNativeTypeToScriptingClass (9ms)
	initialDomainReloadingComplete (13ms)
	LoadAllAssembliesAndSetupDomain (174ms)
		LoadAssemblies (130ms)
		RebuildTransferFunctionScriptingTraits (0ms)
		AnalyzeDomain (76ms)
			TypeCache.Refresh (6ms)
				TypeCache.ScanAssembly (0ms)
			BuildScriptInfoCaches (66ms)
			ResolveRequiredComponents (3ms)
	FinalizeReload (361ms)
		ReleaseScriptCaches (0ms)
		RebuildScriptCaches (0ms)
		SetupLoadedEditorAssemblies (297ms)
			LogAssemblyErrors (0ms)
			InitializePlatformSupportModulesInManaged (1ms)
			SetLoadedEditorAssemblies (2ms)
			BeforeProcessingInitializeOnLoad (70ms)
			ProcessInitializeOnLoadAttributes (197ms)
			ProcessInitializeOnLoadMethodAttributes (26ms)
			AfterProcessingInitializeOnLoad (1ms)
			EditorAssembliesLoaded (0ms)
		ExecutionOrderSort2 (0ms)
		AwakeInstancesAfterBackupRestoration (2ms)
Refreshing native plugins compatible for Editor in 0.43 ms, found 3 plugins.
Preloading 0 native plugins for Editor in 0.00 ms.
Unloading 0 Unused Serialized files (Serialized files now loaded: 0)
Unloading 3577 unused Assets / (0.8 MB). Loaded Objects now: 4139.
Memory consumption went from 91.9 MB to 91.1 MB.
Total: 4.142708 ms (FindLiveObjects: 0.165875 ms CreateObjectMapping: 0.069417 ms MarkObjects: 3.524916 ms  DeleteObjects: 0.382042 ms)

Prepare: number of updated asset objects reloaded= 0
========================================================================
Received Prepare
Begin MonoManager ReloadAssembly
Thread 0x16df8b000 may have been prematurely finalized
- Loaded All Assemblies, in  0.311 seconds
Script 'CharacterController' has the same name as built-in Unity component.
AddComponent and GetComponent will not work with this script.
OnLevelWasLoaded was found on UserPrefs
This message has been deprecated and will be removed in a later version of Unity.
Add a delegate to SceneManager.sceneLoaded instead to get notifications after scene loading has completed
Refreshing native plugins compatible for Editor in 0.34 ms, found 3 plugins.
OnLevelWasLoaded was found on UserPrefs
This message has been deprecated and will be removed in a later version of Unity.
Add a delegate to SceneManager.sceneLoaded instead to get notifications after scene loading has completed
Native extension for OSXStandalone target not found
[Package Manager] Failed to launch server process. Reason: Unity was launched with the -noUpm command-line argument
[Package Manager] Unable to send message (not connected to server process).
[Package Manager] Cannot connect to Unity Package Manager local server
Mono: successfully reloaded assembly
- Finished resetting the current domain, in  0.343 seconds
Domain Reload Profiling: 655ms
	BeginReloadAssembly (101ms)
		ExecutionOrderSort (0ms)
		DisableScriptedObjects (7ms)
		BackupInstance (0ms)
		ReleaseScriptingObjects (0ms)
		CreateAndSetChildDomain (35ms)
	RebuildCommonClasses (25ms)
	RebuildNativeTypeToScriptingClass (9ms)
	initialDomainReloadingComplete (12ms)
	LoadAllAssembliesAndSetupDomain (165ms)
		LoadAssemblies (120ms)
		RebuildTransferFunctionScriptingTraits (0ms)
		AnalyzeDomain (74ms)
			TypeCache.Refresh (4ms)
				TypeCache.ScanAssembly (0ms)
			BuildScriptInfoCaches (66ms)
			ResolveRequiredComponents (3ms)
	FinalizeReload (343ms)
		ReleaseScriptCaches (0ms)
		RebuildScriptCaches (0ms)
		SetupLoadedEditorAssemblies (282ms)
			LogAssemblyErrors (0ms)
			InitializePlatformSupportModulesInManaged (1ms)
			SetLoadedEditorAssemblies (2ms)
			BeforeProcessingInitializeOnLoad (64ms)
			ProcessInitializeOnLoadAttributes (190ms)
			ProcessInitializeOnLoadMethodAttributes (24ms)
			AfterProcessingInitializeOnLoad (1ms)
			EditorAssembliesLoaded (0ms)
		ExecutionOrderSort2 (0ms)
		AwakeInstancesAfterBackupRestoration (2ms)
Refreshing native plugins compatible for Editor in 0.38 ms, found 3 plugins.
Preloading 0 native plugins for Editor in 0.00 ms.
Unloading 0 Unused Serialized files (Serialized files now loaded: 0)
Unloading 3577 unused Assets / (0.8 MB). Loaded Objects now: 4141.
Memory consumption went from 91.9 MB to 91.1 MB.
Total: 3.965375 ms (FindLiveObjects: 0.172709 ms CreateObjectMapping: 0.086334 ms MarkObjects: 3.341666 ms  DeleteObjects: 0.364125 ms)

Prepare: number of updated asset objects reloaded= 0
========================================================================
Received Prepare
Begin MonoManager ReloadAssembly
[Licensing::Client] Successfully resolved entitlement details
[Licensing::Module] License group:
  Id: SC-Z3YQ-WUSF-P4AN-EAMM-XXXX
  Product: Unity Pro
  Type: ULF
  Expiration: 2026-06-16T00:00:00Z
[Licensing::Module] License group:
  Id: 7972300754960-playvalve-UnityGamesPrXXXX
  Product: Unity Enterprise
  Type: Assigned
  Expiration: 2026-06-10T00:00:00Z
Thread 0x16df8b000 may have been prematurely finalized
- Loaded All Assemblies, in  0.328 seconds
Script 'CharacterController' has the same name as built-in Unity component.
AddComponent and GetComponent will not work with this script.
OnLevelWasLoaded was found on UserPrefs
This message has been deprecated and will be removed in a later version of Unity.
Add a delegate to SceneManager.sceneLoaded instead to get notifications after scene loading has completed
Refreshing native plugins compatible for Editor in 0.38 ms, found 3 plugins.
OnLevelWasLoaded was found on UserPrefs
This message has been deprecated and will be removed in a later version of Unity.
Add a delegate to SceneManager.sceneLoaded instead to get notifications after scene loading has completed
Native extension for OSXStandalone target not found
[Package Manager] Failed to launch server process. Reason: Unity was launched with the -noUpm command-line argument
[Package Manager] Unable to send message (not connected to server process).
[Package Manager] Cannot connect to Unity Package Manager local server
Mono: successfully reloaded assembly
- Finished resetting the current domain, in  0.356 seconds
Domain Reload Profiling: 685ms
	BeginReloadAssembly (108ms)
		ExecutionOrderSort (0ms)
		DisableScriptedObjects (7ms)
		BackupInstance (0ms)
		ReleaseScriptingObjects (0ms)
		CreateAndSetChildDomain (39ms)
	RebuildCommonClasses (25ms)
	RebuildNativeTypeToScriptingClass (9ms)
	initialDomainReloadingComplete (13ms)
	LoadAllAssembliesAndSetupDomain (173ms)
		LoadAssemblies (126ms)
		RebuildTransferFunctionScriptingTraits (0ms)
		AnalyzeDomain (77ms)
			TypeCache.Refresh (6ms)
				TypeCache.ScanAssembly (1ms)
			BuildScriptInfoCaches (67ms)
			ResolveRequiredComponents (3ms)
	FinalizeReload (356ms)
		ReleaseScriptCaches (0ms)
		RebuildScriptCaches (0ms)
		SetupLoadedEditorAssemblies (291ms)
			LogAssemblyErrors (0ms)
			InitializePlatformSupportModulesInManaged (1ms)
			SetLoadedEditorAssemblies (2ms)
			BeforeProcessingInitializeOnLoad (68ms)
			ProcessInitializeOnLoadAttributes (193ms)
			ProcessInitializeOnLoadMethodAttributes (25ms)
			AfterProcessingInitializeOnLoad (1ms)
			EditorAssembliesLoaded (0ms)
		ExecutionOrderSort2 (0ms)
		AwakeInstancesAfterBackupRestoration (2ms)
Refreshing native plugins compatible for Editor in 0.33 ms, found 3 plugins.
Preloading 0 native plugins for Editor in 0.00 ms.
Unloading 0 Unused Serialized files (Serialized files now loaded: 0)
Unloading 3577 unused Assets / (0.7 MB). Loaded Objects now: 4143.
Memory consumption went from 91.9 MB to 91.1 MB.
Total: 4.295791 ms (FindLiveObjects: 0.200709 ms CreateObjectMapping: 0.089458 ms MarkObjects: 3.543125 ms  DeleteObjects: 0.462042 ms)

Prepare: number of updated asset objects reloaded= 0
========================================================================
Received Prepare
Begin MonoManager ReloadAssembly
Thread 0x16df8b000 may have been prematurely finalized
- Loaded All Assemblies, in  0.331 seconds
Script 'CharacterController' has the same name as built-in Unity component.
AddComponent and GetComponent will not work with this script.
OnLevelWasLoaded was found on UserPrefs
This message has been deprecated and will be removed in a later version of Unity.
Add a delegate to SceneManager.sceneLoaded instead to get notifications after scene loading has completed
Refreshing native plugins compatible for Editor in 0.42 ms, found 3 plugins.
OnLevelWasLoaded was found on UserPrefs
This message has been deprecated and will be removed in a later version of Unity.
Add a delegate to SceneManager.sceneLoaded instead to get notifications after scene loading has completed
Native extension for OSXStandalone target not found
[Package Manager] Failed to launch server process. Reason: Unity was launched with the -noUpm command-line argument
[Package Manager] Unable to send message (not connected to server process).
[Package Manager] Cannot connect to Unity Package Manager local server
Mono: successfully reloaded assembly
- Finished resetting the current domain, in  0.385 seconds
Domain Reload Profiling: 718ms
	BeginReloadAssembly (109ms)
		ExecutionOrderSort (0ms)
		DisableScriptedObjects (7ms)
		BackupInstance (0ms)
		ReleaseScriptingObjects (0ms)
		CreateAndSetChildDomain (40ms)
	RebuildCommonClasses (25ms)
	RebuildNativeTypeToScriptingClass (9ms)
	initialDomainReloadingComplete (13ms)
	LoadAllAssembliesAndSetupDomain (176ms)
		LoadAssemblies (129ms)
		RebuildTransferFunctionScriptingTraits (0ms)
		AnalyzeDomain (79ms)
			TypeCache.Refresh (5ms)
				TypeCache.ScanAssembly (0ms)
			BuildScriptInfoCaches (68ms)
			ResolveRequiredComponents (3ms)
	FinalizeReload (386ms)
		ReleaseScriptCaches (0ms)
		RebuildScriptCaches (0ms)
		SetupLoadedEditorAssemblies (316ms)
			LogAssemblyErrors (0ms)
			InitializePlatformSupportModulesInManaged (1ms)
			SetLoadedEditorAssemblies (2ms)
			BeforeProcessingInitializeOnLoad (74ms)
			ProcessInitializeOnLoadAttributes (212ms)
			ProcessInitializeOnLoadMethodAttributes (26ms)
			AfterProcessingInitializeOnLoad (1ms)
			EditorAssembliesLoaded (0ms)
		ExecutionOrderSort2 (0ms)
		AwakeInstancesAfterBackupRestoration (2ms)
Refreshing native plugins compatible for Editor in 0.35 ms, found 3 plugins.
Preloading 0 native plugins for Editor in 0.00 ms.
Unloading 0 Unused Serialized files (Serialized files now loaded: 0)
Unloading 3577 unused Assets / (0.7 MB). Loaded Objects now: 4145.
Memory consumption went from 91.9 MB to 91.2 MB.
Total: 4.307000 ms (FindLiveObjects: 0.178750 ms CreateObjectMapping: 0.071666 ms MarkObjects: 3.664042 ms  DeleteObjects: 0.391917 ms)

Prepare: number of updated asset objects reloaded= 0
========================================================================
Received Prepare
Begin MonoManager ReloadAssembly
Thread 0x16df8b000 may have been prematurely finalized
- Loaded All Assemblies, in  0.306 seconds
Script 'CharacterController' has the same name as built-in Unity component.
AddComponent and GetComponent will not work with this script.
OnLevelWasLoaded was found on UserPrefs
This message has been deprecated and will be removed in a later version of Unity.
Add a delegate to SceneManager.sceneLoaded instead to get notifications after scene loading has completed
Refreshing native plugins compatible for Editor in 0.33 ms, found 3 plugins.
OnLevelWasLoaded was found on UserPrefs
This message has been deprecated and will be removed in a later version of Unity.
Add a delegate to SceneManager.sceneLoaded instead to get notifications after scene loading has completed
Native extension for OSXStandalone target not found
[Package Manager] Failed to launch server process. Reason: Unity was launched with the -noUpm command-line argument
[Package Manager] Unable to send message (not connected to server process).
[Package Manager] Cannot connect to Unity Package Manager local server
Mono: successfully reloaded assembly
- Finished resetting the current domain, in  0.333 seconds
Domain Reload Profiling: 641ms
	BeginReloadAssembly (100ms)
		ExecutionOrderSort (0ms)
		DisableScriptedObjects (7ms)
		BackupInstance (0ms)
		ReleaseScriptingObjects (0ms)
		CreateAndSetChildDomain (35ms)
	RebuildCommonClasses (24ms)
	RebuildNativeTypeToScriptingClass (9ms)
	initialDomainReloadingComplete (12ms)
	LoadAllAssembliesAndSetupDomain (163ms)
		LoadAssemblies (116ms)
		RebuildTransferFunctionScriptingTraits (0ms)
		AnalyzeDomain (74ms)
			TypeCache.Refresh (4ms)
				TypeCache.ScanAssembly (0ms)
			BuildScriptInfoCaches (65ms)
			ResolveRequiredComponents (3ms)
	FinalizeReload (334ms)
		ReleaseScriptCaches (0ms)
		RebuildScriptCaches (0ms)
		SetupLoadedEditorAssemblies (275ms)
			LogAssemblyErrors (0ms)
			InitializePlatformSupportModulesInManaged (1ms)
			SetLoadedEditorAssemblies (2ms)
			BeforeProcessingInitializeOnLoad (64ms)
			ProcessInitializeOnLoadAttributes (184ms)
			ProcessInitializeOnLoadMethodAttributes (24ms)
			AfterProcessingInitializeOnLoad (1ms)
			EditorAssembliesLoaded (0ms)
		ExecutionOrderSort2 (0ms)
		AwakeInstancesAfterBackupRestoration (2ms)
Refreshing native plugins compatible for Editor in 0.40 ms, found 3 plugins.
Preloading 0 native plugins for Editor in 0.00 ms.
Unloading 0 Unused Serialized files (Serialized files now loaded: 0)
Unloading 3577 unused Assets / (0.5 MB). Loaded Objects now: 4147.
Memory consumption went from 91.9 MB to 91.3 MB.
Total: 4.293875 ms (FindLiveObjects: 0.168667 ms CreateObjectMapping: 0.067750 ms MarkObjects: 3.650000 ms  DeleteObjects: 0.407083 ms)

Prepare: number of updated asset objects reloaded= 0
========================================================================
Received Prepare
Begin MonoManager ReloadAssembly
[Licensing::Client] Successfully resolved entitlement details
[Licensing::Module] License group:
  Id: SC-Z3YQ-WUSF-P4AN-EAMM-XXXX
  Product: Unity Pro
  Type: ULF
  Expiration: 2026-06-16T00:00:00Z
[Licensing::Module] License group:
  Id: 7972300754960-playvalve-UnityGamesPrXXXX
  Product: Unity Enterprise
  Type: Assigned
  Expiration: 2026-06-10T00:00:00Z
Thread 0x16df8b000 may have been prematurely finalized
- Loaded All Assemblies, in  0.328 seconds
Script 'CharacterController' has the same name as built-in Unity component.
AddComponent and GetComponent will not work with this script.
OnLevelWasLoaded was found on UserPrefs
This message has been deprecated and will be removed in a later version of Unity.
Add a delegate to SceneManager.sceneLoaded instead to get notifications after scene loading has completed
Refreshing native plugins compatible for Editor in 0.34 ms, found 3 plugins.
OnLevelWasLoaded was found on UserPrefs
This message has been deprecated and will be removed in a later version of Unity.
Add a delegate to SceneManager.sceneLoaded instead to get notifications after scene loading has completed
Native extension for OSXStandalone target not found
[Package Manager] Failed to launch server process. Reason: Unity was launched with the -noUpm command-line argument
[Package Manager] Unable to send message (not connected to server process).
[Package Manager] Cannot connect to Unity Package Manager local server
Mono: successfully reloaded assembly
- Finished resetting the current domain, in  0.358 seconds
Domain Reload Profiling: 688ms
	BeginReloadAssembly (109ms)
		ExecutionOrderSort (0ms)
		DisableScriptedObjects (7ms)
		BackupInstance (0ms)
		ReleaseScriptingObjects (0ms)
		CreateAndSetChildDomain (38ms)
	RebuildCommonClasses (25ms)
	RebuildNativeTypeToScriptingClass (9ms)
	initialDomainReloadingComplete (12ms)
	LoadAllAssembliesAndSetupDomain (174ms)
		LoadAssemblies (129ms)
		RebuildTransferFunctionScriptingTraits (0ms)
		AnalyzeDomain (75ms)
			TypeCache.Refresh (5ms)
				TypeCache.ScanAssembly (0ms)
			BuildScriptInfoCaches (65ms)
			ResolveRequiredComponents (3ms)
	FinalizeReload (358ms)
		ReleaseScriptCaches (0ms)
		RebuildScriptCaches (0ms)
		SetupLoadedEditorAssemblies (294ms)
			LogAssemblyErrors (0ms)
			InitializePlatformSupportModulesInManaged (1ms)
			SetLoadedEditorAssemblies (2ms)
			BeforeProcessingInitializeOnLoad (68ms)
			ProcessInitializeOnLoadAttributes (196ms)
			ProcessInitializeOnLoadMethodAttributes (26ms)
			AfterProcessingInitializeOnLoad (1ms)
			EditorAssembliesLoaded (0ms)
		ExecutionOrderSort2 (0ms)
		AwakeInstancesAfterBackupRestoration (2ms)
Refreshing native plugins compatible for Editor in 0.39 ms, found 3 plugins.
Preloading 0 native plugins for Editor in 0.00 ms.
Unloading 0 Unused Serialized files (Serialized files now loaded: 0)
Unloading 3577 unused Assets / (0.7 MB). Loaded Objects now: 4149.
Memory consumption went from 91.9 MB to 91.1 MB.
Total: 4.051750 ms (FindLiveObjects: 0.157750 ms CreateObjectMapping: 0.066083 ms MarkObjects: 3.444542 ms  DeleteObjects: 0.383000 ms)

Prepare: number of updated asset objects reloaded= 0
========================================================================
Received Prepare
Begin MonoManager ReloadAssembly
Thread 0x16df8b000 may have been prematurely finalized
- Loaded All Assemblies, in  0.305 seconds
Script 'CharacterController' has the same name as built-in Unity component.
AddComponent and GetComponent will not work with this script.
OnLevelWasLoaded was found on UserPrefs
This message has been deprecated and will be removed in a later version of Unity.
Add a delegate to SceneManager.sceneLoaded instead to get notifications after scene loading has completed
Refreshing native plugins compatible for Editor in 0.31 ms, found 3 plugins.
OnLevelWasLoaded was found on UserPrefs
This message has been deprecated and will be removed in a later version of Unity.
Add a delegate to SceneManager.sceneLoaded instead to get notifications after scene loading has completed
Native extension for OSXStandalone target not found
[Package Manager] Failed to launch server process. Reason: Unity was launched with the -noUpm command-line argument
[Package Manager] Unable to send message (not connected to server process).
[Package Manager] Cannot connect to Unity Package Manager local server
Mono: successfully reloaded assembly
- Finished resetting the current domain, in  0.344 seconds
Domain Reload Profiling: 650ms
	BeginReloadAssembly (100ms)
		ExecutionOrderSort (0ms)
		DisableScriptedObjects (7ms)
		BackupInstance (0ms)
		ReleaseScriptingObjects (0ms)
		CreateAndSetChildDomain (36ms)
	RebuildCommonClasses (24ms)
	RebuildNativeTypeToScriptingClass (9ms)
	initialDomainReloadingComplete (12ms)
	LoadAllAssembliesAndSetupDomain (160ms)
		LoadAssemblies (117ms)
		RebuildTransferFunctionScriptingTraits (0ms)
		AnalyzeDomain (71ms)
			TypeCache.Refresh (4ms)
				TypeCache.ScanAssembly (0ms)
			BuildScriptInfoCaches (63ms)
			ResolveRequiredComponents (3ms)
	FinalizeReload (344ms)
		ReleaseScriptCaches (0ms)
		RebuildScriptCaches (0ms)
		SetupLoadedEditorAssemblies (282ms)
			LogAssemblyErrors (0ms)
			InitializePlatformSupportModulesInManaged (1ms)
			SetLoadedEditorAssemblies (2ms)
			BeforeProcessingInitializeOnLoad (66ms)
			ProcessInitializeOnLoadAttributes (188ms)
			ProcessInitializeOnLoadMethodAttributes (25ms)
			AfterProcessingInitializeOnLoad (1ms)
			EditorAssembliesLoaded (0ms)
		ExecutionOrderSort2 (0ms)
		AwakeInstancesAfterBackupRestoration (2ms)
Refreshing native plugins compatible for Editor in 0.36 ms, found 3 plugins.
Preloading 0 native plugins for Editor in 0.00 ms.
Unloading 0 Unused Serialized files (Serialized files now loaded: 0)
Unloading 3577 unused Assets / (0.8 MB). Loaded Objects now: 4151.
Memory consumption went from 91.9 MB to 91.1 MB.
Total: 4.158292 ms (FindLiveObjects: 0.167666 ms CreateObjectMapping: 0.103458 ms MarkObjects: 3.500709 ms  DeleteObjects: 0.386083 ms)

Prepare: number of updated asset objects reloaded= 0
========================================================================
Received Prepare
Begin MonoManager ReloadAssembly
[Licensing::Client] Successfully resolved entitlement details
[Licensing::Module] License group:
  Id: SC-Z3YQ-WUSF-P4AN-EAMM-XXXX
  Product: Unity Pro
  Type: ULF
  Expiration: 2026-06-16T00:00:00Z
[Licensing::Module] License group:
  Id: 7972300754960-playvalve-UnityGamesPrXXXX
  Product: Unity Enterprise
  Type: Assigned
  Expiration: 2026-06-10T00:00:00Z
Thread 0x16df8b000 may have been prematurely finalized
- Loaded All Assemblies, in  0.317 seconds
Script 'CharacterController' has the same name as built-in Unity component.
AddComponent and GetComponent will not work with this script.
OnLevelWasLoaded was found on UserPrefs
This message has been deprecated and will be removed in a later version of Unity.
Add a delegate to SceneManager.sceneLoaded instead to get notifications after scene loading has completed
Refreshing native plugins compatible for Editor in 0.37 ms, found 3 plugins.
OnLevelWasLoaded was found on UserPrefs
This message has been deprecated and will be removed in a later version of Unity.
Add a delegate to SceneManager.sceneLoaded instead to get notifications after scene loading has completed
Native extension for OSXStandalone target not found
[Package Manager] Failed to launch server process. Reason: Unity was launched with the -noUpm command-line argument
[Package Manager] Unable to send message (not connected to server process).
[Package Manager] Cannot connect to Unity Package Manager local server
Mono: successfully reloaded assembly
- Finished resetting the current domain, in  0.362 seconds
Domain Reload Profiling: 680ms
	BeginReloadAssembly (106ms)
		ExecutionOrderSort (0ms)
		DisableScriptedObjects (7ms)
		BackupInstance (0ms)
		ReleaseScriptingObjects (0ms)
		CreateAndSetChildDomain (39ms)
	RebuildCommonClasses (25ms)
	RebuildNativeTypeToScriptingClass (9ms)
	initialDomainReloadingComplete (12ms)
	LoadAllAssembliesAndSetupDomain (166ms)
		LoadAssemblies (122ms)
		RebuildTransferFunctionScriptingTraits (0ms)
		AnalyzeDomain (73ms)
			TypeCache.Refresh (5ms)
				TypeCache.ScanAssembly (0ms)
			BuildScriptInfoCaches (63ms)
			ResolveRequiredComponents (3ms)
	FinalizeReload (362ms)
		ReleaseScriptCaches (0ms)
		RebuildScriptCaches (0ms)
		SetupLoadedEditorAssemblies (296ms)
			LogAssemblyErrors (0ms)
			InitializePlatformSupportModulesInManaged (1ms)
			SetLoadedEditorAssemblies (2ms)
			BeforeProcessingInitializeOnLoad (72ms)
			ProcessInitializeOnLoadAttributes (194ms)
			ProcessInitializeOnLoadMethodAttributes (27ms)
			AfterProcessingInitializeOnLoad (1ms)
			EditorAssembliesLoaded (0ms)
		ExecutionOrderSort2 (0ms)
		AwakeInstancesAfterBackupRestoration (2ms)
Refreshing native plugins compatible for Editor in 0.33 ms, found 3 plugins.
Preloading 0 native plugins for Editor in 0.00 ms.
Unloading 0 Unused Serialized files (Serialized files now loaded: 0)
Unloading 3577 unused Assets / (0.7 MB). Loaded Objects now: 4153.
Memory consumption went from 91.9 MB to 91.2 MB.
Total: 4.478708 ms (FindLiveObjects: 0.213334 ms CreateObjectMapping: 0.065833 ms MarkObjects: 3.742083 ms  DeleteObjects: 0.456625 ms)

Prepare: number of updated asset objects reloaded= 0
========================================================================
Received Prepare
Begin MonoManager ReloadAssembly
Thread 0x16df8b000 may have been prematurely finalized
- Loaded All Assemblies, in  0.306 seconds
Script 'CharacterController' has the same name as built-in Unity component.
AddComponent and GetComponent will not work with this script.
OnLevelWasLoaded was found on UserPrefs
This message has been deprecated and will be removed in a later version of Unity.
Add a delegate to SceneManager.sceneLoaded instead to get notifications after scene loading has completed
Refreshing native plugins compatible for Editor in 0.33 ms, found 3 plugins.
OnLevelWasLoaded was found on UserPrefs
This message has been deprecated and will be removed in a later version of Unity.
Add a delegate to SceneManager.sceneLoaded instead to get notifications after scene loading has completed
Native extension for OSXStandalone target not found
[Package Manager] Failed to launch server process. Reason: Unity was launched with the -noUpm command-line argument
[Package Manager] Unable to send message (not connected to server process).
[Package Manager] Cannot connect to Unity Package Manager local server
Mono: successfully reloaded assembly
- Finished resetting the current domain, in  0.341 seconds
Domain Reload Profiling: 648ms
	BeginReloadAssembly (103ms)
		ExecutionOrderSort (0ms)
		DisableScriptedObjects (7ms)
		BackupInstance (0ms)
		ReleaseScriptingObjects (0ms)
		CreateAndSetChildDomain (36ms)
	RebuildCommonClasses (24ms)
	RebuildNativeTypeToScriptingClass (9ms)
	initialDomainReloadingComplete (12ms)
	LoadAllAssembliesAndSetupDomain (160ms)
		LoadAssemblies (118ms)
		RebuildTransferFunctionScriptingTraits (0ms)
		AnalyzeDomain (70ms)
			TypeCache.Refresh (4ms)
				TypeCache.ScanAssembly (0ms)
			BuildScriptInfoCaches (62ms)
			ResolveRequiredComponents (3ms)
	FinalizeReload (341ms)
		ReleaseScriptCaches (0ms)
		RebuildScriptCaches (0ms)
		SetupLoadedEditorAssemblies (280ms)
			LogAssemblyErrors (0ms)
			InitializePlatformSupportModulesInManaged (1ms)
			SetLoadedEditorAssemblies (2ms)
			BeforeProcessingInitializeOnLoad (68ms)
			ProcessInitializeOnLoadAttributes (184ms)
			ProcessInitializeOnLoadMethodAttributes (24ms)
			AfterProcessingInitializeOnLoad (1ms)
			EditorAssembliesLoaded (0ms)
		ExecutionOrderSort2 (0ms)
		AwakeInstancesAfterBackupRestoration (2ms)
Refreshing native plugins compatible for Editor in 0.33 ms, found 3 plugins.
Preloading 0 native plugins for Editor in 0.00 ms.
Unloading 0 Unused Serialized files (Serialized files now loaded: 0)
Unloading 3577 unused Assets / (0.8 MB). Loaded Objects now: 4155.
Memory consumption went from 91.9 MB to 91.1 MB.
Total: 4.334875 ms (FindLiveObjects: 0.171500 ms CreateObjectMapping: 0.091541 ms MarkObjects: 3.670834 ms  DeleteObjects: 0.400459 ms)

Prepare: number of updated asset objects reloaded= 0
========================================================================
Received Prepare
Begin MonoManager ReloadAssembly
[Licensing::Client] Successfully resolved entitlement details
[Licensing::Module] License group:
  Id: SC-Z3YQ-WUSF-P4AN-EAMM-XXXX
  Product: Unity Pro
  Type: ULF
  Expiration: 2026-06-16T00:00:00Z
[Licensing::Module] License group:
  Id: 7972300754960-playvalve-UnityGamesPrXXXX
  Product: Unity Enterprise
  Type: Assigned
  Expiration: 2026-06-10T00:00:00Z
Thread 0x16df8b000 may have been prematurely finalized
- Loaded All Assemblies, in  0.313 seconds
Script 'CharacterController' has the same name as built-in Unity component.
AddComponent and GetComponent will not work with this script.
OnLevelWasLoaded was found on UserPrefs
This message has been deprecated and will be removed in a later version of Unity.
Add a delegate to SceneManager.sceneLoaded instead to get notifications after scene loading has completed
Refreshing native plugins compatible for Editor in 0.33 ms, found 3 plugins.
OnLevelWasLoaded was found on UserPrefs
This message has been deprecated and will be removed in a later version of Unity.
Add a delegate to SceneManager.sceneLoaded instead to get notifications after scene loading has completed
Native extension for OSXStandalone target not found
[Package Manager] Failed to launch server process. Reason: Unity was launched with the -noUpm command-line argument
[Package Manager] Unable to send message (not connected to server process).
[Package Manager] Cannot connect to Unity Package Manager local server
Mono: successfully reloaded assembly
- Finished resetting the current domain, in  0.340 seconds
Domain Reload Profiling: 654ms
	BeginReloadAssembly (102ms)
		ExecutionOrderSort (0ms)
		DisableScriptedObjects (7ms)
		BackupInstance (0ms)
		ReleaseScriptingObjects (0ms)
		CreateAndSetChildDomain (36ms)
	RebuildCommonClasses (25ms)
	RebuildNativeTypeToScriptingClass (9ms)
	initialDomainReloadingComplete (12ms)
	LoadAllAssembliesAndSetupDomain (165ms)
		LoadAssemblies (120ms)
		RebuildTransferFunctionScriptingTraits (0ms)
		AnalyzeDomain (74ms)
			TypeCache.Refresh (5ms)
				TypeCache.ScanAssembly (0ms)
			BuildScriptInfoCaches (64ms)
			ResolveRequiredComponents (3ms)
	FinalizeReload (340ms)
		ReleaseScriptCaches (0ms)
		RebuildScriptCaches (0ms)
		SetupLoadedEditorAssemblies (279ms)
			LogAssemblyErrors (0ms)
			InitializePlatformSupportModulesInManaged (1ms)
			SetLoadedEditorAssemblies (2ms)
			BeforeProcessingInitializeOnLoad (64ms)
			ProcessInitializeOnLoadAttributes (187ms)
			ProcessInitializeOnLoadMethodAttributes (24ms)
			AfterProcessingInitializeOnLoad (1ms)
			EditorAssembliesLoaded (0ms)
		ExecutionOrderSort2 (0ms)
		AwakeInstancesAfterBackupRestoration (2ms)
Refreshing native plugins compatible for Editor in 0.55 ms, found 3 plugins.
Preloading 0 native plugins for Editor in 0.00 ms.
Unloading 0 Unused Serialized files (Serialized files now loaded: 0)
Unloading 3577 unused Assets / (0.7 MB). Loaded Objects now: 4157.
Memory consumption went from 91.9 MB to 91.1 MB.
Total: 4.130708 ms (FindLiveObjects: 0.168042 ms CreateObjectMapping: 0.066000 ms MarkObjects: 3.509584 ms  DeleteObjects: 0.386500 ms)

Prepare: number of updated asset objects reloaded= 0
========================================================================
Received Prepare
Begin MonoManager ReloadAssembly
Thread 0x16df8b000 may have been prematurely finalized
- Loaded All Assemblies, in  0.308 seconds
Script 'CharacterController' has the same name as built-in Unity component.
AddComponent and GetComponent will not work with this script.
OnLevelWasLoaded was found on UserPrefs
This message has been deprecated and will be removed in a later version of Unity.
Add a delegate to SceneManager.sceneLoaded instead to get notifications after scene loading has completed
Refreshing native plugins compatible for Editor in 0.38 ms, found 3 plugins.
OnLevelWasLoaded was found on UserPrefs
This message has been deprecated and will be removed in a later version of Unity.
Add a delegate to SceneManager.sceneLoaded instead to get notifications after scene loading has completed
Native extension for OSXStandalone target not found
[Package Manager] Failed to launch server process. Reason: Unity was launched with the -noUpm command-line argument
[Package Manager] Unable to send message (not connected to server process).
[Package Manager] Cannot connect to Unity Package Manager local server
Mono: successfully reloaded assembly
- Finished resetting the current domain, in  0.338 seconds
Domain Reload Profiling: 647ms
	BeginReloadAssembly (103ms)
		ExecutionOrderSort (0ms)
		DisableScriptedObjects (7ms)
		BackupInstance (0ms)
		ReleaseScriptingObjects (0ms)
		CreateAndSetChildDomain (35ms)
	RebuildCommonClasses (25ms)
	RebuildNativeTypeToScriptingClass (9ms)
	initialDomainReloadingComplete (12ms)
	LoadAllAssembliesAndSetupDomain (160ms)
		LoadAssemblies (120ms)
		RebuildTransferFunctionScriptingTraits (0ms)
		AnalyzeDomain (70ms)
			TypeCache.Refresh (4ms)
				TypeCache.ScanAssembly (0ms)
			BuildScriptInfoCaches (62ms)
			ResolveRequiredComponents (3ms)
	FinalizeReload (338ms)
		ReleaseScriptCaches (0ms)
		RebuildScriptCaches (0ms)
		SetupLoadedEditorAssemblies (275ms)
			LogAssemblyErrors (0ms)
			InitializePlatformSupportModulesInManaged (1ms)
			SetLoadedEditorAssemblies (2ms)
			BeforeProcessingInitializeOnLoad (62ms)
			ProcessInitializeOnLoadAttributes (185ms)
			ProcessInitializeOnLoadMethodAttributes (24ms)
			AfterProcessingInitializeOnLoad (1ms)
			EditorAssembliesLoaded (0ms)
		ExecutionOrderSort2 (0ms)
		AwakeInstancesAfterBackupRestoration (2ms)
Refreshing native plugins compatible for Editor in 0.33 ms, found 3 plugins.
Preloading 0 native plugins for Editor in 0.00 ms.
Unloading 0 Unused Serialized files (Serialized files now loaded: 0)
Unloading 3577 unused Assets / (0.8 MB). Loaded Objects now: 4159.
Memory consumption went from 91.9 MB to 91.1 MB.
Total: 4.208250 ms (FindLiveObjects: 0.168375 ms CreateObjectMapping: 0.094750 ms MarkObjects: 3.526167 ms  DeleteObjects: 0.418541 ms)

Prepare: number of updated asset objects reloaded= 0
========================================================================
Received Prepare
Begin MonoManager ReloadAssembly
[Licensing::Client] Successfully resolved entitlement details
[Licensing::Module] License group:
  Id: SC-Z3YQ-WUSF-P4AN-EAMM-XXXX
  Product: Unity Pro
  Type: ULF
  Expiration: 2026-06-16T00:00:00Z
[Licensing::Module] License group:
  Id: 7972300754960-playvalve-UnityGamesPrXXXX
  Product: Unity Enterprise
  Type: Assigned
  Expiration: 2026-06-10T00:00:00Z
Thread 0x16df8b000 may have been prematurely finalized
- Loaded All Assemblies, in  0.321 seconds
Script 'CharacterController' has the same name as built-in Unity component.
AddComponent and GetComponent will not work with this script.
OnLevelWasLoaded was found on UserPrefs
This message has been deprecated and will be removed in a later version of Unity.
Add a delegate to SceneManager.sceneLoaded instead to get notifications after scene loading has completed
Refreshing native plugins compatible for Editor in 0.34 ms, found 3 plugins.
OnLevelWasLoaded was found on UserPrefs
This message has been deprecated and will be removed in a later version of Unity.
Add a delegate to SceneManager.sceneLoaded instead to get notifications after scene loading has completed
Native extension for OSXStandalone target not found
[Package Manager] Failed to launch server process. Reason: Unity was launched with the -noUpm command-line argument
[Package Manager] Unable to send message (not connected to server process).
[Package Manager] Cannot connect to Unity Package Manager local server
Mono: successfully reloaded assembly
- Finished resetting the current domain, in  0.352 seconds
Domain Reload Profiling: 674ms
	BeginReloadAssembly (103ms)
		ExecutionOrderSort (0ms)
		DisableScriptedObjects (7ms)
		BackupInstance (0ms)
		ReleaseScriptingObjects (0ms)
		CreateAndSetChildDomain (34ms)
	RebuildCommonClasses (25ms)
	RebuildNativeTypeToScriptingClass (9ms)
	initialDomainReloadingComplete (13ms)
	LoadAllAssembliesAndSetupDomain (172ms)
		LoadAssemblies (128ms)
		RebuildTransferFunctionScriptingTraits (0ms)
		AnalyzeDomain (74ms)
			TypeCache.Refresh (5ms)
				TypeCache.ScanAssembly (1ms)
			BuildScriptInfoCaches (64ms)
			ResolveRequiredComponents (3ms)
	FinalizeReload (353ms)
		ReleaseScriptCaches (0ms)
		RebuildScriptCaches (0ms)
		SetupLoadedEditorAssemblies (289ms)
			LogAssemblyErrors (0ms)
			InitializePlatformSupportModulesInManaged (1ms)
			SetLoadedEditorAssemblies (2ms)
			BeforeProcessingInitializeOnLoad (71ms)
			ProcessInitializeOnLoadAttributes (189ms)
			ProcessInitializeOnLoadMethodAttributes (24ms)
			AfterProcessingInitializeOnLoad (1ms)
			EditorAssembliesLoaded (0ms)
		ExecutionOrderSort2 (0ms)
		AwakeInstancesAfterBackupRestoration (2ms)
Refreshing native plugins compatible for Editor in 0.38 ms, found 3 plugins.
Preloading 0 native plugins for Editor in 0.00 ms.
Unloading 0 Unused Serialized files (Serialized files now loaded: 0)
Unloading 3577 unused Assets / (0.7 MB). Loaded Objects now: 4161.
Memory consumption went from 91.9 MB to 91.2 MB.
Total: 4.408541 ms (FindLiveObjects: 0.183625 ms CreateObjectMapping: 0.082833 ms MarkObjects: 3.688500 ms  DeleteObjects: 0.453084 ms)

Prepare: number of updated asset objects reloaded= 0
========================================================================
Received Prepare
Begin MonoManager ReloadAssembly
Thread 0x16df8b000 may have been prematurely finalized
- Loaded All Assemblies, in  0.320 seconds
Script 'CharacterController' has the same name as built-in Unity component.
AddComponent and GetComponent will not work with this script.
OnLevelWasLoaded was found on UserPrefs
This message has been deprecated and will be removed in a later version of Unity.
Add a delegate to SceneManager.sceneLoaded instead to get notifications after scene loading has completed
Refreshing native plugins compatible for Editor in 0.34 ms, found 3 plugins.
OnLevelWasLoaded was found on UserPrefs
This message has been deprecated and will be removed in a later version of Unity.
Add a delegate to SceneManager.sceneLoaded instead to get notifications after scene loading has completed
Native extension for OSXStandalone target not found
[Package Manager] Failed to launch server process. Reason: Unity was launched with the -noUpm command-line argument
[Package Manager] Unable to send message (not connected to server process).
[Package Manager] Cannot connect to Unity Package Manager local server
Mono: successfully reloaded assembly
- Finished resetting the current domain, in  0.354 seconds
Domain Reload Profiling: 675ms
	BeginReloadAssembly (106ms)
		ExecutionOrderSort (0ms)
		DisableScriptedObjects (7ms)
		BackupInstance (0ms)
		ReleaseScriptingObjects (0ms)
		CreateAndSetChildDomain (40ms)
	RebuildCommonClasses (24ms)
	RebuildNativeTypeToScriptingClass (9ms)
	initialDomainReloadingComplete (12ms)
	LoadAllAssembliesAndSetupDomain (170ms)
		LoadAssemblies (123ms)
		RebuildTransferFunctionScriptingTraits (0ms)
		AnalyzeDomain (75ms)
			TypeCache.Refresh (5ms)
				TypeCache.ScanAssembly (1ms)
			BuildScriptInfoCaches (65ms)
			ResolveRequiredComponents (3ms)
	FinalizeReload (354ms)
		ReleaseScriptCaches (0ms)
		RebuildScriptCaches (0ms)
		SetupLoadedEditorAssemblies (292ms)
			LogAssemblyErrors (0ms)
			InitializePlatformSupportModulesInManaged (1ms)
			SetLoadedEditorAssemblies (2ms)
			BeforeProcessingInitializeOnLoad (70ms)
			ProcessInitializeOnLoadAttributes (192ms)
			ProcessInitializeOnLoadMethodAttributes (25ms)
			AfterProcessingInitializeOnLoad (1ms)
			EditorAssembliesLoaded (0ms)
		ExecutionOrderSort2 (0ms)
		AwakeInstancesAfterBackupRestoration (2ms)
Refreshing native plugins compatible for Editor in 0.39 ms, found 3 plugins.
Preloading 0 native plugins for Editor in 0.00 ms.
Unloading 0 Unused Serialized files (Serialized files now loaded: 0)
Unloading 3577 unused Assets / (0.8 MB). Loaded Objects now: 4163.
Memory consumption went from 91.9 MB to 91.1 MB.
Total: 4.116583 ms (FindLiveObjects: 0.163709 ms CreateObjectMapping: 0.067167 ms MarkObjects: 3.483083 ms  DeleteObjects: 0.402083 ms)

Prepare: number of updated asset objects reloaded= 0
========================================================================
Received Prepare
Begin MonoManager ReloadAssembly
Thread 0x16df8b000 may have been prematurely finalized
- Loaded All Assemblies, in  0.310 seconds
Script 'CharacterController' has the same name as built-in Unity component.
AddComponent and GetComponent will not work with this script.
OnLevelWasLoaded was found on UserPrefs
This message has been deprecated and will be removed in a later version of Unity.
Add a delegate to SceneManager.sceneLoaded instead to get notifications after scene loading has completed
Refreshing native plugins compatible for Editor in 0.34 ms, found 3 plugins.
OnLevelWasLoaded was found on UserPrefs
This message has been deprecated and will be removed in a later version of Unity.
Add a delegate to SceneManager.sceneLoaded instead to get notifications after scene loading has completed
Native extension for OSXStandalone target not found
[Package Manager] Failed to launch server process. Reason: Unity was launched with the -noUpm command-line argument
[Package Manager] Unable to send message (not connected to server process).
[Package Manager] Cannot connect to Unity Package Manager local server
Mono: successfully reloaded assembly
- Finished resetting the current domain, in  0.334 seconds
Domain Reload Profiling: 645ms
	BeginReloadAssembly (103ms)
		ExecutionOrderSort (0ms)
		DisableScriptedObjects (7ms)
		BackupInstance (0ms)
		ReleaseScriptingObjects (0ms)
		CreateAndSetChildDomain (37ms)
	RebuildCommonClasses (24ms)
	RebuildNativeTypeToScriptingClass (9ms)
	initialDomainReloadingComplete (12ms)
	LoadAllAssembliesAndSetupDomain (163ms)
		LoadAssemblies (121ms)
		RebuildTransferFunctionScriptingTraits (0ms)
		AnalyzeDomain (71ms)
			TypeCache.Refresh (4ms)
				TypeCache.ScanAssembly (0ms)
			BuildScriptInfoCaches (62ms)
			ResolveRequiredComponents (3ms)
	FinalizeReload (334ms)
		ReleaseScriptCaches (0ms)
		RebuildScriptCaches (0ms)
		SetupLoadedEditorAssemblies (273ms)
			LogAssemblyErrors (0ms)
			InitializePlatformSupportModulesInManaged (1ms)
			SetLoadedEditorAssemblies (2ms)
			BeforeProcessingInitializeOnLoad (66ms)
			ProcessInitializeOnLoadAttributes (178ms)
			ProcessInitializeOnLoadMethodAttributes (24ms)
			AfterProcessingInitializeOnLoad (1ms)
			EditorAssembliesLoaded (0ms)
		ExecutionOrderSort2 (0ms)
		AwakeInstancesAfterBackupRestoration (2ms)
Refreshing native plugins compatible for Editor in 0.34 ms, found 3 plugins.
Preloading 0 native plugins for Editor in 0.00 ms.
Unloading 0 Unused Serialized files (Serialized files now loaded: 0)
Unloading 3577 unused Assets / (0.7 MB). Loaded Objects now: 4165.
Memory consumption went from 91.9 MB to 91.2 MB.
Total: 4.096375 ms (FindLiveObjects: 0.166209 ms CreateObjectMapping: 0.069000 ms MarkObjects: 3.493792 ms  DeleteObjects: 0.367042 ms)

Prepare: number of updated asset objects reloaded= 0
========================================================================
Received Prepare
Begin MonoManager ReloadAssembly
[Licensing::Client] Successfully resolved entitlement details
[Licensing::Module] License group:
  Id: SC-Z3YQ-WUSF-P4AN-EAMM-XXXX
  Product: Unity Pro
  Type: ULF
  Expiration: 2026-06-16T00:00:00Z
[Licensing::Module] License group:
  Id: 7972300754960-playvalve-UnityGamesPrXXXX
  Product: Unity Enterprise
  Type: Assigned
  Expiration: 2026-06-10T00:00:00Z
Thread 0x16df8b000 may have been prematurely finalized
- Loaded All Assemblies, in  0.332 seconds
Script 'CharacterController' has the same name as built-in Unity component.
AddComponent and GetComponent will not work with this script.
OnLevelWasLoaded was found on UserPrefs
This message has been deprecated and will be removed in a later version of Unity.
Add a delegate to SceneManager.sceneLoaded instead to get notifications after scene loading has completed
Refreshing native plugins compatible for Editor in 0.32 ms, found 3 plugins.
OnLevelWasLoaded was found on UserPrefs
This message has been deprecated and will be removed in a later version of Unity.
Add a delegate to SceneManager.sceneLoaded instead to get notifications after scene loading has completed
Native extension for OSXStandalone target not found
[Package Manager] Failed to launch server process. Reason: Unity was launched with the -noUpm command-line argument
[Package Manager] Unable to send message (not connected to server process).
[Package Manager] Cannot connect to Unity Package Manager local server
Mono: successfully reloaded assembly
- Finished resetting the current domain, in  0.333 seconds
Domain Reload Profiling: 666ms
	BeginReloadAssembly (116ms)
		ExecutionOrderSort (0ms)
		DisableScriptedObjects (7ms)
		BackupInstance (0ms)
		ReleaseScriptingObjects (0ms)
		CreateAndSetChildDomain (47ms)
	RebuildCommonClasses (25ms)
	RebuildNativeTypeToScriptingClass (9ms)
	initialDomainReloadingComplete (13ms)
	LoadAllAssembliesAndSetupDomain (170ms)
		LoadAssemblies (127ms)
		RebuildTransferFunctionScriptingTraits (0ms)
		AnalyzeDomain (74ms)
			TypeCache.Refresh (6ms)
				TypeCache.ScanAssembly (1ms)
			BuildScriptInfoCaches (63ms)
			ResolveRequiredComponents (3ms)
	FinalizeReload (333ms)
		ReleaseScriptCaches (0ms)
		RebuildScriptCaches (0ms)
		SetupLoadedEditorAssemblies (272ms)
			LogAssemblyErrors (0ms)
			InitializePlatformSupportModulesInManaged (1ms)
			SetLoadedEditorAssemblies (2ms)
			BeforeProcessingInitializeOnLoad (66ms)
			ProcessInitializeOnLoadAttributes (179ms)
			ProcessInitializeOnLoadMethodAttributes (24ms)
			AfterProcessingInitializeOnLoad (1ms)
			EditorAssembliesLoaded (0ms)
		ExecutionOrderSort2 (0ms)
		AwakeInstancesAfterBackupRestoration (2ms)
Refreshing native plugins compatible for Editor in 0.39 ms, found 3 plugins.
Preloading 0 native plugins for Editor in 0.00 ms.
Unloading 0 Unused Serialized files (Serialized files now loaded: 0)
Unloading 3577 unused Assets / (0.6 MB). Loaded Objects now: 4167.
Memory consumption went from 91.9 MB to 91.3 MB.
Total: 4.270791 ms (FindLiveObjects: 0.177000 ms CreateObjectMapping: 0.068334 ms MarkObjects: 3.595333 ms  DeleteObjects: 0.429791 ms)

Prepare: number of updated asset objects reloaded= 0
========================================================================
Received Prepare
Begin MonoManager ReloadAssembly
Thread 0x16df8b000 may have been prematurely finalized
- Loaded All Assemblies, in  0.324 seconds
Script 'CharacterController' has the same name as built-in Unity component.
AddComponent and GetComponent will not work with this script.
OnLevelWasLoaded was found on UserPrefs
This message has been deprecated and will be removed in a later version of Unity.
Add a delegate to SceneManager.sceneLoaded instead to get notifications after scene loading has completed
Refreshing native plugins compatible for Editor in 0.32 ms, found 3 plugins.
OnLevelWasLoaded was found on UserPrefs
This message has been deprecated and will be removed in a later version of Unity.
Add a delegate to SceneManager.sceneLoaded instead to get notifications after scene loading has completed
Native extension for OSXStandalone target not found
[Package Manager] Failed to launch server process. Reason: Unity was launched with the -noUpm command-line argument
[Package Manager] Unable to send message (not connected to server process).
[Package Manager] Cannot connect to Unity Package Manager local server
Mono: successfully reloaded assembly
- Finished resetting the current domain, in  0.372 seconds
Domain Reload Profiling: 697ms
	BeginReloadAssembly (106ms)
		ExecutionOrderSort (0ms)
		DisableScriptedObjects (7ms)
		BackupInstance (0ms)
		ReleaseScriptingObjects (0ms)
		CreateAndSetChildDomain (36ms)
	RebuildCommonClasses (26ms)
	RebuildNativeTypeToScriptingClass (9ms)
	initialDomainReloadingComplete (13ms)
	LoadAllAssembliesAndSetupDomain (171ms)
		LoadAssemblies (129ms)
		RebuildTransferFunctionScriptingTraits (0ms)
		AnalyzeDomain (74ms)
			TypeCache.Refresh (6ms)
				TypeCache.ScanAssembly (0ms)
			BuildScriptInfoCaches (64ms)
			ResolveRequiredComponents (3ms)
	FinalizeReload (372ms)
		ReleaseScriptCaches (0ms)
		RebuildScriptCaches (0ms)
		SetupLoadedEditorAssemblies (306ms)
			LogAssemblyErrors (0ms)
			InitializePlatformSupportModulesInManaged (1ms)
			SetLoadedEditorAssemblies (2ms)
			BeforeProcessingInitializeOnLoad (71ms)
			ProcessInitializeOnLoadAttributes (204ms)
			ProcessInitializeOnLoadMethodAttributes (26ms)
			AfterProcessingInitializeOnLoad (1ms)
			EditorAssembliesLoaded (0ms)
		ExecutionOrderSort2 (0ms)
		AwakeInstancesAfterBackupRestoration (2ms)
Refreshing native plugins compatible for Editor in 0.39 ms, found 3 plugins.
Preloading 0 native plugins for Editor in 0.00 ms.
Unloading 0 Unused Serialized files (Serialized files now loaded: 0)
Unloading 3577 unused Assets / (0.7 MB). Loaded Objects now: 4169.
Memory consumption went from 91.9 MB to 91.3 MB.
Total: 4.227000 ms (FindLiveObjects: 0.180333 ms CreateObjectMapping: 0.068834 ms MarkObjects: 3.603208 ms  DeleteObjects: 0.374333 ms)

Prepare: number of updated asset objects reloaded= 0
========================================================================
Received Prepare
Begin MonoManager ReloadAssembly
Thread 0x16df8b000 may have been prematurely finalized
- Loaded All Assemblies, in  0.310 seconds
Script 'CharacterController' has the same name as built-in Unity component.
AddComponent and GetComponent will not work with this script.
OnLevelWasLoaded was found on UserPrefs
This message has been deprecated and will be removed in a later version of Unity.
Add a delegate to SceneManager.sceneLoaded instead to get notifications after scene loading has completed
Refreshing native plugins compatible for Editor in 0.33 ms, found 3 plugins.
OnLevelWasLoaded was found on UserPrefs
This message has been deprecated and will be removed in a later version of Unity.
Add a delegate to SceneManager.sceneLoaded instead to get notifications after scene loading has completed
Native extension for OSXStandalone target not found
[Package Manager] Failed to launch server process. Reason: Unity was launched with the -noUpm command-line argument
[Package Manager] Unable to send message (not connected to server process).
[Package Manager] Cannot connect to Unity Package Manager local server
Mono: successfully reloaded assembly
- Finished resetting the current domain, in  0.339 seconds
Domain Reload Profiling: 651ms
	BeginReloadAssembly (104ms)
		ExecutionOrderSort (0ms)
		DisableScriptedObjects (7ms)
		BackupInstance (0ms)
		ReleaseScriptingObjects (0ms)
		CreateAndSetChildDomain (38ms)
	RebuildCommonClasses (24ms)
	RebuildNativeTypeToScriptingClass (9ms)
	initialDomainReloadingComplete (12ms)
	LoadAllAssembliesAndSetupDomain (163ms)
		LoadAssemblies (120ms)
		RebuildTransferFunctionScriptingTraits (0ms)
		AnalyzeDomain (71ms)
			TypeCache.Refresh (4ms)
				TypeCache.ScanAssembly (0ms)
			BuildScriptInfoCaches (61ms)
			ResolveRequiredComponents (3ms)
	FinalizeReload (339ms)
		ReleaseScriptCaches (0ms)
		RebuildScriptCaches (0ms)
		SetupLoadedEditorAssemblies (276ms)
			LogAssemblyErrors (0ms)
			InitializePlatformSupportModulesInManaged (1ms)
			SetLoadedEditorAssemblies (2ms)
			BeforeProcessingInitializeOnLoad (63ms)
			ProcessInitializeOnLoadAttributes (185ms)
			ProcessInitializeOnLoadMethodAttributes (24ms)
			AfterProcessingInitializeOnLoad (1ms)
			EditorAssembliesLoaded (0ms)
		ExecutionOrderSort2 (0ms)
		AwakeInstancesAfterBackupRestoration (2ms)
Refreshing native plugins compatible for Editor in 0.35 ms, found 3 plugins.
Preloading 0 native plugins for Editor in 0.00 ms.
Unloading 0 Unused Serialized files (Serialized files now loaded: 0)
Unloading 3577 unused Assets / (0.7 MB). Loaded Objects now: 4171.
Memory consumption went from 91.9 MB to 91.3 MB.
Total: 4.447084 ms (FindLiveObjects: 0.179833 ms CreateObjectMapping: 0.072333 ms MarkObjects: 3.734167 ms  DeleteObjects: 0.460209 ms)

Prepare: number of updated asset objects reloaded= 0
========================================================================
Received Prepare
Begin MonoManager ReloadAssembly
[Licensing::Client] Successfully resolved entitlement details
[Licensing::Module] License group:
  Id: SC-Z3YQ-WUSF-P4AN-EAMM-XXXX
  Product: Unity Pro
  Type: ULF
  Expiration: 2026-06-16T00:00:00Z
[Licensing::Module] License group:
  Id: 7972300754960-playvalve-UnityGamesPrXXXX
  Product: Unity Enterprise
  Type: Assigned
  Expiration: 2026-06-10T00:00:00Z
Thread 0x16df8b000 may have been prematurely finalized
- Loaded All Assemblies, in  0.314 seconds
Script 'CharacterController' has the same name as built-in Unity component.
AddComponent and GetComponent will not work with this script.
OnLevelWasLoaded was found on UserPrefs
This message has been deprecated and will be removed in a later version of Unity.
Add a delegate to SceneManager.sceneLoaded instead to get notifications after scene loading has completed
Refreshing native plugins compatible for Editor in 0.32 ms, found 3 plugins.
OnLevelWasLoaded was found on UserPrefs
This message has been deprecated and will be removed in a later version of Unity.
Add a delegate to SceneManager.sceneLoaded instead to get notifications after scene loading has completed
Native extension for OSXStandalone target not found
[Package Manager] Failed to launch server process. Reason: Unity was launched with the -noUpm command-line argument
[Package Manager] Unable to send message (not connected to server process).
[Package Manager] Cannot connect to Unity Package Manager local server
Mono: successfully reloaded assembly
- Finished resetting the current domain, in  0.360 seconds
Domain Reload Profiling: 675ms
	BeginReloadAssembly (103ms)
		ExecutionOrderSort (0ms)
		DisableScriptedObjects (7ms)
		BackupInstance (0ms)
		ReleaseScriptingObjects (0ms)
		CreateAndSetChildDomain (35ms)
	RebuildCommonClasses (25ms)
	RebuildNativeTypeToScriptingClass (9ms)
	initialDomainReloadingComplete (12ms)
	LoadAllAssembliesAndSetupDomain (166ms)
		LoadAssemblies (124ms)
		RebuildTransferFunctionScriptingTraits (0ms)
		AnalyzeDomain (72ms)
			TypeCache.Refresh (5ms)
				TypeCache.ScanAssembly (0ms)
			BuildScriptInfoCaches (63ms)
			ResolveRequiredComponents (3ms)
	FinalizeReload (360ms)
		ReleaseScriptCaches (0ms)
		RebuildScriptCaches (0ms)
		SetupLoadedEditorAssemblies (295ms)
			LogAssemblyErrors (0ms)
			InitializePlatformSupportModulesInManaged (1ms)
			SetLoadedEditorAssemblies (2ms)
			BeforeProcessingInitializeOnLoad (68ms)
			ProcessInitializeOnLoadAttributes (197ms)
			ProcessInitializeOnLoadMethodAttributes (26ms)
			AfterProcessingInitializeOnLoad (1ms)
			EditorAssembliesLoaded (0ms)
		ExecutionOrderSort2 (0ms)
		AwakeInstancesAfterBackupRestoration (2ms)
Refreshing native plugins compatible for Editor in 0.41 ms, found 3 plugins.
Preloading 0 native plugins for Editor in 0.00 ms.
Unloading 0 Unused Serialized files (Serialized files now loaded: 0)
Unloading 3577 unused Assets / (0.7 MB). Loaded Objects now: 4173.
Memory consumption went from 91.9 MB to 91.2 MB.
Total: 4.085875 ms (FindLiveObjects: 0.177167 ms CreateObjectMapping: 0.072875 ms MarkObjects: 3.474959 ms  DeleteObjects: 0.360334 ms)

Prepare: number of updated asset objects reloaded= 0
========================================================================
Received Prepare
Begin MonoManager ReloadAssembly
Thread 0x16df8b000 may have been prematurely finalized
- Loaded All Assemblies, in  0.323 seconds
Script 'CharacterController' has the same name as built-in Unity component.
AddComponent and GetComponent will not work with this script.
OnLevelWasLoaded was found on UserPrefs
This message has been deprecated and will be removed in a later version of Unity.
Add a delegate to SceneManager.sceneLoaded instead to get notifications after scene loading has completed
Refreshing native plugins compatible for Editor in 0.33 ms, found 3 plugins.
OnLevelWasLoaded was found on UserPrefs
This message has been deprecated and will be removed in a later version of Unity.
Add a delegate to SceneManager.sceneLoaded instead to get notifications after scene loading has completed
Native extension for OSXStandalone target not found
[Package Manager] Failed to launch server process. Reason: Unity was launched with the -noUpm command-line argument
[Package Manager] Unable to send message (not connected to server process).
[Package Manager] Cannot connect to Unity Package Manager local server
Mono: successfully reloaded assembly
- Finished resetting the current domain, in  0.336 seconds
Domain Reload Profiling: 660ms
	BeginReloadAssembly (112ms)
		ExecutionOrderSort (0ms)
		DisableScriptedObjects (7ms)
		BackupInstance (0ms)
		ReleaseScriptingObjects (0ms)
		CreateAndSetChildDomain (44ms)
	RebuildCommonClasses (25ms)
	RebuildNativeTypeToScriptingClass (9ms)
	initialDomainReloadingComplete (12ms)
	LoadAllAssembliesAndSetupDomain (165ms)
		LoadAssemblies (123ms)
		RebuildTransferFunctionScriptingTraits (0ms)
		AnalyzeDomain (72ms)
			TypeCache.Refresh (4ms)
				TypeCache.ScanAssembly (0ms)
			BuildScriptInfoCaches (64ms)
			ResolveRequiredComponents (3ms)
	FinalizeReload (336ms)
		ReleaseScriptCaches (0ms)
		RebuildScriptCaches (0ms)
		SetupLoadedEditorAssemblies (270ms)
			LogAssemblyErrors (0ms)
			InitializePlatformSupportModulesInManaged (1ms)
			SetLoadedEditorAssemblies (2ms)
			BeforeProcessingInitializeOnLoad (64ms)
			ProcessInitializeOnLoadAttributes (178ms)
			ProcessInitializeOnLoadMethodAttributes (24ms)
			AfterProcessingInitializeOnLoad (1ms)
			EditorAssembliesLoaded (0ms)
		ExecutionOrderSort2 (0ms)
		AwakeInstancesAfterBackupRestoration (2ms)
Refreshing native plugins compatible for Editor in 0.38 ms, found 3 plugins.
Preloading 0 native plugins for Editor in 0.00 ms.
Unloading 0 Unused Serialized files (Serialized files now loaded: 0)
Unloading 3577 unused Assets / (0.7 MB). Loaded Objects now: 4175.
Memory consumption went from 91.9 MB to 91.2 MB.
Total: 4.701666 ms (FindLiveObjects: 0.224833 ms CreateObjectMapping: 0.068375 ms MarkObjects: 3.826334 ms  DeleteObjects: 0.581625 ms)

Prepare: number of updated asset objects reloaded= 0
========================================================================
Received Prepare
Begin MonoManager ReloadAssembly
[Licensing::Client] Successfully resolved entitlement details
[Licensing::Module] License group:
  Id: SC-Z3YQ-WUSF-P4AN-EAMM-XXXX
  Product: Unity Pro
  Type: ULF
  Expiration: 2026-06-16T00:00:00Z
[Licensing::Module] License group:
  Id: 7972300754960-playvalve-UnityGamesPrXXXX
  Product: Unity Enterprise
  Type: Assigned
  Expiration: 2026-06-10T00:00:00Z
Thread 0x16df8b000 may have been prematurely finalized
- Loaded All Assemblies, in  0.328 seconds
Script 'CharacterController' has the same name as built-in Unity component.
AddComponent and GetComponent will not work with this script.
OnLevelWasLoaded was found on UserPrefs
This message has been deprecated and will be removed in a later version of Unity.
Add a delegate to SceneManager.sceneLoaded instead to get notifications after scene loading has completed
Refreshing native plugins compatible for Editor in 0.32 ms, found 3 plugins.
OnLevelWasLoaded was found on UserPrefs
This message has been deprecated and will be removed in a later version of Unity.
Add a delegate to SceneManager.sceneLoaded instead to get notifications after scene loading has completed
Native extension for OSXStandalone target not found
[Package Manager] Failed to launch server process. Reason: Unity was launched with the -noUpm command-line argument
[Package Manager] Unable to send message (not connected to server process).
[Package Manager] Cannot connect to Unity Package Manager local server
Mono: successfully reloaded assembly
- Finished resetting the current domain, in  0.362 seconds
Domain Reload Profiling: 691ms
	BeginReloadAssembly (113ms)
		ExecutionOrderSort (0ms)
		DisableScriptedObjects (7ms)
		BackupInstance (0ms)
		ReleaseScriptingObjects (0ms)
		CreateAndSetChildDomain (42ms)
	RebuildCommonClasses (26ms)
	RebuildNativeTypeToScriptingClass (9ms)
	initialDomainReloadingComplete (12ms)
	LoadAllAssembliesAndSetupDomain (168ms)
		LoadAssemblies (125ms)
		RebuildTransferFunctionScriptingTraits (0ms)
		AnalyzeDomain (75ms)
			TypeCache.Refresh (6ms)
				TypeCache.ScanAssembly (1ms)
			BuildScriptInfoCaches (65ms)
			ResolveRequiredComponents (3ms)
	FinalizeReload (362ms)
		ReleaseScriptCaches (0ms)
		RebuildScriptCaches (0ms)
		SetupLoadedEditorAssemblies (296ms)
			LogAssemblyErrors (0ms)
			InitializePlatformSupportModulesInManaged (1ms)
			SetLoadedEditorAssemblies (2ms)
			BeforeProcessingInitializeOnLoad (69ms)
			ProcessInitializeOnLoadAttributes (196ms)
			ProcessInitializeOnLoadMethodAttributes (27ms)
			AfterProcessingInitializeOnLoad (1ms)
			EditorAssembliesLoaded (0ms)
		ExecutionOrderSort2 (0ms)
		AwakeInstancesAfterBackupRestoration (2ms)
Refreshing native plugins compatible for Editor in 0.45 ms, found 3 plugins.
Preloading 0 native plugins for Editor in 0.00 ms.
Unloading 0 Unused Serialized files (Serialized files now loaded: 0)
Unloading 3577 unused Assets / (0.7 MB). Loaded Objects now: 4177.
Memory consumption went from 91.9 MB to 91.3 MB.
Total: 4.309000 ms (FindLiveObjects: 0.178042 ms CreateObjectMapping: 0.074375 ms MarkObjects: 3.669542 ms  DeleteObjects: 0.386375 ms)

Prepare: number of updated asset objects reloaded= 0
========================================================================
Received Prepare
Begin MonoManager ReloadAssembly
Thread 0x16df8b000 may have been prematurely finalized
- Loaded All Assemblies, in  0.305 seconds
Script 'CharacterController' has the same name as built-in Unity component.
AddComponent and GetComponent will not work with this script.
OnLevelWasLoaded was found on UserPrefs
This message has been deprecated and will be removed in a later version of Unity.
Add a delegate to SceneManager.sceneLoaded instead to get notifications after scene loading has completed
Refreshing native plugins compatible for Editor in 0.32 ms, found 3 plugins.
OnLevelWasLoaded was found on UserPrefs
This message has been deprecated and will be removed in a later version of Unity.
Add a delegate to SceneManager.sceneLoaded instead to get notifications after scene loading has completed
Native extension for OSXStandalone target not found
[Package Manager] Failed to launch server process. Reason: Unity was launched with the -noUpm command-line argument
[Package Manager] Unable to send message (not connected to server process).
[Package Manager] Cannot connect to Unity Package Manager local server
Mono: successfully reloaded assembly
- Finished resetting the current domain, in  0.340 seconds
Domain Reload Profiling: 646ms
	BeginReloadAssembly (101ms)
		ExecutionOrderSort (0ms)
		DisableScriptedObjects (7ms)
		BackupInstance (0ms)
		ReleaseScriptingObjects (0ms)
		CreateAndSetChildDomain (35ms)
	RebuildCommonClasses (24ms)
	RebuildNativeTypeToScriptingClass (9ms)
	initialDomainReloadingComplete (12ms)
	LoadAllAssembliesAndSetupDomain (160ms)
		LoadAssemblies (119ms)
		RebuildTransferFunctionScriptingTraits (0ms)
		AnalyzeDomain (70ms)
			TypeCache.Refresh (4ms)
				TypeCache.ScanAssembly (0ms)
			BuildScriptInfoCaches (62ms)
			ResolveRequiredComponents (3ms)
	FinalizeReload (340ms)
		ReleaseScriptCaches (0ms)
		RebuildScriptCaches (0ms)
		SetupLoadedEditorAssemblies (276ms)
			LogAssemblyErrors (0ms)
			InitializePlatformSupportModulesInManaged (1ms)
			SetLoadedEditorAssemblies (2ms)
			BeforeProcessingInitializeOnLoad (66ms)
			ProcessInitializeOnLoadAttributes (183ms)
			ProcessInitializeOnLoadMethodAttributes (24ms)
			AfterProcessingInitializeOnLoad (1ms)
			EditorAssembliesLoaded (0ms)
		ExecutionOrderSort2 (0ms)
		AwakeInstancesAfterBackupRestoration (2ms)
Refreshing native plugins compatible for Editor in 0.36 ms, found 3 plugins.
Preloading 0 native plugins for Editor in 0.00 ms.
Unloading 0 Unused Serialized files (Serialized files now loaded: 0)
Unloading 3577 unused Assets / (0.7 MB). Loaded Objects now: 4179.
Memory consumption went from 91.9 MB to 91.2 MB.
Total: 4.255041 ms (FindLiveObjects: 0.175500 ms CreateObjectMapping: 0.077125 ms MarkObjects: 3.648042 ms  DeleteObjects: 0.354041 ms)

Prepare: number of updated asset objects reloaded= 0
========================================================================
Received Prepare
Begin MonoManager ReloadAssembly
Thread 0x16df8b000 may have been prematurely finalized
- Loaded All Assemblies, in  0.329 seconds
Script 'CharacterController' has the same name as built-in Unity component.
AddComponent and GetComponent will not work with this script.
OnLevelWasLoaded was found on UserPrefs
This message has been deprecated and will be removed in a later version of Unity.
Add a delegate to SceneManager.sceneLoaded instead to get notifications after scene loading has completed
Refreshing native plugins compatible for Editor in 0.34 ms, found 3 plugins.
OnLevelWasLoaded was found on UserPrefs
This message has been deprecated and will be removed in a later version of Unity.
Add a delegate to SceneManager.sceneLoaded instead to get notifications after scene loading has completed
Native extension for OSXStandalone target not found
[Package Manager] Failed to launch server process. Reason: Unity was launched with the -noUpm command-line argument
[Package Manager] Unable to send message (not connected to server process).
[Package Manager] Cannot connect to Unity Package Manager local server
Mono: successfully reloaded assembly
- Finished resetting the current domain, in  0.361 seconds
Domain Reload Profiling: 692ms
	BeginReloadAssembly (102ms)
		ExecutionOrderSort (0ms)
		DisableScriptedObjects (7ms)
		BackupInstance (0ms)
		ReleaseScriptingObjects (0ms)
		CreateAndSetChildDomain (34ms)
	RebuildCommonClasses (24ms)
	RebuildNativeTypeToScriptingClass (9ms)
	initialDomainReloadingComplete (13ms)
	LoadAllAssembliesAndSetupDomain (183ms)
		LoadAssemblies (134ms)
		RebuildTransferFunctionScriptingTraits (0ms)
		AnalyzeDomain (78ms)
			TypeCache.Refresh (7ms)
				TypeCache.ScanAssembly (0ms)
			BuildScriptInfoCaches (66ms)
			ResolveRequiredComponents (3ms)
	FinalizeReload (361ms)
		ReleaseScriptCaches (0ms)
		RebuildScriptCaches (0ms)
		SetupLoadedEditorAssemblies (296ms)
			LogAssemblyErrors (0ms)
			InitializePlatformSupportModulesInManaged (1ms)
			SetLoadedEditorAssemblies (2ms)
			BeforeProcessingInitializeOnLoad (69ms)
			ProcessInitializeOnLoadAttributes (196ms)
			ProcessInitializeOnLoadMethodAttributes (28ms)
			AfterProcessingInitializeOnLoad (1ms)
			EditorAssembliesLoaded (0ms)
		ExecutionOrderSort2 (0ms)
		AwakeInstancesAfterBackupRestoration (2ms)
Refreshing native plugins compatible for Editor in 0.49 ms, found 3 plugins.
Preloading 0 native plugins for Editor in 0.00 ms.
Unloading 0 Unused Serialized files (Serialized files now loaded: 0)
Unloading 3577 unused Assets / (0.7 MB). Loaded Objects now: 4181.
Memory consumption went from 91.9 MB to 91.2 MB.
Total: 4.381750 ms (FindLiveObjects: 0.172000 ms CreateObjectMapping: 0.072750 ms MarkObjects: 3.733959 ms  DeleteObjects: 0.402500 ms)

Prepare: number of updated asset objects reloaded= 0
========================================================================
Received Prepare
Begin MonoManager ReloadAssembly
[Licensing::Client] Successfully resolved entitlement details
[Licensing::Module] License group:
  Id: SC-Z3YQ-WUSF-P4AN-EAMM-XXXX
  Product: Unity Pro
  Type: ULF
  Expiration: 2026-06-16T00:00:00Z
[Licensing::Module] License group:
  Id: 7972300754960-playvalve-UnityGamesPrXXXX
  Product: Unity Enterprise
  Type: Assigned
  Expiration: 2026-06-10T00:00:00Z
Thread 0x16df8b000 may have been prematurely finalized
- Loaded All Assemblies, in  0.318 seconds
Script 'CharacterController' has the same name as built-in Unity component.
AddComponent and GetComponent will not work with this script.
OnLevelWasLoaded was found on UserPrefs
This message has been deprecated and will be removed in a later version of Unity.
Add a delegate to SceneManager.sceneLoaded instead to get notifications after scene loading has completed
Refreshing native plugins compatible for Editor in 0.32 ms, found 3 plugins.
OnLevelWasLoaded was found on UserPrefs
This message has been deprecated and will be removed in a later version of Unity.
Add a delegate to SceneManager.sceneLoaded instead to get notifications after scene loading has completed
Native extension for OSXStandalone target not found
[Package Manager] Failed to launch server process. Reason: Unity was launched with the -noUpm command-line argument
[Package Manager] Unable to send message (not connected to server process).
[Package Manager] Cannot connect to Unity Package Manager local server
Mono: successfully reloaded assembly
- Finished resetting the current domain, in  0.346 seconds
Domain Reload Profiling: 665ms
	BeginReloadAssembly (108ms)
		ExecutionOrderSort (0ms)
		DisableScriptedObjects (8ms)
		BackupInstance (0ms)
		ReleaseScriptingObjects (0ms)
		CreateAndSetChildDomain (41ms)
	RebuildCommonClasses (24ms)
	RebuildNativeTypeToScriptingClass (9ms)
	initialDomainReloadingComplete (12ms)
	LoadAllAssembliesAndSetupDomain (165ms)
		LoadAssemblies (121ms)
		RebuildTransferFunctionScriptingTraits (0ms)
		AnalyzeDomain (73ms)
			TypeCache.Refresh (4ms)
				TypeCache.ScanAssembly (0ms)
			BuildScriptInfoCaches (65ms)
			ResolveRequiredComponents (3ms)
	FinalizeReload (346ms)
		ReleaseScriptCaches (0ms)
		RebuildScriptCaches (0ms)
		SetupLoadedEditorAssemblies (285ms)
			LogAssemblyErrors (0ms)
			InitializePlatformSupportModulesInManaged (1ms)
			SetLoadedEditorAssemblies (2ms)
			BeforeProcessingInitializeOnLoad (66ms)
			ProcessInitializeOnLoadAttributes (191ms)
			ProcessInitializeOnLoadMethodAttributes (24ms)
			AfterProcessingInitializeOnLoad (1ms)
			EditorAssembliesLoaded (0ms)
		ExecutionOrderSort2 (0ms)
		AwakeInstancesAfterBackupRestoration (2ms)
Refreshing native plugins compatible for Editor in 0.38 ms, found 3 plugins.
Preloading 0 native plugins for Editor in 0.00 ms.
Unloading 0 Unused Serialized files (Serialized files now loaded: 0)
Unloading 3577 unused Assets / (0.6 MB). Loaded Objects now: 4183.
Memory consumption went from 91.9 MB to 91.4 MB.
Total: 4.472750 ms (FindLiveObjects: 0.177458 ms CreateObjectMapping: 0.066625 ms MarkObjects: 3.805625 ms  DeleteObjects: 0.422583 ms)

Prepare: number of updated asset objects reloaded= 0
========================================================================
Received Prepare
Begin MonoManager ReloadAssembly
[Licensing::Client] Successfully resolved entitlement details
[Licensing::Module] License group:
  Id: SC-Z3YQ-WUSF-P4AN-EAMM-XXXX
  Product: Unity Pro
  Type: ULF
  Expiration: 2026-06-16T00:00:00Z
[Licensing::Module] License group:
  Id: 7972300754960-playvalve-UnityGamesPrXXXX
  Product: Unity Enterprise
  Type: Assigned
  Expiration: 2026-06-10T00:00:00Z
Thread 0x16df8b000 may have been prematurely finalized
- Loaded All Assemblies, in  0.326 seconds
Script 'CharacterController' has the same name as built-in Unity component.
AddComponent and GetComponent will not work with this script.
OnLevelWasLoaded was found on UserPrefs
This message has been deprecated and will be removed in a later version of Unity.
Add a delegate to SceneManager.sceneLoaded instead to get notifications after scene loading has completed
Refreshing native plugins compatible for Editor in 0.39 ms, found 3 plugins.
OnLevelWasLoaded was found on UserPrefs
This message has been deprecated and will be removed in a later version of Unity.
Add a delegate to SceneManager.sceneLoaded instead to get notifications after scene loading has completed
Native extension for OSXStandalone target not found
[Package Manager] Failed to launch server process. Reason: Unity was launched with the -noUpm command-line argument
[Package Manager] Unable to send message (not connected to server process).
[Package Manager] Cannot connect to Unity Package Manager local server
Mono: successfully reloaded assembly
- Finished resetting the current domain, in  0.365 seconds
Domain Reload Profiling: 692ms
	BeginReloadAssembly (109ms)
		ExecutionOrderSort (0ms)
		DisableScriptedObjects (7ms)
		BackupInstance (0ms)
		ReleaseScriptingObjects (0ms)
		CreateAndSetChildDomain (41ms)
	RebuildCommonClasses (25ms)
	RebuildNativeTypeToScriptingClass (9ms)
	initialDomainReloadingComplete (12ms)
	LoadAllAssembliesAndSetupDomain (171ms)
		LoadAssemblies (127ms)
		RebuildTransferFunctionScriptingTraits (0ms)
		AnalyzeDomain (73ms)
			TypeCache.Refresh (6ms)
				TypeCache.ScanAssembly (0ms)
			BuildScriptInfoCaches (63ms)
			ResolveRequiredComponents (3ms)
	FinalizeReload (365ms)
		ReleaseScriptCaches (0ms)
		RebuildScriptCaches (0ms)
		SetupLoadedEditorAssemblies (302ms)
			LogAssemblyErrors (0ms)
			InitializePlatformSupportModulesInManaged (1ms)
			SetLoadedEditorAssemblies (2ms)
			BeforeProcessingInitializeOnLoad (69ms)
			ProcessInitializeOnLoadAttributes (202ms)
			ProcessInitializeOnLoadMethodAttributes (26ms)
			AfterProcessingInitializeOnLoad (1ms)
			EditorAssembliesLoaded (0ms)
		ExecutionOrderSort2 (0ms)
		AwakeInstancesAfterBackupRestoration (2ms)
Refreshing native plugins compatible for Editor in 0.38 ms, found 3 plugins.
Preloading 0 native plugins for Editor in 0.00 ms.
Unloading 0 Unused Serialized files (Serialized files now loaded: 0)
Unloading 3577 unused Assets / (0.5 MB). Loaded Objects now: 4185.
Memory consumption went from 92.0 MB to 91.4 MB.
Total: 4.360167 ms (FindLiveObjects: 0.174416 ms CreateObjectMapping: 0.071625 ms MarkObjects: 3.730334 ms  DeleteObjects: 0.383375 ms)

Prepare: number of updated asset objects reloaded= 0
========================================================================
Received Prepare
Begin MonoManager ReloadAssembly
Thread 0x16df8b000 may have been prematurely finalized
- Loaded All Assemblies, in  0.316 seconds
Script 'CharacterController' has the same name as built-in Unity component.
AddComponent and GetComponent will not work with this script.
OnLevelWasLoaded was found on UserPrefs
This message has been deprecated and will be removed in a later version of Unity.
Add a delegate to SceneManager.sceneLoaded instead to get notifications after scene loading has completed
Refreshing native plugins compatible for Editor in 0.32 ms, found 3 plugins.
OnLevelWasLoaded was found on UserPrefs
This message has been deprecated and will be removed in a later version of Unity.
Add a delegate to SceneManager.sceneLoaded instead to get notifications after scene loading has completed
Native extension for OSXStandalone target not found
[Package Manager] Failed to launch server process. Reason: Unity was launched with the -noUpm command-line argument
[Package Manager] Unable to send message (not connected to server process).
[Package Manager] Cannot connect to Unity Package Manager local server
Mono: successfully reloaded assembly
- Finished resetting the current domain, in  0.333 seconds
Domain Reload Profiling: 650ms
	BeginReloadAssembly (105ms)
		ExecutionOrderSort (0ms)
		DisableScriptedObjects (7ms)
		BackupInstance (0ms)
		ReleaseScriptingObjects (0ms)
		CreateAndSetChildDomain (38ms)
	RebuildCommonClasses (25ms)
	RebuildNativeTypeToScriptingClass (9ms)
	initialDomainReloadingComplete (12ms)
	LoadAllAssembliesAndSetupDomain (167ms)
		LoadAssemblies (123ms)
		RebuildTransferFunctionScriptingTraits (0ms)
		AnalyzeDomain (73ms)
			TypeCache.Refresh (4ms)
				TypeCache.ScanAssembly (0ms)
			BuildScriptInfoCaches (65ms)
			ResolveRequiredComponents (3ms)
	FinalizeReload (333ms)
		ReleaseScriptCaches (0ms)
		RebuildScriptCaches (0ms)
		SetupLoadedEditorAssemblies (275ms)
			LogAssemblyErrors (0ms)
			InitializePlatformSupportModulesInManaged (1ms)
			SetLoadedEditorAssemblies (2ms)
			BeforeProcessingInitializeOnLoad (65ms)
			ProcessInitializeOnLoadAttributes (183ms)
			ProcessInitializeOnLoadMethodAttributes (23ms)
			AfterProcessingInitializeOnLoad (1ms)
			EditorAssembliesLoaded (0ms)
		ExecutionOrderSort2 (0ms)
		AwakeInstancesAfterBackupRestoration (2ms)
Refreshing native plugins compatible for Editor in 0.36 ms, found 3 plugins.
Preloading 0 native plugins for Editor in 0.00 ms.
Unloading 0 Unused Serialized files (Serialized files now loaded: 0)
Unloading 3577 unused Assets / (0.7 MB). Loaded Objects now: 4187.
Memory consumption went from 92.0 MB to 91.3 MB.
Total: 4.172750 ms (FindLiveObjects: 0.156166 ms CreateObjectMapping: 0.063750 ms MarkObjects: 3.504708 ms  DeleteObjects: 0.447625 ms)

Prepare: number of updated asset objects reloaded= 0
========================================================================
Received Prepare
Begin MonoManager ReloadAssembly
Thread 0x16df8b000 may have been prematurely finalized
- Loaded All Assemblies, in  0.330 seconds
Script 'CharacterController' has the same name as built-in Unity component.
AddComponent and GetComponent will not work with this script.
OnLevelWasLoaded was found on UserPrefs
This message has been deprecated and will be removed in a later version of Unity.
Add a delegate to SceneManager.sceneLoaded instead to get notifications after scene loading has completed
Refreshing native plugins compatible for Editor in 0.35 ms, found 3 plugins.
OnLevelWasLoaded was found on UserPrefs
This message has been deprecated and will be removed in a later version of Unity.
Add a delegate to SceneManager.sceneLoaded instead to get notifications after scene loading has completed
Native extension for OSXStandalone target not found
[Package Manager] Failed to launch server process. Reason: Unity was launched with the -noUpm command-line argument
[Package Manager] Unable to send message (not connected to server process).
[Package Manager] Cannot connect to Unity Package Manager local server
Mono: successfully reloaded assembly
- Finished resetting the current domain, in  0.371 seconds
Domain Reload Profiling: 702ms
	BeginReloadAssembly (107ms)
		ExecutionOrderSort (0ms)
		DisableScriptedObjects (7ms)
		BackupInstance (0ms)
		ReleaseScriptingObjects (0ms)
		CreateAndSetChildDomain (40ms)
	RebuildCommonClasses (25ms)
	RebuildNativeTypeToScriptingClass (9ms)
	initialDomainReloadingComplete (13ms)
	LoadAllAssembliesAndSetupDomain (177ms)
		LoadAssemblies (131ms)
		RebuildTransferFunctionScriptingTraits (0ms)
		AnalyzeDomain (76ms)
			TypeCache.Refresh (6ms)
				TypeCache.ScanAssembly (0ms)
			BuildScriptInfoCaches (66ms)
			ResolveRequiredComponents (3ms)
	FinalizeReload (371ms)
		ReleaseScriptCaches (0ms)
		RebuildScriptCaches (0ms)
		SetupLoadedEditorAssemblies (307ms)
			LogAssemblyErrors (0ms)
			InitializePlatformSupportModulesInManaged (1ms)
			SetLoadedEditorAssemblies (2ms)
			BeforeProcessingInitializeOnLoad (72ms)
			ProcessInitializeOnLoadAttributes (204ms)
			ProcessInitializeOnLoadMethodAttributes (27ms)
			AfterProcessingInitializeOnLoad (1ms)
			EditorAssembliesLoaded (0ms)
		ExecutionOrderSort2 (0ms)
		AwakeInstancesAfterBackupRestoration (2ms)
Refreshing native plugins compatible for Editor in 0.38 ms, found 3 plugins.
Preloading 0 native plugins for Editor in 0.00 ms.
Unloading 0 Unused Serialized files (Serialized files now loaded: 0)
Unloading 3577 unused Assets / (0.8 MB). Loaded Objects now: 4189.
Memory consumption went from 92.0 MB to 91.1 MB.
Total: 4.667250 ms (FindLiveObjects: 0.187667 ms CreateObjectMapping: 0.074041 ms MarkObjects: 3.908833 ms  DeleteObjects: 0.496208 ms)

Prepare: number of updated asset objects reloaded= 0
========================================================================
Received Prepare
Begin MonoManager ReloadAssembly
Thread 0x16df8b000 may have been prematurely finalized
- Loaded All Assemblies, in  0.324 seconds
Script 'CharacterController' has the same name as built-in Unity component.
AddComponent and GetComponent will not work with this script.
OnLevelWasLoaded was found on UserPrefs
This message has been deprecated and will be removed in a later version of Unity.
Add a delegate to SceneManager.sceneLoaded instead to get notifications after scene loading has completed
Refreshing native plugins compatible for Editor in 0.34 ms, found 3 plugins.
OnLevelWasLoaded was found on UserPrefs
This message has been deprecated and will be removed in a later version of Unity.
Add a delegate to SceneManager.sceneLoaded instead to get notifications after scene loading has completed
Native extension for OSXStandalone target not found
[Package Manager] Failed to launch server process. Reason: Unity was launched with the -noUpm command-line argument
[Package Manager] Unable to send message (not connected to server process).
[Package Manager] Cannot connect to Unity Package Manager local server
Mono: successfully reloaded assembly
- Finished resetting the current domain, in  0.337 seconds
Domain Reload Profiling: 662ms
	BeginReloadAssembly (108ms)
		ExecutionOrderSort (0ms)
		DisableScriptedObjects (7ms)
		BackupInstance (0ms)
		ReleaseScriptingObjects (0ms)
		CreateAndSetChildDomain (38ms)
	RebuildCommonClasses (26ms)
	RebuildNativeTypeToScriptingClass (9ms)
	initialDomainReloadingComplete (13ms)
	LoadAllAssembliesAndSetupDomain (170ms)
		LoadAssemblies (127ms)
		RebuildTransferFunctionScriptingTraits (0ms)
		AnalyzeDomain (74ms)
			TypeCache.Refresh (4ms)
				TypeCache.ScanAssembly (0ms)
			BuildScriptInfoCaches (66ms)
			ResolveRequiredComponents (3ms)
	FinalizeReload (337ms)
		ReleaseScriptCaches (0ms)
		RebuildScriptCaches (0ms)
		SetupLoadedEditorAssemblies (277ms)
			LogAssemblyErrors (0ms)
			InitializePlatformSupportModulesInManaged (1ms)
			SetLoadedEditorAssemblies (2ms)
			BeforeProcessingInitializeOnLoad (67ms)
			ProcessInitializeOnLoadAttributes (181ms)
			ProcessInitializeOnLoadMethodAttributes (25ms)
			AfterProcessingInitializeOnLoad (1ms)
			EditorAssembliesLoaded (0ms)
		ExecutionOrderSort2 (0ms)
		AwakeInstancesAfterBackupRestoration (2ms)
Refreshing native plugins compatible for Editor in 0.36 ms, found 3 plugins.
Preloading 0 native plugins for Editor in 0.00 ms.
Unloading 0 Unused Serialized files (Serialized files now loaded: 0)
Unloading 3577 unused Assets / (0.7 MB). Loaded Objects now: 4191.
Memory consumption went from 92.0 MB to 91.3 MB.
Total: 4.035292 ms (FindLiveObjects: 0.174250 ms CreateObjectMapping: 0.072084 ms MarkObjects: 3.421875 ms  DeleteObjects: 0.366542 ms)

Prepare: number of updated asset objects reloaded= 0
========================================================================
Received Prepare
Begin MonoManager ReloadAssembly
[Licensing::Client] Successfully resolved entitlement details
[Licensing::Module] License group:
  Id: SC-Z3YQ-WUSF-P4AN-EAMM-XXXX
  Product: Unity Pro
  Type: ULF
  Expiration: 2026-06-16T00:00:00Z
[Licensing::Module] License group:
  Id: 7972300754960-playvalve-UnityGamesPrXXXX
  Product: Unity Enterprise
  Type: Assigned
  Expiration: 2026-06-10T00:00:00Z
Thread 0x16df8b000 may have been prematurely finalized
- Loaded All Assemblies, in  0.310 seconds
Script 'CharacterController' has the same name as built-in Unity component.
AddComponent and GetComponent will not work with this script.
OnLevelWasLoaded was found on UserPrefs
This message has been deprecated and will be removed in a later version of Unity.
Add a delegate to SceneManager.sceneLoaded instead to get notifications after scene loading has completed
Refreshing native plugins compatible for Editor in 0.33 ms, found 3 plugins.
OnLevelWasLoaded was found on UserPrefs
This message has been deprecated and will be removed in a later version of Unity.
Add a delegate to SceneManager.sceneLoaded instead to get notifications after scene loading has completed
Native extension for OSXStandalone target not found
[Package Manager] Failed to launch server process. Reason: Unity was launched with the -noUpm command-line argument
[Package Manager] Unable to send message (not connected to server process).
[Package Manager] Cannot connect to Unity Package Manager local server
Mono: successfully reloaded assembly
- Finished resetting the current domain, in  0.326 seconds
Domain Reload Profiling: 637ms
	BeginReloadAssembly (101ms)
		ExecutionOrderSort (0ms)
		DisableScriptedObjects (7ms)
		BackupInstance (0ms)
		ReleaseScriptingObjects (0ms)
		CreateAndSetChildDomain (36ms)
	RebuildCommonClasses (24ms)
	RebuildNativeTypeToScriptingClass (9ms)
	initialDomainReloadingComplete (12ms)
	LoadAllAssembliesAndSetupDomain (164ms)
		LoadAssemblies (121ms)
		RebuildTransferFunctionScriptingTraits (0ms)
		AnalyzeDomain (71ms)
			TypeCache.Refresh (5ms)
				TypeCache.ScanAssembly (0ms)
			BuildScriptInfoCaches (62ms)
			ResolveRequiredComponents (3ms)
	FinalizeReload (326ms)
		ReleaseScriptCaches (0ms)
		RebuildScriptCaches (0ms)
		SetupLoadedEditorAssemblies (267ms)
			LogAssemblyErrors (0ms)
			InitializePlatformSupportModulesInManaged (1ms)
			SetLoadedEditorAssemblies (2ms)
			BeforeProcessingInitializeOnLoad (64ms)
			ProcessInitializeOnLoadAttributes (177ms)
			ProcessInitializeOnLoadMethodAttributes (23ms)
			AfterProcessingInitializeOnLoad (1ms)
			EditorAssembliesLoaded (0ms)
		ExecutionOrderSort2 (0ms)
		AwakeInstancesAfterBackupRestoration (2ms)
Refreshing native plugins compatible for Editor in 0.37 ms, found 3 plugins.
Preloading 0 native plugins for Editor in 0.00 ms.
Unloading 0 Unused Serialized files (Serialized files now loaded: 0)
Unloading 3577 unused Assets / (0.7 MB). Loaded Objects now: 4193.
Memory consumption went from 92.0 MB to 91.3 MB.
Total: 3.964917 ms (FindLiveObjects: 0.157375 ms CreateObjectMapping: 0.073833 ms MarkObjects: 3.371375 ms  DeleteObjects: 0.361875 ms)

Prepare: number of updated asset objects reloaded= 0
========================================================================
Received Prepare
Begin MonoManager ReloadAssembly
Thread 0x16df8b000 may have been prematurely finalized
- Loaded All Assemblies, in  0.316 seconds
Script 'CharacterController' has the same name as built-in Unity component.
AddComponent and GetComponent will not work with this script.
OnLevelWasLoaded was found on UserPrefs
This message has been deprecated and will be removed in a later version of Unity.
Add a delegate to SceneManager.sceneLoaded instead to get notifications after scene loading has completed
Refreshing native plugins compatible for Editor in 0.32 ms, found 3 plugins.
OnLevelWasLoaded was found on UserPrefs
This message has been deprecated and will be removed in a later version of Unity.
Add a delegate to SceneManager.sceneLoaded instead to get notifications after scene loading has completed
Native extension for OSXStandalone target not found
[Package Manager] Failed to launch server process. Reason: Unity was launched with the -noUpm command-line argument
[Package Manager] Unable to send message (not connected to server process).
[Package Manager] Cannot connect to Unity Package Manager local server
Mono: successfully reloaded assembly
- Finished resetting the current domain, in  0.334 seconds
Domain Reload Profiling: 652ms
	BeginReloadAssembly (105ms)
		ExecutionOrderSort (0ms)
		DisableScriptedObjects (7ms)
		BackupInstance (0ms)
		ReleaseScriptingObjects (0ms)
		CreateAndSetChildDomain (39ms)
	RebuildCommonClasses (25ms)
	RebuildNativeTypeToScriptingClass (9ms)
	initialDomainReloadingComplete (12ms)
	LoadAllAssembliesAndSetupDomain (166ms)
		LoadAssemblies (123ms)
		RebuildTransferFunctionScriptingTraits (0ms)
		AnalyzeDomain (72ms)
			TypeCache.Refresh (4ms)
				TypeCache.ScanAssembly (0ms)
			BuildScriptInfoCaches (64ms)
			ResolveRequiredComponents (3ms)
	FinalizeReload (335ms)
		ReleaseScriptCaches (0ms)
		RebuildScriptCaches (0ms)
		SetupLoadedEditorAssemblies (272ms)
			LogAssemblyErrors (0ms)
			InitializePlatformSupportModulesInManaged (1ms)
			SetLoadedEditorAssemblies (2ms)
			BeforeProcessingInitializeOnLoad (65ms)
			ProcessInitializeOnLoadAttributes (179ms)
			ProcessInitializeOnLoadMethodAttributes (23ms)
			AfterProcessingInitializeOnLoad (1ms)
			EditorAssembliesLoaded (0ms)
		ExecutionOrderSort2 (0ms)
		AwakeInstancesAfterBackupRestoration (2ms)
Refreshing native plugins compatible for Editor in 0.38 ms, found 3 plugins.
Preloading 0 native plugins for Editor in 0.00 ms.
Unloading 0 Unused Serialized files (Serialized files now loaded: 0)
Unloading 3577 unused Assets / (0.7 MB). Loaded Objects now: 4195.
Memory consumption went from 92.0 MB to 91.2 MB.
Total: 4.521042 ms (FindLiveObjects: 0.176791 ms CreateObjectMapping: 0.065334 ms MarkObjects: 3.781125 ms  DeleteObjects: 0.497292 ms)

Prepare: number of updated asset objects reloaded= 0
========================================================================
Received Prepare
Begin MonoManager ReloadAssembly
[Licensing::Client] Successfully resolved entitlement details
[Licensing::Module] License group:
  Id: SC-Z3YQ-WUSF-P4AN-EAMM-XXXX
  Product: Unity Pro
  Type: ULF
  Expiration: 2026-06-16T00:00:00Z
[Licensing::Module] License group:
  Id: 7972300754960-playvalve-UnityGamesPrXXXX
  Product: Unity Enterprise
  Type: Assigned
  Expiration: 2026-06-10T00:00:00Z
Thread 0x16df8b000 may have been prematurely finalized
- Loaded All Assemblies, in  0.331 seconds
Script 'CharacterController' has the same name as built-in Unity component.
AddComponent and GetComponent will not work with this script.
OnLevelWasLoaded was found on UserPrefs
This message has been deprecated and will be removed in a later version of Unity.
Add a delegate to SceneManager.sceneLoaded instead to get notifications after scene loading has completed
Refreshing native plugins compatible for Editor in 0.35 ms, found 3 plugins.
OnLevelWasLoaded was found on UserPrefs
This message has been deprecated and will be removed in a later version of Unity.
Add a delegate to SceneManager.sceneLoaded instead to get notifications after scene loading has completed
Native extension for OSXStandalone target not found
[Package Manager] Failed to launch server process. Reason: Unity was launched with the -noUpm command-line argument
[Package Manager] Unable to send message (not connected to server process).
[Package Manager] Cannot connect to Unity Package Manager local server
Mono: successfully reloaded assembly
- Finished resetting the current domain, in  0.352 seconds
Domain Reload Profiling: 684ms
	BeginReloadAssembly (104ms)
		ExecutionOrderSort (0ms)
		DisableScriptedObjects (7ms)
		BackupInstance (0ms)
		ReleaseScriptingObjects (0ms)
		CreateAndSetChildDomain (37ms)
	RebuildCommonClasses (25ms)
	RebuildNativeTypeToScriptingClass (9ms)
	initialDomainReloadingComplete (12ms)
	LoadAllAssembliesAndSetupDomain (182ms)
		LoadAssemblies (132ms)
		RebuildTransferFunctionScriptingTraits (0ms)
		AnalyzeDomain (79ms)
			TypeCache.Refresh (7ms)
				TypeCache.ScanAssembly (1ms)
			BuildScriptInfoCaches (67ms)
			ResolveRequiredComponents (3ms)
	FinalizeReload (352ms)
		ReleaseScriptCaches (0ms)
		RebuildScriptCaches (0ms)
		SetupLoadedEditorAssemblies (289ms)
			LogAssemblyErrors (0ms)
			InitializePlatformSupportModulesInManaged (1ms)
			SetLoadedEditorAssemblies (2ms)
			BeforeProcessingInitializeOnLoad (69ms)
			ProcessInitializeOnLoadAttributes (191ms)
			ProcessInitializeOnLoadMethodAttributes (25ms)
			AfterProcessingInitializeOnLoad (1ms)
			EditorAssembliesLoaded (0ms)
		ExecutionOrderSort2 (0ms)
		AwakeInstancesAfterBackupRestoration (2ms)
Refreshing native plugins compatible for Editor in 0.37 ms, found 3 plugins.
Preloading 0 native plugins for Editor in 0.00 ms.
Unloading 0 Unused Serialized files (Serialized files now loaded: 0)
Unloading 3577 unused Assets / (0.7 MB). Loaded Objects now: 4197.
Memory consumption went from 92.0 MB to 91.3 MB.
Total: 4.235959 ms (FindLiveObjects: 0.169083 ms CreateObjectMapping: 0.067459 ms MarkObjects: 3.612834 ms  DeleteObjects: 0.386167 ms)

Prepare: number of updated asset objects reloaded= 0
========================================================================
Received Prepare
Begin MonoManager ReloadAssembly
[Licensing::Client] Successfully resolved entitlement details
[Licensing::Module] License group:
  Id: SC-Z3YQ-WUSF-P4AN-EAMM-XXXX
  Product: Unity Pro
  Type: ULF
  Expiration: 2026-06-16T00:00:00Z
[Licensing::Module] License group:
  Id: 7972300754960-playvalve-UnityGamesPrXXXX
  Product: Unity Enterprise
  Type: Assigned
  Expiration: 2026-06-10T00:00:00Z
Thread 0x16df8b000 may have been prematurely finalized
- Loaded All Assemblies, in  0.318 seconds
Script 'CharacterController' has the same name as built-in Unity component.
AddComponent and GetComponent will not work with this script.
OnLevelWasLoaded was found on UserPrefs
This message has been deprecated and will be removed in a later version of Unity.
Add a delegate to SceneManager.sceneLoaded instead to get notifications after scene loading has completed
Refreshing native plugins compatible for Editor in 0.31 ms, found 3 plugins.
OnLevelWasLoaded was found on UserPrefs
This message has been deprecated and will be removed in a later version of Unity.
Add a delegate to SceneManager.sceneLoaded instead to get notifications after scene loading has completed
Native extension for OSXStandalone target not found
[Package Manager] Failed to launch server process. Reason: Unity was launched with the -noUpm command-line argument
[Package Manager] Unable to send message (not connected to server process).
[Package Manager] Cannot connect to Unity Package Manager local server
Mono: successfully reloaded assembly
- Finished resetting the current domain, in  0.332 seconds
Domain Reload Profiling: 651ms
	BeginReloadAssembly (107ms)
		ExecutionOrderSort (0ms)
		DisableScriptedObjects (7ms)
		BackupInstance (0ms)
		ReleaseScriptingObjects (0ms)
		CreateAndSetChildDomain (37ms)
	RebuildCommonClasses (25ms)
	RebuildNativeTypeToScriptingClass (9ms)
	initialDomainReloadingComplete (12ms)
	LoadAllAssembliesAndSetupDomain (166ms)
		LoadAssemblies (125ms)
		RebuildTransferFunctionScriptingTraits (0ms)
		AnalyzeDomain (71ms)
			TypeCache.Refresh (5ms)
				TypeCache.ScanAssembly (0ms)
			BuildScriptInfoCaches (62ms)
			ResolveRequiredComponents (3ms)
	FinalizeReload (332ms)
		ReleaseScriptCaches (0ms)
		RebuildScriptCaches (0ms)
		SetupLoadedEditorAssemblies (275ms)
			LogAssemblyErrors (0ms)
			InitializePlatformSupportModulesInManaged (1ms)
			SetLoadedEditorAssemblies (2ms)
			BeforeProcessingInitializeOnLoad (66ms)
			ProcessInitializeOnLoadAttributes (181ms)
			ProcessInitializeOnLoadMethodAttributes (24ms)
			AfterProcessingInitializeOnLoad (1ms)
			EditorAssembliesLoaded (0ms)
		ExecutionOrderSort2 (0ms)
		AwakeInstancesAfterBackupRestoration (2ms)
Refreshing native plugins compatible for Editor in 0.38 ms, found 3 plugins.
Preloading 0 native plugins for Editor in 0.00 ms.
Unloading 0 Unused Serialized files (Serialized files now loaded: 0)
Unloading 3577 unused Assets / (0.8 MB). Loaded Objects now: 4199.
Memory consumption went from 92.0 MB to 91.2 MB.
Total: 3.966459 ms (FindLiveObjects: 0.160625 ms CreateObjectMapping: 0.065667 ms MarkObjects: 3.401833 ms  DeleteObjects: 0.337709 ms)

Prepare: number of updated asset objects reloaded= 0
========================================================================
Received Prepare
Begin MonoManager ReloadAssembly
Thread 0x16deff000 may have been prematurely finalized
- Loaded All Assemblies, in  0.318 seconds
Script 'CharacterController' has the same name as built-in Unity component.
AddComponent and GetComponent will not work with this script.
OnLevelWasLoaded was found on UserPrefs
This message has been deprecated and will be removed in a later version of Unity.
Add a delegate to SceneManager.sceneLoaded instead to get notifications after scene loading has completed
Refreshing native plugins compatible for Editor in 0.32 ms, found 3 plugins.
OnLevelWasLoaded was found on UserPrefs
This message has been deprecated and will be removed in a later version of Unity.
Add a delegate to SceneManager.sceneLoaded instead to get notifications after scene loading has completed
Native extension for OSXStandalone target not found
[Package Manager] Failed to launch server process. Reason: Unity was launched with the -noUpm command-line argument
[Package Manager] Unable to send message (not connected to server process).
[Package Manager] Cannot connect to Unity Package Manager local server
Mono: successfully reloaded assembly
- Finished resetting the current domain, in  0.334 seconds
Domain Reload Profiling: 653ms
	BeginReloadAssembly (108ms)
		ExecutionOrderSort (0ms)
		DisableScriptedObjects (7ms)
		BackupInstance (0ms)
		ReleaseScriptingObjects (0ms)
		CreateAndSetChildDomain (41ms)
	RebuildCommonClasses (24ms)
	RebuildNativeTypeToScriptingClass (9ms)
	initialDomainReloadingComplete (12ms)
	LoadAllAssembliesAndSetupDomain (166ms)
		LoadAssemblies (123ms)
		RebuildTransferFunctionScriptingTraits (0ms)
		AnalyzeDomain (72ms)
			TypeCache.Refresh (4ms)
				TypeCache.ScanAssembly (0ms)
			BuildScriptInfoCaches (64ms)
			ResolveRequiredComponents (3ms)
	FinalizeReload (335ms)
		ReleaseScriptCaches (0ms)
		RebuildScriptCaches (0ms)
		SetupLoadedEditorAssemblies (273ms)
			LogAssemblyErrors (0ms)
			InitializePlatformSupportModulesInManaged (1ms)
			SetLoadedEditorAssemblies (2ms)
			BeforeProcessingInitializeOnLoad (67ms)
			ProcessInitializeOnLoadAttributes (181ms)
			ProcessInitializeOnLoadMethodAttributes (22ms)
			AfterProcessingInitializeOnLoad (1ms)
			EditorAssembliesLoaded (0ms)
		ExecutionOrderSort2 (0ms)
		AwakeInstancesAfterBackupRestoration (2ms)
Refreshing native plugins compatible for Editor in 0.34 ms, found 3 plugins.
Preloading 0 native plugins for Editor in 0.00 ms.
Unloading 0 Unused Serialized files (Serialized files now loaded: 0)
Unloading 3577 unused Assets / (0.7 MB). Loaded Objects now: 4201.
Memory consumption went from 92.0 MB to 91.3 MB.
Total: 3.784333 ms (FindLiveObjects: 0.163791 ms CreateObjectMapping: 0.067709 ms MarkObjects: 3.191042 ms  DeleteObjects: 0.361334 ms)

Prepare: number of updated asset objects reloaded= 0
========================================================================
Received Prepare
Script 'CharacterController' has the same name as built-in Unity component.
AddComponent and GetComponent will not work with this script.
OnLevelWasLoaded was found on UserPrefs
This message has been deprecated and will be removed in a later version of Unity.
Add a delegate to SceneManager.sceneLoaded instead to get notifications after scene loading has completed
Refreshing native plugins compatible for Editor in 0.37 ms, found 3 plugins.
Preloading 0 native plugins for Editor in 0.00 ms.
Unloading 0 Unused Serialized files (Serialized files now loaded: 0)
Unloading 3566 unused Assets / (157.1 KB). Loaded Objects now: 4201.
Memory consumption went from 84.1 MB to 83.9 MB.
Total: 4.889208 ms (FindLiveObjects: 0.183875 ms CreateObjectMapping: 0.065708 ms MarkObjects: 4.173459 ms  DeleteObjects: 0.465375 ms)

Prepare: number of updated asset objects reloaded= 0
========================================================================
Received Prepare
Begin MonoManager ReloadAssembly
[Licensing::Client] Successfully resolved entitlement details
[Licensing::Module] License group:
  Id: SC-Z3YQ-WUSF-P4AN-EAMM-XXXX
  Product: Unity Pro
  Type: ULF
  Expiration: 2026-06-16T00:00:00Z
[Licensing::Module] License group:
  Id: 7972300754960-playvalve-UnityGamesPrXXXX
  Product: Unity Enterprise
  Type: Assigned
  Expiration: 2026-06-10T00:00:00Z
Thread 0x16deff000 may have been prematurely finalized
- Loaded All Assemblies, in  0.312 seconds
Script 'CharacterController' has the same name as built-in Unity component.
AddComponent and GetComponent will not work with this script.
OnLevelWasLoaded was found on UserPrefs
This message has been deprecated and will be removed in a later version of Unity.
Add a delegate to SceneManager.sceneLoaded instead to get notifications after scene loading has completed
Refreshing native plugins compatible for Editor in 0.32 ms, found 3 plugins.
OnLevelWasLoaded was found on UserPrefs
This message has been deprecated and will be removed in a later version of Unity.
Add a delegate to SceneManager.sceneLoaded instead to get notifications after scene loading has completed
Native extension for OSXStandalone target not found
[Package Manager] Failed to launch server process. Reason: Unity was launched with the -noUpm command-line argument
[Package Manager] Unable to send message (not connected to server process).
[Package Manager] Cannot connect to Unity Package Manager local server
Mono: successfully reloaded assembly
- Finished resetting the current domain, in  0.350 seconds
Domain Reload Profiling: 664ms
	BeginReloadAssembly (101ms)
		ExecutionOrderSort (0ms)
		DisableScriptedObjects (7ms)
		BackupInstance (0ms)
		ReleaseScriptingObjects (0ms)
		CreateAndSetChildDomain (36ms)
	RebuildCommonClasses (24ms)
	RebuildNativeTypeToScriptingClass (9ms)
	initialDomainReloadingComplete (12ms)
	LoadAllAssembliesAndSetupDomain (167ms)
		LoadAssemblies (121ms)
		RebuildTransferFunctionScriptingTraits (0ms)
		AnalyzeDomain (74ms)
			TypeCache.Refresh (6ms)
				TypeCache.ScanAssembly (0ms)
			BuildScriptInfoCaches (63ms)
			ResolveRequiredComponents (3ms)
	FinalizeReload (351ms)
		ReleaseScriptCaches (0ms)
		RebuildScriptCaches (0ms)
		SetupLoadedEditorAssemblies (289ms)
			LogAssemblyErrors (0ms)
			InitializePlatformSupportModulesInManaged (1ms)
			SetLoadedEditorAssemblies (2ms)
			BeforeProcessingInitializeOnLoad (67ms)
			ProcessInitializeOnLoadAttributes (192ms)
			ProcessInitializeOnLoadMethodAttributes (26ms)
			AfterProcessingInitializeOnLoad (1ms)
			EditorAssembliesLoaded (0ms)
		ExecutionOrderSort2 (0ms)
		AwakeInstancesAfterBackupRestoration (2ms)
Refreshing native plugins compatible for Editor in 0.40 ms, found 3 plugins.
Preloading 0 native plugins for Editor in 0.00 ms.
Unloading 0 Unused Serialized files (Serialized files now loaded: 0)
Unloading 3577 unused Assets / (0.8 MB). Loaded Objects now: 4203.
Memory consumption went from 92.0 MB to 91.2 MB.
Total: 4.424791 ms (FindLiveObjects: 0.182292 ms CreateObjectMapping: 0.069917 ms MarkObjects: 3.751000 ms  DeleteObjects: 0.421083 ms)

Prepare: number of updated asset objects reloaded= 0
========================================================================
Received Prepare
Begin MonoManager ReloadAssembly
Thread 0x16deff000 may have been prematurely finalized
- Loaded All Assemblies, in  0.323 seconds
Script 'CharacterController' has the same name as built-in Unity component.
AddComponent and GetComponent will not work with this script.
OnLevelWasLoaded was found on UserPrefs
This message has been deprecated and will be removed in a later version of Unity.
Add a delegate to SceneManager.sceneLoaded instead to get notifications after scene loading has completed
Refreshing native plugins compatible for Editor in 0.33 ms, found 3 plugins.
OnLevelWasLoaded was found on UserPrefs
This message has been deprecated and will be removed in a later version of Unity.
Add a delegate to SceneManager.sceneLoaded instead to get notifications after scene loading has completed
Native extension for OSXStandalone target not found
[Package Manager] Failed to launch server process. Reason: Unity was launched with the -noUpm command-line argument
[Package Manager] Unable to send message (not connected to server process).
[Package Manager] Cannot connect to Unity Package Manager local server
Mono: successfully reloaded assembly
- Finished resetting the current domain, in  0.330 seconds
Domain Reload Profiling: 654ms
	BeginReloadAssembly (112ms)
		ExecutionOrderSort (0ms)
		DisableScriptedObjects (7ms)
		BackupInstance (0ms)
		ReleaseScriptingObjects (0ms)
		CreateAndSetChildDomain (46ms)
	RebuildCommonClasses (24ms)
	RebuildNativeTypeToScriptingClass (9ms)
	initialDomainReloadingComplete (12ms)
	LoadAllAssembliesAndSetupDomain (167ms)
		LoadAssemblies (122ms)
		RebuildTransferFunctionScriptingTraits (0ms)
		AnalyzeDomain (72ms)
			TypeCache.Refresh (4ms)
				TypeCache.ScanAssembly (0ms)
			BuildScriptInfoCaches (64ms)
			ResolveRequiredComponents (3ms)
	FinalizeReload (330ms)
		ReleaseScriptCaches (0ms)
		RebuildScriptCaches (0ms)
		SetupLoadedEditorAssemblies (271ms)
			LogAssemblyErrors (0ms)
			InitializePlatformSupportModulesInManaged (1ms)
			SetLoadedEditorAssemblies (2ms)
			BeforeProcessingInitializeOnLoad (64ms)
			ProcessInitializeOnLoadAttributes (178ms)
			ProcessInitializeOnLoadMethodAttributes (24ms)
			AfterProcessingInitializeOnLoad (1ms)
			EditorAssembliesLoaded (0ms)
		ExecutionOrderSort2 (0ms)
		AwakeInstancesAfterBackupRestoration (2ms)
Refreshing native plugins compatible for Editor in 0.37 ms, found 3 plugins.
Preloading 0 native plugins for Editor in 0.00 ms.
Unloading 0 Unused Serialized files (Serialized files now loaded: 0)
Unloading 3577 unused Assets / (0.7 MB). Loaded Objects now: 4205.
Memory consumption went from 92.0 MB to 91.3 MB.
Total: 4.432666 ms (FindLiveObjects: 0.178459 ms CreateObjectMapping: 0.075042 ms MarkObjects: 3.742042 ms  DeleteObjects: 0.436458 ms)

Prepare: number of updated asset objects reloaded= 0
========================================================================
Received Prepare
Begin MonoManager ReloadAssembly
[Licensing::Client] Successfully resolved entitlement details
[Licensing::Module] License group:
  Id: SC-Z3YQ-WUSF-P4AN-EAMM-XXXX
  Product: Unity Pro
  Type: ULF
  Expiration: 2026-06-16T00:00:00Z
[Licensing::Module] License group:
  Id: 7972300754960-playvalve-UnityGamesPrXXXX
  Product: Unity Enterprise
  Type: Assigned
  Expiration: 2026-06-10T00:00:00Z
Thread 0x16deff000 may have been prematurely finalized
- Loaded All Assemblies, in  0.324 seconds
Script 'CharacterController' has the same name as built-in Unity component.
AddComponent and GetComponent will not work with this script.
OnLevelWasLoaded was found on UserPrefs
This message has been deprecated and will be removed in a later version of Unity.
Add a delegate to SceneManager.sceneLoaded instead to get notifications after scene loading has completed
Refreshing native plugins compatible for Editor in 0.35 ms, found 3 plugins.
OnLevelWasLoaded was found on UserPrefs
This message has been deprecated and will be removed in a later version of Unity.
Add a delegate to SceneManager.sceneLoaded instead to get notifications after scene loading has completed
Native extension for OSXStandalone target not found
[Package Manager] Failed to launch server process. Reason: Unity was launched with the -noUpm command-line argument
[Package Manager] Unable to send message (not connected to server process).
[Package Manager] Cannot connect to Unity Package Manager local server
Mono: successfully reloaded assembly
- Finished resetting the current domain, in  0.343 seconds
Domain Reload Profiling: 667ms
	BeginReloadAssembly (104ms)
		ExecutionOrderSort (0ms)
		DisableScriptedObjects (7ms)
		BackupInstance (0ms)
		ReleaseScriptingObjects (0ms)
		CreateAndSetChildDomain (38ms)
	RebuildCommonClasses (25ms)
	RebuildNativeTypeToScriptingClass (9ms)
	initialDomainReloadingComplete (13ms)
	LoadAllAssembliesAndSetupDomain (173ms)
		LoadAssemblies (128ms)
		RebuildTransferFunctionScriptingTraits (0ms)
		AnalyzeDomain (74ms)
			TypeCache.Refresh (6ms)
				TypeCache.ScanAssembly (1ms)
			BuildScriptInfoCaches (64ms)
			ResolveRequiredComponents (3ms)
	FinalizeReload (343ms)
		ReleaseScriptCaches (0ms)
		RebuildScriptCaches (0ms)
		SetupLoadedEditorAssemblies (282ms)
			LogAssemblyErrors (0ms)
			InitializePlatformSupportModulesInManaged (1ms)
			SetLoadedEditorAssemblies (2ms)
			BeforeProcessingInitializeOnLoad (68ms)
			ProcessInitializeOnLoadAttributes (187ms)
			ProcessInitializeOnLoadMethodAttributes (24ms)
			AfterProcessingInitializeOnLoad (1ms)
			EditorAssembliesLoaded (0ms)
		ExecutionOrderSort2 (0ms)
		AwakeInstancesAfterBackupRestoration (2ms)
Refreshing native plugins compatible for Editor in 0.38 ms, found 3 plugins.
Preloading 0 native plugins for Editor in 0.00 ms.
Unloading 0 Unused Serialized files (Serialized files now loaded: 0)
Unloading 3577 unused Assets / (0.7 MB). Loaded Objects now: 4207.
Memory consumption went from 92.0 MB to 91.3 MB.
Total: 3.901458 ms (FindLiveObjects: 0.174792 ms CreateObjectMapping: 0.068959 ms MarkObjects: 3.312250 ms  DeleteObjects: 0.344791 ms)

Prepare: number of updated asset objects reloaded= 0
========================================================================
Received Prepare
Begin MonoManager ReloadAssembly
Thread 0x16deff000 may have been prematurely finalized
- Loaded All Assemblies, in  0.312 seconds
Script 'CharacterController' has the same name as built-in Unity component.
AddComponent and GetComponent will not work with this script.
OnLevelWasLoaded was found on UserPrefs
This message has been deprecated and will be removed in a later version of Unity.
Add a delegate to SceneManager.sceneLoaded instead to get notifications after scene loading has completed
Refreshing native plugins compatible for Editor in 0.33 ms, found 3 plugins.
OnLevelWasLoaded was found on UserPrefs
This message has been deprecated and will be removed in a later version of Unity.
Add a delegate to SceneManager.sceneLoaded instead to get notifications after scene loading has completed
Native extension for OSXStandalone target not found
[Package Manager] Failed to launch server process. Reason: Unity was launched with the -noUpm command-line argument
[Package Manager] Unable to send message (not connected to server process).
[Package Manager] Cannot connect to Unity Package Manager local server
Mono: successfully reloaded assembly
- Finished resetting the current domain, in  0.344 seconds
Domain Reload Profiling: 657ms
	BeginReloadAssembly (104ms)
		ExecutionOrderSort (0ms)
		DisableScriptedObjects (7ms)
		BackupInstance (0ms)
		ReleaseScriptingObjects (0ms)
		CreateAndSetChildDomain (38ms)
	RebuildCommonClasses (24ms)
	RebuildNativeTypeToScriptingClass (9ms)
	initialDomainReloadingComplete (12ms)
	LoadAllAssembliesAndSetupDomain (164ms)
		LoadAssemblies (121ms)
		RebuildTransferFunctionScriptingTraits (0ms)
		AnalyzeDomain (71ms)
			TypeCache.Refresh (4ms)
				TypeCache.ScanAssembly (0ms)
			BuildScriptInfoCaches (62ms)
			ResolveRequiredComponents (3ms)
	FinalizeReload (344ms)
		ReleaseScriptCaches (0ms)
		RebuildScriptCaches (0ms)
		SetupLoadedEditorAssemblies (280ms)
			LogAssemblyErrors (0ms)
			InitializePlatformSupportModulesInManaged (1ms)
			SetLoadedEditorAssemblies (2ms)
			BeforeProcessingInitializeOnLoad (65ms)
			ProcessInitializeOnLoadAttributes (186ms)
			ProcessInitializeOnLoadMethodAttributes (25ms)
			AfterProcessingInitializeOnLoad (1ms)
			EditorAssembliesLoaded (0ms)
		ExecutionOrderSort2 (0ms)
		AwakeInstancesAfterBackupRestoration (2ms)
Refreshing native plugins compatible for Editor in 0.33 ms, found 3 plugins.
Preloading 0 native plugins for Editor in 0.00 ms.
Unloading 0 Unused Serialized files (Serialized files now loaded: 0)
Unloading 3577 unused Assets / (0.7 MB). Loaded Objects now: 4209.
Memory consumption went from 92.0 MB to 91.3 MB.
Total: 3.985916 ms (FindLiveObjects: 0.156833 ms CreateObjectMapping: 0.076208 ms MarkObjects: 3.411000 ms  DeleteObjects: 0.341209 ms)

Prepare: number of updated asset objects reloaded= 0
========================================================================
Received Prepare
Begin MonoManager ReloadAssembly
[Licensing::Client] Successfully resolved entitlement details
[Licensing::Module] License group:
  Id: SC-Z3YQ-WUSF-P4AN-EAMM-XXXX
  Product: Unity Pro
  Type: ULF
  Expiration: 2026-06-16T00:00:00Z
[Licensing::Module] License group:
  Id: 7972300754960-playvalve-UnityGamesPrXXXX
  Product: Unity Enterprise
  Type: Assigned
  Expiration: 2026-06-10T00:00:00Z
Thread 0x16deff000 may have been prematurely finalized
- Loaded All Assemblies, in  0.330 seconds
Script 'CharacterController' has the same name as built-in Unity component.
AddComponent and GetComponent will not work with this script.
OnLevelWasLoaded was found on UserPrefs
This message has been deprecated and will be removed in a later version of Unity.
Add a delegate to SceneManager.sceneLoaded instead to get notifications after scene loading has completed
Refreshing native plugins compatible for Editor in 0.39 ms, found 3 plugins.
OnLevelWasLoaded was found on UserPrefs
This message has been deprecated and will be removed in a later version of Unity.
Add a delegate to SceneManager.sceneLoaded instead to get notifications after scene loading has completed
Native extension for OSXStandalone target not found
[Package Manager] Failed to launch server process. Reason: Unity was launched with the -noUpm command-line argument
[Package Manager] Unable to send message (not connected to server process).
[Package Manager] Cannot connect to Unity Package Manager local server
Mono: successfully reloaded assembly
- Finished resetting the current domain, in  0.344 seconds
Domain Reload Profiling: 675ms
	BeginReloadAssembly (106ms)
		ExecutionOrderSort (0ms)
		DisableScriptedObjects (7ms)
		BackupInstance (0ms)
		ReleaseScriptingObjects (0ms)
		CreateAndSetChildDomain (36ms)
	RebuildCommonClasses (26ms)
	RebuildNativeTypeToScriptingClass (9ms)
	initialDomainReloadingComplete (13ms)
	LoadAllAssembliesAndSetupDomain (178ms)
		LoadAssemblies (133ms)
		RebuildTransferFunctionScriptingTraits (0ms)
		AnalyzeDomain (76ms)
			TypeCache.Refresh (6ms)
				TypeCache.ScanAssembly (1ms)
			BuildScriptInfoCaches (66ms)
			ResolveRequiredComponents (3ms)
	FinalizeReload (344ms)
		ReleaseScriptCaches (0ms)
		RebuildScriptCaches (0ms)
		SetupLoadedEditorAssemblies (282ms)
			LogAssemblyErrors (0ms)
			InitializePlatformSupportModulesInManaged (3ms)
			SetLoadedEditorAssemblies (2ms)
			BeforeProcessingInitializeOnLoad (65ms)
			ProcessInitializeOnLoadAttributes (187ms)
			ProcessInitializeOnLoadMethodAttributes (25ms)
			AfterProcessingInitializeOnLoad (1ms)
			EditorAssembliesLoaded (0ms)
		ExecutionOrderSort2 (0ms)
		AwakeInstancesAfterBackupRestoration (2ms)
Refreshing native plugins compatible for Editor in 0.39 ms, found 3 plugins.
Preloading 0 native plugins for Editor in 0.00 ms.
Unloading 0 Unused Serialized files (Serialized files now loaded: 0)
Unloading 3577 unused Assets / (0.7 MB). Loaded Objects now: 4211.
Memory consumption went from 92.0 MB to 91.3 MB.
Total: 4.201958 ms (FindLiveObjects: 0.180625 ms CreateObjectMapping: 0.077333 ms MarkObjects: 3.535125 ms  DeleteObjects: 0.408375 ms)

Prepare: number of updated asset objects reloaded= 0
========================================================================
Received Prepare
Begin MonoManager ReloadAssembly
Thread 0x16deff000 may have been prematurely finalized
- Loaded All Assemblies, in  0.326 seconds
Script 'CharacterController' has the same name as built-in Unity component.
AddComponent and GetComponent will not work with this script.
OnLevelWasLoaded was found on UserPrefs
This message has been deprecated and will be removed in a later version of Unity.
Add a delegate to SceneManager.sceneLoaded instead to get notifications after scene loading has completed
Refreshing native plugins compatible for Editor in 0.33 ms, found 3 plugins.
OnLevelWasLoaded was found on UserPrefs
This message has been deprecated and will be removed in a later version of Unity.
Add a delegate to SceneManager.sceneLoaded instead to get notifications after scene loading has completed
Native extension for OSXStandalone target not found
[Package Manager] Failed to launch server process. Reason: Unity was launched with the -noUpm command-line argument
[Package Manager] Unable to send message (not connected to server process).
[Package Manager] Cannot connect to Unity Package Manager local server
Mono: successfully reloaded assembly
- Finished resetting the current domain, in  0.331 seconds
Domain Reload Profiling: 658ms
	BeginReloadAssembly (113ms)
		ExecutionOrderSort (0ms)
		DisableScriptedObjects (7ms)
		BackupInstance (0ms)
		ReleaseScriptingObjects (0ms)
		CreateAndSetChildDomain (45ms)
	RebuildCommonClasses (25ms)
	RebuildNativeTypeToScriptingClass (9ms)
	initialDomainReloadingComplete (12ms)
	LoadAllAssembliesAndSetupDomain (168ms)
		LoadAssemblies (126ms)
		RebuildTransferFunctionScriptingTraits (0ms)
		AnalyzeDomain (71ms)
			TypeCache.Refresh (4ms)
				TypeCache.ScanAssembly (0ms)
			BuildScriptInfoCaches (63ms)
			ResolveRequiredComponents (3ms)
	FinalizeReload (332ms)
		ReleaseScriptCaches (0ms)
		RebuildScriptCaches (0ms)
		SetupLoadedEditorAssemblies (271ms)
			LogAssemblyErrors (0ms)
			InitializePlatformSupportModulesInManaged (1ms)
			SetLoadedEditorAssemblies (2ms)
			BeforeProcessingInitializeOnLoad (64ms)
			ProcessInitializeOnLoadAttributes (181ms)
			ProcessInitializeOnLoadMethodAttributes (23ms)
			AfterProcessingInitializeOnLoad (1ms)
			EditorAssembliesLoaded (0ms)
		ExecutionOrderSort2 (0ms)
		AwakeInstancesAfterBackupRestoration (2ms)
Refreshing native plugins compatible for Editor in 0.35 ms, found 3 plugins.
Preloading 0 native plugins for Editor in 0.00 ms.
Unloading 0 Unused Serialized files (Serialized files now loaded: 0)
Unloading 3577 unused Assets / (0.7 MB). Loaded Objects now: 4213.
Memory consumption went from 92.0 MB to 91.3 MB.
Total: 3.980000 ms (FindLiveObjects: 0.160709 ms CreateObjectMapping: 0.065333 ms MarkObjects: 3.414333 ms  DeleteObjects: 0.339083 ms)

Prepare: number of updated asset objects reloaded= 0
========================================================================
Received Import Request.
  Time since last request: 3156.141525 seconds.
  path: Assets/Prefabs/Lobby/Player.prefab
  artifactKey: Guid(54a55169fc6754867ae1669d702fedd9) Importer(815301076,1909f56bfc062723c751e8b465ee728b)
Start importing Assets/Prefabs/Lobby/Player.prefab using Guid(54a55169fc6754867ae1669d702fedd9) Importer(815301076,1909f56bfc062723c751e8b465ee728b) (PreviewImporter) -> (artifact id: '716e941daf239801539402fdb0bf2b83') in 0.036862333 seconds
Number of updated asset objects reloaded before import = 0Number of asset objects unloaded after import = 39

========================================================================
Received Prepare
Begin MonoManager ReloadAssembly
[Licensing::Client] Successfully resolved entitlement details
[Licensing::Module] License group:
  Id: SC-Z3YQ-WUSF-P4AN-EAMM-XXXX
  Product: Unity Pro
  Type: ULF
  Expiration: 2026-06-16T00:00:00Z
[Licensing::Module] License group:
  Id: 7972300754960-playvalve-UnityGamesPrXXXX
  Product: Unity Enterprise
  Type: Assigned
  Expiration: 2026-06-10T00:00:00Z
Thread 0x16deff000 may have been prematurely finalized
- Loaded All Assemblies, in  0.313 seconds
Script 'CharacterController' has the same name as built-in Unity component.
AddComponent and GetComponent will not work with this script.
OnLevelWasLoaded was found on UserPrefs
This message has been deprecated and will be removed in a later version of Unity.
Add a delegate to SceneManager.sceneLoaded instead to get notifications after scene loading has completed
Refreshing native plugins compatible for Editor in 0.33 ms, found 3 plugins.
OnLevelWasLoaded was found on UserPrefs
This message has been deprecated and will be removed in a later version of Unity.
Add a delegate to SceneManager.sceneLoaded instead to get notifications after scene loading has completed
Native extension for OSXStandalone target not found
[Package Manager] Failed to launch server process. Reason: Unity was launched with the -noUpm command-line argument
[Package Manager] Unable to send message (not connected to server process).
[Package Manager] Cannot connect to Unity Package Manager local server
Mono: successfully reloaded assembly
- Finished resetting the current domain, in  0.339 seconds
Domain Reload Profiling: 653ms
	BeginReloadAssembly (105ms)
		ExecutionOrderSort (0ms)
		DisableScriptedObjects (7ms)
		BackupInstance (0ms)
		ReleaseScriptingObjects (0ms)
		CreateAndSetChildDomain (39ms)
	RebuildCommonClasses (24ms)
	RebuildNativeTypeToScriptingClass (9ms)
	initialDomainReloadingComplete (12ms)
	LoadAllAssembliesAndSetupDomain (163ms)
		LoadAssemblies (121ms)
		RebuildTransferFunctionScriptingTraits (0ms)
		AnalyzeDomain (70ms)
			TypeCache.Refresh (4ms)
				TypeCache.ScanAssembly (0ms)
			BuildScriptInfoCaches (62ms)
			ResolveRequiredComponents (3ms)
	FinalizeReload (339ms)
		ReleaseScriptCaches (0ms)
		RebuildScriptCaches (0ms)
		SetupLoadedEditorAssemblies (277ms)
			LogAssemblyErrors (0ms)
			InitializePlatformSupportModulesInManaged (1ms)
			SetLoadedEditorAssemblies (2ms)
			BeforeProcessingInitializeOnLoad (67ms)
			ProcessInitializeOnLoadAttributes (182ms)
			ProcessInitializeOnLoadMethodAttributes (23ms)
			AfterProcessingInitializeOnLoad (1ms)
			EditorAssembliesLoaded (0ms)
		ExecutionOrderSort2 (0ms)
		AwakeInstancesAfterBackupRestoration (2ms)
Refreshing native plugins compatible for Editor in 0.37 ms, found 3 plugins.
Preloading 0 native plugins for Editor in 0.00 ms.
Unloading 0 Unused Serialized files (Serialized files now loaded: 0)
Unloading 3578 unused Assets / (0.7 MB). Loaded Objects now: 4215.
Memory consumption went from 92.0 MB to 91.3 MB.
Total: 3.976291 ms (FindLiveObjects: 0.165459 ms CreateObjectMapping: 0.065500 ms MarkObjects: 3.421375 ms  DeleteObjects: 0.323625 ms)

Prepare: number of updated asset objects reloaded= 0
========================================================================
Received Import Request.
  Time since last request: 46.526393 seconds.
  path: Assets/Prefabs/Lobby/Player.prefab
  artifactKey: Guid(54a55169fc6754867ae1669d702fedd9) Importer(815301076,1909f56bfc062723c751e8b465ee728b)
Start importing Assets/Prefabs/Lobby/Player.prefab using Guid(54a55169fc6754867ae1669d702fedd9) Importer(815301076,1909f56bfc062723c751e8b465ee728b) (PreviewImporter) -> (artifact id: 'adf160f17224f522a1b2674234877f7a') in 0.037632792 seconds
Number of updated asset objects reloaded before import = 0Number of asset objects unloaded after import = 39

========================================================================
Received Import Request.
  Time since last request: 37.879539 seconds.
  path: Assets/FlexibleColorPicker/FlexibleColorPicker.prefab
  artifactKey: Guid(4214b57e615806c448ba9d993d629531) Importer(815301076,1909f56bfc062723c751e8b465ee728b)
Start importing Assets/FlexibleColorPicker/FlexibleColorPicker.prefab using Guid(4214b57e615806c448ba9d993d629531) Importer(815301076,1909f56bfc062723c751e8b465ee728b) (PreviewImporter) -> (artifact id: '57e9c02f62fd159bab0423cd3e8dbdd8') in 0.010245542 seconds
Number of updated asset objects reloaded before import = 0Number of asset objects unloaded after import = 398

========================================================================
Received Import Request.
  Time since last request: 14.335873 seconds.
  path: Assets/Prefabs/Lobby/Player.prefab
  artifactKey: Guid(54a55169fc6754867ae1669d702fedd9) Importer(815301076,1909f56bfc062723c751e8b465ee728b)
Start importing Assets/Prefabs/Lobby/Player.prefab using Guid(54a55169fc6754867ae1669d702fedd9) Importer(815301076,1909f56bfc062723c751e8b465ee728b) (PreviewImporter) -> (artifact id: '4009ca42e82808340b572011e4312c46') in 0.013221875 seconds
Number of updated asset objects reloaded before import = 0Number of asset objects unloaded after import = 435

========================================================================
Received Import Request.
  Time since last request: 8.071483 seconds.
  path: Assets/Prefabs/Lobby/Player.prefab
  artifactKey: Guid(54a55169fc6754867ae1669d702fedd9) Importer(815301076,1909f56bfc062723c751e8b465ee728b)
Start importing Assets/Prefabs/Lobby/Player.prefab using Guid(54a55169fc6754867ae1669d702fedd9) Importer(815301076,1909f56bfc062723c751e8b465ee728b) (PreviewImporter) -> (artifact id: '4e884c1bb480afbc5664ad054e0838b9') in 0.014213542 seconds
Number of updated asset objects reloaded before import = 0Number of asset objects unloaded after import = 435

========================================================================
Received Import Request.
  Time since last request: 46.201565 seconds.
  path: Assets/Prefabs/Lobby/Player.prefab
  artifactKey: Guid(54a55169fc6754867ae1669d702fedd9) Importer(815301076,1909f56bfc062723c751e8b465ee728b)
Start importing Assets/Prefabs/Lobby/Player.prefab using Guid(54a55169fc6754867ae1669d702fedd9) Importer(815301076,1909f56bfc062723c751e8b465ee728b) (PreviewImporter) -> (artifact id: '8c0cb737e740554cf8a53e425f793118') in 0.014046458 seconds
Number of updated asset objects reloaded before import = 0Number of asset objects unloaded after import = 435

========================================================================
Received Import Request.
  Time since last request: 5.481128 seconds.
  path: Assets/Prefabs/Lobby/Player.prefab
  artifactKey: Guid(54a55169fc6754867ae1669d702fedd9) Importer(815301076,1909f56bfc062723c751e8b465ee728b)
Start importing Assets/Prefabs/Lobby/Player.prefab using Guid(54a55169fc6754867ae1669d702fedd9) Importer(815301076,1909f56bfc062723c751e8b465ee728b) (PreviewImporter) -> (artifact id: '66370f21c9914725ecd6270ffd871355') in 0.014059042 seconds
Number of updated asset objects reloaded before import = 0Number of asset objects unloaded after import = 435

========================================================================
Received Import Request.
  Time since last request: 18.883320 seconds.
  path: Assets/Prefabs/Lobby/Player.prefab
  artifactKey: Guid(54a55169fc6754867ae1669d702fedd9) Importer(815301076,1909f56bfc062723c751e8b465ee728b)
Start importing Assets/Prefabs/Lobby/Player.prefab using Guid(54a55169fc6754867ae1669d702fedd9) Importer(815301076,1909f56bfc062723c751e8b465ee728b) (PreviewImporter) -> (artifact id: 'f76db8bec83515f44a6c52a93ca7c073') in 0.014485833 seconds
Number of updated asset objects reloaded before import = 0Number of asset objects unloaded after import = 435

========================================================================
Received Import Request.
  Time since last request: 4.307348 seconds.
  path: Assets/Prefabs/Lobby/Player.prefab
  artifactKey: Guid(54a55169fc6754867ae1669d702fedd9) Importer(815301076,1909f56bfc062723c751e8b465ee728b)
Start importing Assets/Prefabs/Lobby/Player.prefab using Guid(54a55169fc6754867ae1669d702fedd9) Importer(815301076,1909f56bfc062723c751e8b465ee728b) (PreviewImporter) -> (artifact id: 'f9c3fc98f1902995f9ee8719df464ef6') in 0.014326208 seconds
Number of updated asset objects reloaded before import = 0Number of asset objects unloaded after import = 435

========================================================================
Received Import Request.
  Time since last request: 30.994122 seconds.
  path: Assets/Prefabs/Lobby/Player.prefab
  artifactKey: Guid(54a55169fc6754867ae1669d702fedd9) Importer(815301076,1909f56bfc062723c751e8b465ee728b)
Start importing Assets/Prefabs/Lobby/Player.prefab using Guid(54a55169fc6754867ae1669d702fedd9) Importer(815301076,1909f56bfc062723c751e8b465ee728b) (PreviewImporter) -> (artifact id: '780d5dcc7ad1a975a7d8915f6dc65c26') in 0.014497125 seconds
Number of updated asset objects reloaded before import = 0Number of asset objects unloaded after import = 437

========================================================================
Received Import Request.
  Time since last request: 4.598930 seconds.
  path: Assets/Prefabs/Lobby/Player.prefab
  artifactKey: Guid(54a55169fc6754867ae1669d702fedd9) Importer(815301076,1909f56bfc062723c751e8b465ee728b)
Start importing Assets/Prefabs/Lobby/Player.prefab using Guid(54a55169fc6754867ae1669d702fedd9) Importer(815301076,1909f56bfc062723c751e8b465ee728b) (PreviewImporter) -> (artifact id: '068037af45bc4f16d8d40885feda5499') in 0.014006667 seconds
Number of updated asset objects reloaded before import = 0Number of asset objects unloaded after import = 437

========================================================================
Received Import Request.
  Time since last request: 3.882167 seconds.
  path: Assets/Prefabs/Lobby/Player.prefab
  artifactKey: Guid(54a55169fc6754867ae1669d702fedd9) Importer(815301076,1909f56bfc062723c751e8b465ee728b)
Start importing Assets/Prefabs/Lobby/Player.prefab using Guid(54a55169fc6754867ae1669d702fedd9) Importer(815301076,1909f56bfc062723c751e8b465ee728b) (PreviewImporter) -> (artifact id: '450d2564e87170ebede2af63169726f7') in 0.01486275 seconds
Number of updated asset objects reloaded before import = 0Number of asset objects unloaded after import = 437

========================================================================
Received Prepare
Script 'CharacterController' has the same name as built-in Unity component.
AddComponent and GetComponent will not work with this script.
OnLevelWasLoaded was found on UserPrefs
This message has been deprecated and will be removed in a later version of Unity.
Add a delegate to SceneManager.sceneLoaded instead to get notifications after scene loading has completed
Refreshing native plugins compatible for Editor in 0.37 ms, found 3 plugins.
Preloading 0 native plugins for Editor in 0.00 ms.
Unloading 0 Unused Serialized files (Serialized files now loaded: 0)
Unloading 3572 unused Assets / (0.8 MB). Loaded Objects now: 4218.
Memory consumption went from 84.8 MB to 84.0 MB.
Total: 4.763292 ms (FindLiveObjects: 0.178833 ms CreateObjectMapping: 0.085750 ms MarkObjects: 4.048750 ms  DeleteObjects: 0.449500 ms)

Prepare: number of updated asset objects reloaded= 0
========================================================================
Received Prepare
Begin MonoManager ReloadAssembly
[Licensing::Client] Successfully resolved entitlement details
[Licensing::Module] License group:
  Id: SC-Z3YQ-WUSF-P4AN-EAMM-XXXX
  Product: Unity Pro
  Type: ULF
  Expiration: 2026-06-16T00:00:00Z
[Licensing::Module] License group:
  Id: 7972300754960-playvalve-UnityGamesPrXXXX
  Product: Unity Enterprise
  Type: Assigned
  Expiration: 2026-06-10T00:00:00Z
Thread 0x16deff000 may have been prematurely finalized
- Loaded All Assemblies, in  0.313 seconds
Script 'CharacterController' has the same name as built-in Unity component.
AddComponent and GetComponent will not work with this script.
OnLevelWasLoaded was found on UserPrefs
This message has been deprecated and will be removed in a later version of Unity.
Add a delegate to SceneManager.sceneLoaded instead to get notifications after scene loading has completed
Refreshing native plugins compatible for Editor in 0.33 ms, found 3 plugins.
OnLevelWasLoaded was found on UserPrefs
This message has been deprecated and will be removed in a later version of Unity.
Add a delegate to SceneManager.sceneLoaded instead to get notifications after scene loading has completed
Native extension for OSXStandalone target not found
[Package Manager] Failed to launch server process. Reason: Unity was launched with the -noUpm command-line argument
[Package Manager] Unable to send message (not connected to server process).
[Package Manager] Cannot connect to Unity Package Manager local server
Mono: successfully reloaded assembly
- Finished resetting the current domain, in  0.357 seconds
Domain Reload Profiling: 672ms
	BeginReloadAssembly (103ms)
		ExecutionOrderSort (0ms)
		DisableScriptedObjects (7ms)
		BackupInstance (0ms)
		ReleaseScriptingObjects (0ms)
		CreateAndSetChildDomain (38ms)
	RebuildCommonClasses (24ms)
	RebuildNativeTypeToScriptingClass (9ms)
	initialDomainReloadingComplete (12ms)
	LoadAllAssembliesAndSetupDomain (167ms)
		LoadAssemblies (122ms)
		RebuildTransferFunctionScriptingTraits (0ms)
		AnalyzeDomain (72ms)
			TypeCache.Refresh (5ms)
				TypeCache.ScanAssembly (0ms)
			BuildScriptInfoCaches (63ms)
			ResolveRequiredComponents (3ms)
	FinalizeReload (358ms)
		ReleaseScriptCaches (0ms)
		RebuildScriptCaches (0ms)
		SetupLoadedEditorAssemblies (293ms)
			LogAssemblyErrors (0ms)
			InitializePlatformSupportModulesInManaged (1ms)
			SetLoadedEditorAssemblies (2ms)
			BeforeProcessingInitializeOnLoad (69ms)
			ProcessInitializeOnLoadAttributes (195ms)
			ProcessInitializeOnLoadMethodAttributes (25ms)
			AfterProcessingInitializeOnLoad (1ms)
			EditorAssembliesLoaded (0ms)
		ExecutionOrderSort2 (0ms)
		AwakeInstancesAfterBackupRestoration (2ms)
Refreshing native plugins compatible for Editor in 0.41 ms, found 3 plugins.
Preloading 0 native plugins for Editor in 0.00 ms.
Unloading 0 Unused Serialized files (Serialized files now loaded: 0)
Unloading 3578 unused Assets / (0.7 MB). Loaded Objects now: 4220.
Memory consumption went from 92.0 MB to 91.3 MB.
Total: 4.489667 ms (FindLiveObjects: 0.196875 ms CreateObjectMapping: 0.068375 ms MarkObjects: 3.828541 ms  DeleteObjects: 0.395542 ms)

Prepare: number of updated asset objects reloaded= 0
========================================================================
Received Prepare
Begin MonoManager ReloadAssembly
Thread 0x16deff000 may have been prematurely finalized
- Loaded All Assemblies, in  0.322 seconds
Script 'CharacterController' has the same name as built-in Unity component.
AddComponent and GetComponent will not work with this script.
OnLevelWasLoaded was found on UserPrefs
This message has been deprecated and will be removed in a later version of Unity.
Add a delegate to SceneManager.sceneLoaded instead to get notifications after scene loading has completed
Refreshing native plugins compatible for Editor in 0.34 ms, found 3 plugins.
OnLevelWasLoaded was found on UserPrefs
This message has been deprecated and will be removed in a later version of Unity.
Add a delegate to SceneManager.sceneLoaded instead to get notifications after scene loading has completed
Native extension for OSXStandalone target not found
[Package Manager] Failed to launch server process. Reason: Unity was launched with the -noUpm command-line argument
[Package Manager] Unable to send message (not connected to server process).
[Package Manager] Cannot connect to Unity Package Manager local server
Mono: successfully reloaded assembly
- Finished resetting the current domain, in  0.361 seconds
Domain Reload Profiling: 684ms
	BeginReloadAssembly (106ms)
		ExecutionOrderSort (0ms)
		DisableScriptedObjects (7ms)
		BackupInstance (0ms)
		ReleaseScriptingObjects (0ms)
		CreateAndSetChildDomain (37ms)
	RebuildCommonClasses (24ms)
	RebuildNativeTypeToScriptingClass (9ms)
	initialDomainReloadingComplete (13ms)
	LoadAllAssembliesAndSetupDomain (171ms)
		LoadAssemblies (128ms)
		RebuildTransferFunctionScriptingTraits (0ms)
		AnalyzeDomain (74ms)
			TypeCache.Refresh (5ms)
				TypeCache.ScanAssembly (0ms)
			BuildScriptInfoCaches (65ms)
			ResolveRequiredComponents (3ms)
	FinalizeReload (361ms)
		ReleaseScriptCaches (0ms)
		RebuildScriptCaches (0ms)
		SetupLoadedEditorAssemblies (298ms)
			LogAssemblyErrors (0ms)
			InitializePlatformSupportModulesInManaged (1ms)
			SetLoadedEditorAssemblies (2ms)
			BeforeProcessingInitializeOnLoad (69ms)
			ProcessInitializeOnLoadAttributes (196ms)
			ProcessInitializeOnLoadMethodAttributes (29ms)
			AfterProcessingInitializeOnLoad (1ms)
			EditorAssembliesLoaded (0ms)
		ExecutionOrderSort2 (0ms)
		AwakeInstancesAfterBackupRestoration (2ms)
Refreshing native plugins compatible for Editor in 0.37 ms, found 3 plugins.
Preloading 0 native plugins for Editor in 0.00 ms.
Unloading 0 Unused Serialized files (Serialized files now loaded: 0)
Unloading 3578 unused Assets / (0.8 MB). Loaded Objects now: 4222.
Memory consumption went from 92.1 MB to 91.3 MB.
Total: 4.275792 ms (FindLiveObjects: 0.191125 ms CreateObjectMapping: 0.072208 ms MarkObjects: 3.603125 ms  DeleteObjects: 0.408917 ms)

Prepare: number of updated asset objects reloaded= 0
========================================================================
Received Prepare
Begin MonoManager ReloadAssembly
[Licensing::Client] Successfully resolved entitlement details
[Licensing::Module] License group:
  Id: SC-Z3YQ-WUSF-P4AN-EAMM-XXXX
  Product: Unity Pro
  Type: ULF
  Expiration: 2026-06-16T00:00:00Z
[Licensing::Module] License group:
  Id: 7972300754960-playvalve-UnityGamesPrXXXX
  Product: Unity Enterprise
  Type: Assigned
  Expiration: 2026-06-10T00:00:00Z
Thread 0x16deff000 may have been prematurely finalized
- Loaded All Assemblies, in  0.331 seconds
Script 'CharacterController' has the same name as built-in Unity component.
AddComponent and GetComponent will not work with this script.
OnLevelWasLoaded was found on UserPrefs
This message has been deprecated and will be removed in a later version of Unity.
Add a delegate to SceneManager.sceneLoaded instead to get notifications after scene loading has completed
Refreshing native plugins compatible for Editor in 0.35 ms, found 3 plugins.
OnLevelWasLoaded was found on UserPrefs
This message has been deprecated and will be removed in a later version of Unity.
Add a delegate to SceneManager.sceneLoaded instead to get notifications after scene loading has completed
Native extension for OSXStandalone target not found
[Package Manager] Failed to launch server process. Reason: Unity was launched with the -noUpm command-line argument
[Package Manager] Unable to send message (not connected to server process).
[Package Manager] Cannot connect to Unity Package Manager local server
Mono: successfully reloaded assembly
- Finished resetting the current domain, in  0.355 seconds
Domain Reload Profiling: 688ms
	BeginReloadAssembly (102ms)
		ExecutionOrderSort (0ms)
		DisableScriptedObjects (7ms)
		BackupInstance (0ms)
		ReleaseScriptingObjects (0ms)
		CreateAndSetChildDomain (35ms)
	RebuildCommonClasses (26ms)
	RebuildNativeTypeToScriptingClass (9ms)
	initialDomainReloadingComplete (13ms)
	LoadAllAssembliesAndSetupDomain (183ms)
		LoadAssemblies (134ms)
		RebuildTransferFunctionScriptingTraits (0ms)
		AnalyzeDomain (77ms)
			TypeCache.Refresh (6ms)
				TypeCache.ScanAssembly (1ms)
			BuildScriptInfoCaches (66ms)
			ResolveRequiredComponents (3ms)
	FinalizeReload (356ms)
		ReleaseScriptCaches (0ms)
		RebuildScriptCaches (0ms)
		SetupLoadedEditorAssemblies (289ms)
			LogAssemblyErrors (0ms)
			InitializePlatformSupportModulesInManaged (1ms)
			SetLoadedEditorAssemblies (2ms)
			BeforeProcessingInitializeOnLoad (69ms)
			ProcessInitializeOnLoadAttributes (189ms)
			ProcessInitializeOnLoadMethodAttributes (27ms)
			AfterProcessingInitializeOnLoad (1ms)
			EditorAssembliesLoaded (0ms)
		ExecutionOrderSort2 (0ms)
		AwakeInstancesAfterBackupRestoration (2ms)
Refreshing native plugins compatible for Editor in 0.42 ms, found 3 plugins.
Preloading 0 native plugins for Editor in 0.00 ms.
Unloading 0 Unused Serialized files (Serialized files now loaded: 0)
Unloading 3578 unused Assets / (0.7 MB). Loaded Objects now: 4224.
Memory consumption went from 92.1 MB to 91.4 MB.
Total: 4.283583 ms (FindLiveObjects: 0.184750 ms CreateObjectMapping: 0.068583 ms MarkObjects: 3.644083 ms  DeleteObjects: 0.385708 ms)

Prepare: number of updated asset objects reloaded= 0
========================================================================
Received Prepare
Begin MonoManager ReloadAssembly
Thread 0x16deff000 may have been prematurely finalized
- Loaded All Assemblies, in  0.331 seconds
Script 'CharacterController' has the same name as built-in Unity component.
AddComponent and GetComponent will not work with this script.
OnLevelWasLoaded was found on UserPrefs
This message has been deprecated and will be removed in a later version of Unity.
Add a delegate to SceneManager.sceneLoaded instead to get notifications after scene loading has completed
Refreshing native plugins compatible for Editor in 0.35 ms, found 3 plugins.
OnLevelWasLoaded was found on UserPrefs
This message has been deprecated and will be removed in a later version of Unity.
Add a delegate to SceneManager.sceneLoaded instead to get notifications after scene loading has completed
Native extension for OSXStandalone target not found
[Package Manager] Failed to launch server process. Reason: Unity was launched with the -noUpm command-line argument
[Package Manager] Unable to send message (not connected to server process).
[Package Manager] Cannot connect to Unity Package Manager local server
Mono: successfully reloaded assembly
- Finished resetting the current domain, in  0.349 seconds
Domain Reload Profiling: 681ms
	BeginReloadAssembly (104ms)
		ExecutionOrderSort (0ms)
		DisableScriptedObjects (7ms)
		BackupInstance (0ms)
		ReleaseScriptingObjects (0ms)
		CreateAndSetChildDomain (39ms)
	RebuildCommonClasses (24ms)
	RebuildNativeTypeToScriptingClass (9ms)
	initialDomainReloadingComplete (12ms)
	LoadAllAssembliesAndSetupDomain (182ms)
		LoadAssemblies (137ms)
		RebuildTransferFunctionScriptingTraits (0ms)
		AnalyzeDomain (74ms)
			TypeCache.Refresh (5ms)
				TypeCache.ScanAssembly (0ms)
			BuildScriptInfoCaches (64ms)
			ResolveRequiredComponents (3ms)
	FinalizeReload (349ms)
		ReleaseScriptCaches (0ms)
		RebuildScriptCaches (0ms)
		SetupLoadedEditorAssemblies (286ms)
			LogAssemblyErrors (0ms)
			InitializePlatformSupportModulesInManaged (1ms)
			SetLoadedEditorAssemblies (2ms)
			BeforeProcessingInitializeOnLoad (66ms)
			ProcessInitializeOnLoadAttributes (191ms)
			ProcessInitializeOnLoadMethodAttributes (25ms)
			AfterProcessingInitializeOnLoad (1ms)
			EditorAssembliesLoaded (0ms)
		ExecutionOrderSort2 (0ms)
		AwakeInstancesAfterBackupRestoration (2ms)
Refreshing native plugins compatible for Editor in 0.35 ms, found 3 plugins.
Preloading 0 native plugins for Editor in 0.00 ms.
Unloading 0 Unused Serialized files (Serialized files now loaded: 0)
Unloading 3578 unused Assets / (0.7 MB). Loaded Objects now: 4226.
Memory consumption went from 92.1 MB to 91.3 MB.
Total: 3.963459 ms (FindLiveObjects: 0.167333 ms CreateObjectMapping: 0.065125 ms MarkObjects: 3.367584 ms  DeleteObjects: 0.363084 ms)

Prepare: number of updated asset objects reloaded= 0
========================================================================
Received Import Request.
  Time since last request: 284.488033 seconds.
  path: Assets/Scenes/LocalPlay.unity
  artifactKey: Guid(9c8ef5f1408b4422297538962984a742) Importer(815301076,1909f56bfc062723c751e8b465ee728b)
Start importing Assets/Scenes/LocalPlay.unity using Guid(9c8ef5f1408b4422297538962984a742) Importer(815301076,1909f56bfc062723c751e8b465ee728b) (PreviewImporter) -> (artifact id: 'f709f24e25fd961fa8faf01a3b9d3d25') in 0.001699042 seconds
Number of updated asset objects reloaded before import = 0Number of asset objects unloaded after import = 0

========================================================================
Received Prepare
Begin MonoManager ReloadAssembly
[Licensing::Client] Successfully resolved entitlement details
[Licensing::Module] License group:
  Id: SC-Z3YQ-WUSF-P4AN-EAMM-XXXX
  Product: Unity Pro
  Type: ULF
  Expiration: 2026-06-16T00:00:00Z
[Licensing::Module] License group:
  Id: 7972300754960-playvalve-UnityGamesPrXXXX
  Product: Unity Enterprise
  Type: Assigned
  Expiration: 2026-06-10T00:00:00Z
Thread 0x16deff000 may have been prematurely finalized
- Loaded All Assemblies, in  0.338 seconds
Script 'CharacterController' has the same name as built-in Unity component.
AddComponent and GetComponent will not work with this script.
OnLevelWasLoaded was found on UserPrefs
This message has been deprecated and will be removed in a later version of Unity.
Add a delegate to SceneManager.sceneLoaded instead to get notifications after scene loading has completed
Refreshing native plugins compatible for Editor in 0.33 ms, found 3 plugins.
OnLevelWasLoaded was found on UserPrefs
This message has been deprecated and will be removed in a later version of Unity.
Add a delegate to SceneManager.sceneLoaded instead to get notifications after scene loading has completed
Native extension for OSXStandalone target not found
[Package Manager] Failed to launch server process. Reason: Unity was launched with the -noUpm command-line argument
[Package Manager] Unable to send message (not connected to server process).
[Package Manager] Cannot connect to Unity Package Manager local server
Mono: successfully reloaded assembly
- Finished resetting the current domain, in  0.342 seconds
Domain Reload Profiling: 681ms
	BeginReloadAssembly (109ms)
		ExecutionOrderSort (0ms)
		DisableScriptedObjects (8ms)
		BackupInstance (0ms)
		ReleaseScriptingObjects (0ms)
		CreateAndSetChildDomain (39ms)
	RebuildCommonClasses (24ms)
	RebuildNativeTypeToScriptingClass (9ms)
	initialDomainReloadingComplete (15ms)
	LoadAllAssembliesAndSetupDomain (182ms)
		LoadAssemblies (138ms)
		RebuildTransferFunctionScriptingTraits (0ms)
		AnalyzeDomain (73ms)
			TypeCache.Refresh (5ms)
				TypeCache.ScanAssembly (0ms)
			BuildScriptInfoCaches (63ms)
			ResolveRequiredComponents (3ms)
	FinalizeReload (342ms)
		ReleaseScriptCaches (0ms)
		RebuildScriptCaches (0ms)
		SetupLoadedEditorAssemblies (280ms)
			LogAssemblyErrors (0ms)
			InitializePlatformSupportModulesInManaged (1ms)
			SetLoadedEditorAssemblies (2ms)
			BeforeProcessingInitializeOnLoad (66ms)
			ProcessInitializeOnLoadAttributes (186ms)
			ProcessInitializeOnLoadMethodAttributes (24ms)
			AfterProcessingInitializeOnLoad (1ms)
			EditorAssembliesLoaded (0ms)
		ExecutionOrderSort2 (0ms)
		AwakeInstancesAfterBackupRestoration (2ms)
Refreshing native plugins compatible for Editor in 0.37 ms, found 3 plugins.
Preloading 0 native plugins for Editor in 0.00 ms.
Unloading 0 Unused Serialized files (Serialized files now loaded: 0)
Unloading 3578 unused Assets / (0.8 MB). Loaded Objects now: 4228.
Memory consumption went from 92.1 MB to 91.3 MB.
Total: 4.078084 ms (FindLiveObjects: 0.174667 ms CreateObjectMapping: 0.067417 ms MarkObjects: 3.477333 ms  DeleteObjects: 0.358250 ms)

Prepare: number of updated asset objects reloaded= 0
========================================================================
Received Import Request.
  Time since last request: 64.849943 seconds.
  path: Assets/Prefabs/Lobby/Player.prefab
  artifactKey: Guid(54a55169fc6754867ae1669d702fedd9) Importer(815301076,1909f56bfc062723c751e8b465ee728b)
Start importing Assets/Prefabs/Lobby/Player.prefab using Guid(54a55169fc6754867ae1669d702fedd9) Importer(815301076,1909f56bfc062723c751e8b465ee728b) (PreviewImporter) -> (artifact id: 'e4c6090e21ce4c7a577bec41aac94497') in 0.061699208 seconds
Number of updated asset objects reloaded before import = 0Number of asset objects unloaded after import = 438

========================================================================
Received Prepare
Begin MonoManager ReloadAssembly
[Licensing::Client] Successfully resolved entitlement details
[Licensing::Module] License group:
  Id: SC-Z3YQ-WUSF-P4AN-EAMM-XXXX
  Product: Unity Pro
  Type: ULF
  Expiration: 2026-06-16T00:00:00Z
[Licensing::Module] License group:
  Id: 7972300754960-playvalve-UnityGamesPrXXXX
  Product: Unity Enterprise
  Type: Assigned
  Expiration: 2026-06-10T00:00:00Z
Thread 0x16deff000 may have been prematurely finalized
- Loaded All Assemblies, in  0.355 seconds
Script 'CharacterController' has the same name as built-in Unity component.
AddComponent and GetComponent will not work with this script.
OnLevelWasLoaded was found on UserPrefs
This message has been deprecated and will be removed in a later version of Unity.
Add a delegate to SceneManager.sceneLoaded instead to get notifications after scene loading has completed
Refreshing native plugins compatible for Editor in 0.34 ms, found 3 plugins.
OnLevelWasLoaded was found on UserPrefs
This message has been deprecated and will be removed in a later version of Unity.
Add a delegate to SceneManager.sceneLoaded instead to get notifications after scene loading has completed
Native extension for OSXStandalone target not found
[Package Manager] Failed to launch server process. Reason: Unity was launched with the -noUpm command-line argument
[Package Manager] Unable to send message (not connected to server process).
[Package Manager] Cannot connect to Unity Package Manager local server
Mono: successfully reloaded assembly
- Finished resetting the current domain, in  0.343 seconds
Domain Reload Profiling: 699ms
	BeginReloadAssembly (108ms)
		ExecutionOrderSort (0ms)
		DisableScriptedObjects (7ms)
		BackupInstance (0ms)
		ReleaseScriptingObjects (0ms)
		CreateAndSetChildDomain (41ms)
	RebuildCommonClasses (25ms)
	RebuildNativeTypeToScriptingClass (9ms)
	initialDomainReloadingComplete (12ms)
	LoadAllAssembliesAndSetupDomain (203ms)
		LoadAssemblies (156ms)
		RebuildTransferFunctionScriptingTraits (0ms)
		AnalyzeDomain (75ms)
			TypeCache.Refresh (6ms)
				TypeCache.ScanAssembly (0ms)
			BuildScriptInfoCaches (64ms)
			ResolveRequiredComponents (3ms)
	FinalizeReload (343ms)
		ReleaseScriptCaches (0ms)
		RebuildScriptCaches (0ms)
		SetupLoadedEditorAssemblies (281ms)
			LogAssemblyErrors (0ms)
			InitializePlatformSupportModulesInManaged (1ms)
			SetLoadedEditorAssemblies (2ms)
			BeforeProcessingInitializeOnLoad (65ms)
			ProcessInitializeOnLoadAttributes (186ms)
			ProcessInitializeOnLoadMethodAttributes (25ms)
			AfterProcessingInitializeOnLoad (1ms)
			EditorAssembliesLoaded (0ms)
		ExecutionOrderSort2 (0ms)
		AwakeInstancesAfterBackupRestoration (2ms)
Refreshing native plugins compatible for Editor in 0.36 ms, found 3 plugins.
Preloading 0 native plugins for Editor in 0.00 ms.
Unloading 0 Unused Serialized files (Serialized files now loaded: 0)
Unloading 3583 unused Assets / (0.8 MB). Loaded Objects now: 4230.
Memory consumption went from 92.0 MB to 91.2 MB.
Total: 4.138417 ms (FindLiveObjects: 0.175459 ms CreateObjectMapping: 0.082916 ms MarkObjects: 3.498208 ms  DeleteObjects: 0.381375 ms)

Prepare: number of updated asset objects reloaded= 0
========================================================================
Received Prepare
Begin MonoManager ReloadAssembly
[Licensing::Client] Successfully resolved entitlement details
[Licensing::Module] License group:
  Id: SC-Z3YQ-WUSF-P4AN-EAMM-XXXX
  Product: Unity Pro
  Type: ULF
  Expiration: 2026-06-16T00:00:00Z
[Licensing::Module] License group:
  Id: 7972300754960-playvalve-UnityGamesPrXXXX
  Product: Unity Enterprise
  Type: Assigned
  Expiration: 2026-06-10T00:00:00Z
Thread 0x16deff000 may have been prematurely finalized
- Loaded All Assemblies, in  0.334 seconds
Script 'CharacterController' has the same name as built-in Unity component.
AddComponent and GetComponent will not work with this script.
OnLevelWasLoaded was found on UserPrefs
This message has been deprecated and will be removed in a later version of Unity.
Add a delegate to SceneManager.sceneLoaded instead to get notifications after scene loading has completed
Refreshing native plugins compatible for Editor in 0.30 ms, found 3 plugins.
OnLevelWasLoaded was found on UserPrefs
This message has been deprecated and will be removed in a later version of Unity.
Add a delegate to SceneManager.sceneLoaded instead to get notifications after scene loading has completed
Native extension for OSXStandalone target not found
[Package Manager] Failed to launch server process. Reason: Unity was launched with the -noUpm command-line argument
[Package Manager] Unable to send message (not connected to server process).
[Package Manager] Cannot connect to Unity Package Manager local server
Mono: successfully reloaded assembly
- Finished resetting the current domain, in  0.332 seconds
Domain Reload Profiling: 667ms
	BeginReloadAssembly (109ms)
		ExecutionOrderSort (0ms)
		DisableScriptedObjects (7ms)
		BackupInstance (0ms)
		ReleaseScriptingObjects (0ms)
		CreateAndSetChildDomain (36ms)
	RebuildCommonClasses (26ms)
	RebuildNativeTypeToScriptingClass (9ms)
	initialDomainReloadingComplete (13ms)
	LoadAllAssembliesAndSetupDomain (178ms)
		LoadAssemblies (134ms)
		RebuildTransferFunctionScriptingTraits (0ms)
		AnalyzeDomain (76ms)
			TypeCache.Refresh (6ms)
				TypeCache.ScanAssembly (1ms)
			BuildScriptInfoCaches (65ms)
			ResolveRequiredComponents (3ms)
	FinalizeReload (332ms)
		ReleaseScriptCaches (0ms)
		RebuildScriptCaches (0ms)
		SetupLoadedEditorAssemblies (272ms)
			LogAssemblyErrors (0ms)
			InitializePlatformSupportModulesInManaged (1ms)
			SetLoadedEditorAssemblies (2ms)
			BeforeProcessingInitializeOnLoad (65ms)
			ProcessInitializeOnLoadAttributes (178ms)
			ProcessInitializeOnLoadMethodAttributes (25ms)
			AfterProcessingInitializeOnLoad (1ms)
			EditorAssembliesLoaded (0ms)
		ExecutionOrderSort2 (0ms)
		AwakeInstancesAfterBackupRestoration (2ms)
Refreshing native plugins compatible for Editor in 0.37 ms, found 3 plugins.
Preloading 0 native plugins for Editor in 0.00 ms.
Unloading 0 Unused Serialized files (Serialized files now loaded: 0)
Unloading 3578 unused Assets / (0.8 MB). Loaded Objects now: 4232.
Memory consumption went from 92.0 MB to 91.2 MB.
Total: 3.971583 ms (FindLiveObjects: 0.158750 ms CreateObjectMapping: 0.067334 ms MarkObjects: 3.368833 ms  DeleteObjects: 0.376250 ms)

Prepare: number of updated asset objects reloaded= 0
========================================================================
Received Prepare
Begin MonoManager ReloadAssembly
Thread 0x16deff000 may have been prematurely finalized
- Loaded All Assemblies, in  0.328 seconds
Script 'CharacterController' has the same name as built-in Unity component.
AddComponent and GetComponent will not work with this script.
OnLevelWasLoaded was found on UserPrefs
This message has been deprecated and will be removed in a later version of Unity.
Add a delegate to SceneManager.sceneLoaded instead to get notifications after scene loading has completed
Refreshing native plugins compatible for Editor in 0.31 ms, found 3 plugins.
OnLevelWasLoaded was found on UserPrefs
This message has been deprecated and will be removed in a later version of Unity.
Add a delegate to SceneManager.sceneLoaded instead to get notifications after scene loading has completed
Native extension for OSXStandalone target not found
[Package Manager] Failed to launch server process. Reason: Unity was launched with the -noUpm command-line argument
[Package Manager] Unable to send message (not connected to server process).
[Package Manager] Cannot connect to Unity Package Manager local server
Mono: successfully reloaded assembly
- Finished resetting the current domain, in  0.326 seconds
Domain Reload Profiling: 656ms
	BeginReloadAssembly (110ms)
		ExecutionOrderSort (0ms)
		DisableScriptedObjects (7ms)
		BackupInstance (0ms)
		ReleaseScriptingObjects (0ms)
		CreateAndSetChildDomain (43ms)
	RebuildCommonClasses (26ms)
	RebuildNativeTypeToScriptingClass (9ms)
	initialDomainReloadingComplete (13ms)
	LoadAllAssembliesAndSetupDomain (172ms)
		LoadAssemblies (127ms)
		RebuildTransferFunctionScriptingTraits (0ms)
		AnalyzeDomain (75ms)
			TypeCache.Refresh (4ms)
				TypeCache.ScanAssembly (0ms)
			BuildScriptInfoCaches (66ms)
			ResolveRequiredComponents (3ms)
	FinalizeReload (326ms)
		ReleaseScriptCaches (0ms)
		RebuildScriptCaches (0ms)
		SetupLoadedEditorAssemblies (268ms)
			LogAssemblyErrors (0ms)
			InitializePlatformSupportModulesInManaged (1ms)
			SetLoadedEditorAssemblies (2ms)
			BeforeProcessingInitializeOnLoad (64ms)
			ProcessInitializeOnLoadAttributes (177ms)
			ProcessInitializeOnLoadMethodAttributes (24ms)
			AfterProcessingInitializeOnLoad (1ms)
			EditorAssembliesLoaded (0ms)
		ExecutionOrderSort2 (0ms)
		AwakeInstancesAfterBackupRestoration (2ms)
Refreshing native plugins compatible for Editor in 0.36 ms, found 3 plugins.
Preloading 0 native plugins for Editor in 0.00 ms.
Unloading 0 Unused Serialized files (Serialized files now loaded: 0)
Unloading 3578 unused Assets / (0.8 MB). Loaded Objects now: 4234.
Memory consumption went from 92.0 MB to 91.2 MB.
Total: 3.879917 ms (FindLiveObjects: 0.153750 ms CreateObjectMapping: 0.074625 ms MarkObjects: 3.268042 ms  DeleteObjects: 0.383042 ms)

Prepare: number of updated asset objects reloaded= 0
========================================================================
Received Prepare
Begin MonoManager ReloadAssembly
[Licensing::Client] Successfully resolved entitlement details
[Licensing::Module] License group:
  Id: SC-Z3YQ-WUSF-P4AN-EAMM-XXXX
  Product: Unity Pro
  Type: ULF
  Expiration: 2026-06-16T00:00:00Z
[Licensing::Module] License group:
  Id: 7972300754960-playvalve-UnityGamesPrXXXX
  Product: Unity Enterprise
  Type: Assigned
  Expiration: 2026-06-10T00:00:00Z
Thread 0x16deff000 may have been prematurely finalized
- Loaded All Assemblies, in  0.337 seconds
Script 'CharacterController' has the same name as built-in Unity component.
AddComponent and GetComponent will not work with this script.
OnLevelWasLoaded was found on UserPrefs
This message has been deprecated and will be removed in a later version of Unity.
Add a delegate to SceneManager.sceneLoaded instead to get notifications after scene loading has completed
Refreshing native plugins compatible for Editor in 0.32 ms, found 3 plugins.
OnLevelWasLoaded was found on UserPrefs
This message has been deprecated and will be removed in a later version of Unity.
Add a delegate to SceneManager.sceneLoaded instead to get notifications after scene loading has completed
Native extension for OSXStandalone target not found
[Package Manager] Failed to launch server process. Reason: Unity was launched with the -noUpm command-line argument
[Package Manager] Unable to send message (not connected to server process).
[Package Manager] Cannot connect to Unity Package Manager local server
Mono: successfully reloaded assembly
- Finished resetting the current domain, in  0.352 seconds
Domain Reload Profiling: 690ms
	BeginReloadAssembly (107ms)
		ExecutionOrderSort (0ms)
		DisableScriptedObjects (7ms)
		BackupInstance (0ms)
		ReleaseScriptingObjects (0ms)
		CreateAndSetChildDomain (38ms)
	RebuildCommonClasses (25ms)
	RebuildNativeTypeToScriptingClass (9ms)
	initialDomainReloadingComplete (13ms)
	LoadAllAssembliesAndSetupDomain (183ms)
		LoadAssemblies (135ms)
		RebuildTransferFunctionScriptingTraits (0ms)
		AnalyzeDomain (78ms)
			TypeCache.Refresh (7ms)
				TypeCache.ScanAssembly (1ms)
			BuildScriptInfoCaches (67ms)
			ResolveRequiredComponents (3ms)
	FinalizeReload (352ms)
		ReleaseScriptCaches (0ms)
		RebuildScriptCaches (0ms)
		SetupLoadedEditorAssemblies (290ms)
			LogAssemblyErrors (0ms)
			InitializePlatformSupportModulesInManaged (1ms)
			SetLoadedEditorAssemblies (2ms)
			BeforeProcessingInitializeOnLoad (69ms)
			ProcessInitializeOnLoadAttributes (192ms)
			ProcessInitializeOnLoadMethodAttributes (25ms)
			AfterProcessingInitializeOnLoad (1ms)
			EditorAssembliesLoaded (0ms)
		ExecutionOrderSort2 (0ms)
		AwakeInstancesAfterBackupRestoration (2ms)
Refreshing native plugins compatible for Editor in 0.37 ms, found 3 plugins.
Preloading 0 native plugins for Editor in 0.00 ms.
Unloading 0 Unused Serialized files (Serialized files now loaded: 0)
Unloading 3578 unused Assets / (0.7 MB). Loaded Objects now: 4236.
Memory consumption went from 92.0 MB to 91.3 MB.
Total: 4.086125 ms (FindLiveObjects: 0.171500 ms CreateObjectMapping: 0.063250 ms MarkObjects: 3.454667 ms  DeleteObjects: 0.396125 ms)

Prepare: number of updated asset objects reloaded= 0
========================================================================
Received Prepare
Begin MonoManager ReloadAssembly
Thread 0x16deff000 may have been prematurely finalized
- Loaded All Assemblies, in  0.329 seconds
Script 'CharacterController' has the same name as built-in Unity component.
AddComponent and GetComponent will not work with this script.
OnLevelWasLoaded was found on UserPrefs
This message has been deprecated and will be removed in a later version of Unity.
Add a delegate to SceneManager.sceneLoaded instead to get notifications after scene loading has completed
Refreshing native plugins compatible for Editor in 0.31 ms, found 3 plugins.
OnLevelWasLoaded was found on UserPrefs
This message has been deprecated and will be removed in a later version of Unity.
Add a delegate to SceneManager.sceneLoaded instead to get notifications after scene loading has completed
Native extension for OSXStandalone target not found
[Package Manager] Failed to launch server process. Reason: Unity was launched with the -noUpm command-line argument
[Package Manager] Unable to send message (not connected to server process).
[Package Manager] Cannot connect to Unity Package Manager local server
Mono: successfully reloaded assembly
- Finished resetting the current domain, in  0.322 seconds
Domain Reload Profiling: 652ms
	BeginReloadAssembly (108ms)
		ExecutionOrderSort (0ms)
		DisableScriptedObjects (7ms)
		BackupInstance (0ms)
		ReleaseScriptingObjects (0ms)
		CreateAndSetChildDomain (40ms)
	RebuildCommonClasses (27ms)
	RebuildNativeTypeToScriptingClass (9ms)
	initialDomainReloadingComplete (13ms)
	LoadAllAssembliesAndSetupDomain (173ms)
		LoadAssemblies (129ms)
		RebuildTransferFunctionScriptingTraits (0ms)
		AnalyzeDomain (74ms)
			TypeCache.Refresh (4ms)
				TypeCache.ScanAssembly (0ms)
			BuildScriptInfoCaches (65ms)
			ResolveRequiredComponents (3ms)
	FinalizeReload (322ms)
		ReleaseScriptCaches (0ms)
		RebuildScriptCaches (0ms)
		SetupLoadedEditorAssemblies (265ms)
			LogAssemblyErrors (0ms)
			InitializePlatformSupportModulesInManaged (1ms)
			SetLoadedEditorAssemblies (2ms)
			BeforeProcessingInitializeOnLoad (63ms)
			ProcessInitializeOnLoadAttributes (175ms)
			ProcessInitializeOnLoadMethodAttributes (24ms)
			AfterProcessingInitializeOnLoad (1ms)
			EditorAssembliesLoaded (0ms)
		ExecutionOrderSort2 (0ms)
		AwakeInstancesAfterBackupRestoration (2ms)
Refreshing native plugins compatible for Editor in 0.35 ms, found 3 plugins.
Preloading 0 native plugins for Editor in 0.00 ms.
Unloading 0 Unused Serialized files (Serialized files now loaded: 0)
Unloading 3578 unused Assets / (0.8 MB). Loaded Objects now: 4238.
Memory consumption went from 92.0 MB to 91.2 MB.
Total: 3.763292 ms (FindLiveObjects: 0.150625 ms CreateObjectMapping: 0.071667 ms MarkObjects: 3.165334 ms  DeleteObjects: 0.375041 ms)

Prepare: number of updated asset objects reloaded= 0
========================================================================
Received Import Request.
  Time since last request: 417.408217 seconds.
  path: Assets/Scenes/LocalPlay.unity
  artifactKey: Guid(9c8ef5f1408b4422297538962984a742) Importer(815301076,1909f56bfc062723c751e8b465ee728b)
Start importing Assets/Scenes/LocalPlay.unity using Guid(9c8ef5f1408b4422297538962984a742) Importer(815301076,1909f56bfc062723c751e8b465ee728b) (PreviewImporter) -> (artifact id: '733e66402d70edcbcf91f19c49a80690') in 0.001058834 seconds
Number of updated asset objects reloaded before import = 0Number of asset objects unloaded after import = 0

========================================================================
Received Prepare
Begin MonoManager ReloadAssembly
[Licensing::Client] Successfully resolved entitlement details
[Licensing::Module] License group:
  Id: SC-Z3YQ-WUSF-P4AN-EAMM-XXXX
  Product: Unity Pro
  Type: ULF
  Expiration: 2026-06-16T00:00:00Z
[Licensing::Module] License group:
  Id: 7972300754960-playvalve-UnityGamesPrXXXX
  Product: Unity Enterprise
  Type: Assigned
  Expiration: 2026-06-10T00:00:00Z
Thread 0x16deff000 may have been prematurely finalized
- Loaded All Assemblies, in  0.363 seconds
Script 'CharacterController' has the same name as built-in Unity component.
AddComponent and GetComponent will not work with this script.
OnLevelWasLoaded was found on UserPrefs
This message has been deprecated and will be removed in a later version of Unity.
Add a delegate to SceneManager.sceneLoaded instead to get notifications after scene loading has completed
Refreshing native plugins compatible for Editor in 0.39 ms, found 3 plugins.
OnLevelWasLoaded was found on UserPrefs
This message has been deprecated and will be removed in a later version of Unity.
Add a delegate to SceneManager.sceneLoaded instead to get notifications after scene loading has completed
Native extension for OSXStandalone target not found
[Package Manager] Failed to launch server process. Reason: Unity was launched with the -noUpm command-line argument
[Package Manager] Unable to send message (not connected to server process).
[Package Manager] Cannot connect to Unity Package Manager local server
Mono: successfully reloaded assembly
- Finished resetting the current domain, in  0.370 seconds
Domain Reload Profiling: 734ms
	BeginReloadAssembly (118ms)
		ExecutionOrderSort (0ms)
		DisableScriptedObjects (7ms)
		BackupInstance (0ms)
		ReleaseScriptingObjects (0ms)
		CreateAndSetChildDomain (45ms)
	RebuildCommonClasses (25ms)
	RebuildNativeTypeToScriptingClass (9ms)
	initialDomainReloadingComplete (13ms)
	LoadAllAssembliesAndSetupDomain (200ms)
		LoadAssemblies (153ms)
		RebuildTransferFunctionScriptingTraits (0ms)
		AnalyzeDomain (78ms)
			TypeCache.Refresh (7ms)
				TypeCache.ScanAssembly (1ms)
			BuildScriptInfoCaches (66ms)
			ResolveRequiredComponents (3ms)
	FinalizeReload (370ms)
		ReleaseScriptCaches (0ms)
		RebuildScriptCaches (0ms)
		SetupLoadedEditorAssemblies (306ms)
			LogAssemblyErrors (0ms)
			InitializePlatformSupportModulesInManaged (1ms)
			SetLoadedEditorAssemblies (2ms)
			BeforeProcessingInitializeOnLoad (71ms)
			ProcessInitializeOnLoadAttributes (204ms)
			ProcessInitializeOnLoadMethodAttributes (27ms)
			AfterProcessingInitializeOnLoad (1ms)
			EditorAssembliesLoaded (0ms)
		ExecutionOrderSort2 (0ms)
		AwakeInstancesAfterBackupRestoration (2ms)
Refreshing native plugins compatible for Editor in 0.38 ms, found 3 plugins.
Preloading 0 native plugins for Editor in 0.00 ms.
Unloading 0 Unused Serialized files (Serialized files now loaded: 0)
Unloading 3578 unused Assets / (0.7 MB). Loaded Objects now: 4240.
Memory consumption went from 92.0 MB to 91.3 MB.
Total: 4.322750 ms (FindLiveObjects: 0.178209 ms CreateObjectMapping: 0.068791 ms MarkObjects: 3.673167 ms  DeleteObjects: 0.402042 ms)

Prepare: number of updated asset objects reloaded= 0
========================================================================
Received Prepare
Script 'CharacterController' has the same name as built-in Unity component.
AddComponent and GetComponent will not work with this script.
OnLevelWasLoaded was found on UserPrefs
This message has been deprecated and will be removed in a later version of Unity.
Add a delegate to SceneManager.sceneLoaded instead to get notifications after scene loading has completed
Refreshing native plugins compatible for Editor in 0.40 ms, found 3 plugins.
Preloading 0 native plugins for Editor in 0.00 ms.
Unloading 0 Unused Serialized files (Serialized files now loaded: 0)
Unloading 3568 unused Assets / (0.8 MB). Loaded Objects now: 4241.
Memory consumption went from 84.3 MB to 83.5 MB.
Total: 5.651792 ms (FindLiveObjects: 0.180000 ms CreateObjectMapping: 0.066917 ms MarkObjects: 4.999458 ms  DeleteObjects: 0.404917 ms)

Prepare: number of updated asset objects reloaded= 0
========================================================================
Received Prepare
Begin MonoManager ReloadAssembly
[Licensing::Client] Successfully resolved entitlement details
[Licensing::Module] License group:
  Id: SC-Z3YQ-WUSF-P4AN-EAMM-XXXX
  Product: Unity Pro
  Type: ULF
  Expiration: 2026-06-16T00:00:00Z
[Licensing::Module] License group:
  Id: 7972300754960-playvalve-UnityGamesPrXXXX
  Product: Unity Enterprise
  Type: Assigned
  Expiration: 2026-06-10T00:00:00Z
Thread 0x16deff000 may have been prematurely finalized
- Loaded All Assemblies, in  0.324 seconds
Script 'CharacterController' has the same name as built-in Unity component.
AddComponent and GetComponent will not work with this script.
OnLevelWasLoaded was found on UserPrefs
This message has been deprecated and will be removed in a later version of Unity.
Add a delegate to SceneManager.sceneLoaded instead to get notifications after scene loading has completed
Refreshing native plugins compatible for Editor in 0.33 ms, found 3 plugins.
OnLevelWasLoaded was found on UserPrefs
This message has been deprecated and will be removed in a later version of Unity.
Add a delegate to SceneManager.sceneLoaded instead to get notifications after scene loading has completed
Native extension for OSXStandalone target not found
[Package Manager] Failed to launch server process. Reason: Unity was launched with the -noUpm command-line argument
[Package Manager] Unable to send message (not connected to server process).
[Package Manager] Cannot connect to Unity Package Manager local server
Mono: successfully reloaded assembly
- Finished resetting the current domain, in  0.347 seconds
Domain Reload Profiling: 672ms
	BeginReloadAssembly (106ms)
		ExecutionOrderSort (0ms)
		DisableScriptedObjects (7ms)
		BackupInstance (0ms)
		ReleaseScriptingObjects (0ms)
		CreateAndSetChildDomain (40ms)
	RebuildCommonClasses (24ms)
	RebuildNativeTypeToScriptingClass (9ms)
	initialDomainReloadingComplete (12ms)
	LoadAllAssembliesAndSetupDomain (174ms)
		LoadAssemblies (125ms)
		RebuildTransferFunctionScriptingTraits (0ms)
		AnalyzeDomain (77ms)
			TypeCache.Refresh (6ms)
				TypeCache.ScanAssembly (1ms)
			BuildScriptInfoCaches (66ms)
			ResolveRequiredComponents (3ms)
	FinalizeReload (347ms)
		ReleaseScriptCaches (0ms)
		RebuildScriptCaches (0ms)
		SetupLoadedEditorAssemblies (284ms)
			LogAssemblyErrors (0ms)
			InitializePlatformSupportModulesInManaged (1ms)
			SetLoadedEditorAssemblies (2ms)
			BeforeProcessingInitializeOnLoad (69ms)
			ProcessInitializeOnLoadAttributes (187ms)
			ProcessInitializeOnLoadMethodAttributes (24ms)
			AfterProcessingInitializeOnLoad (1ms)
			EditorAssembliesLoaded (0ms)
		ExecutionOrderSort2 (0ms)
		AwakeInstancesAfterBackupRestoration (2ms)
Refreshing native plugins compatible for Editor in 0.39 ms, found 3 plugins.
Preloading 0 native plugins for Editor in 0.00 ms.
Unloading 0 Unused Serialized files (Serialized files now loaded: 0)
Unloading 3579 unused Assets / (0.7 MB). Loaded Objects now: 4243.
Memory consumption went from 91.9 MB to 91.3 MB.
Total: 4.365417 ms (FindLiveObjects: 0.181750 ms CreateObjectMapping: 0.069167 ms MarkObjects: 3.660042 ms  DeleteObjects: 0.454375 ms)

Prepare: number of updated asset objects reloaded= 0
========================================================================
Received Import Request.
  Time since last request: 532.464920 seconds.
  path: Assets/LocalFightManager.cs
  artifactKey: Guid(323f0bb31ee9c4942a449e677f3392fc) Importer(815301076,1909f56bfc062723c751e8b465ee728b)
Start importing Assets/LocalFightManager.cs using Guid(323f0bb31ee9c4942a449e677f3392fc) Importer(815301076,1909f56bfc062723c751e8b465ee728b) (PreviewImporter) -> (artifact id: '00000000000000000000000000000000') in 0.000925583 seconds
Import Error Code:(4)
Message: Build asset version error: assets/localfightmanager.cs in SourceAssetDB has modification time of '2025-08-27T13:34:31Z' while content on disk has modification time of '2025-08-27T13:34:58Z'
  ERROR: Build asset version error: assets/localfightmanager.cs in SourceAssetDB has modification time of '2025-08-27T13:34:31Z' while content on disk has modification time of '2025-08-27T13:34:58Z'
Number of updated asset objects reloaded before import = 0Number of asset objects unloaded after import = 0

========================================================================
Received Import Request.
  Time since last request: 0.046425 seconds.
  path: Assets/LocalFightManager.cs
  artifactKey: Guid(323f0bb31ee9c4942a449e677f3392fc) Importer(815301076,1909f56bfc062723c751e8b465ee728b)
Start importing Assets/LocalFightManager.cs using Guid(323f0bb31ee9c4942a449e677f3392fc) Importer(815301076,1909f56bfc062723c751e8b465ee728b) (PreviewImporter) -> (artifact id: '00000000000000000000000000000000') in 0.000268125 seconds
Import Error Code:(4)
Message: Build asset version error: assets/localfightmanager.cs in SourceAssetDB has modification time of '2025-08-27T13:34:31Z' while content on disk has modification time of '2025-08-27T13:34:58Z'
  ERROR: Build asset version error: assets/localfightmanager.cs in SourceAssetDB has modification time of '2025-08-27T13:34:31Z' while content on disk has modification time of '2025-08-27T13:34:58Z'
Number of updated asset objects reloaded before import = 0Number of asset objects unloaded after import = 0

========================================================================
Received Import Request.
  Time since last request: 0.199152 seconds.
  path: Assets/LocalFightManager.cs
  artifactKey: Guid(323f0bb31ee9c4942a449e677f3392fc) Importer(815301076,1909f56bfc062723c751e8b465ee728b)
Start importing Assets/LocalFightManager.cs using Guid(323f0bb31ee9c4942a449e677f3392fc) Importer(815301076,1909f56bfc062723c751e8b465ee728b) (PreviewImporter) -> (artifact id: '00000000000000000000000000000000') in 0.000217833 seconds
Import Error Code:(4)
Message: Build asset version error: assets/localfightmanager.cs in SourceAssetDB has modification time of '2025-08-27T13:34:31Z' while content on disk has modification time of '2025-08-27T13:34:58Z'
  ERROR: Build asset version error: assets/localfightmanager.cs in SourceAssetDB has modification time of '2025-08-27T13:34:31Z' while content on disk has modification time of '2025-08-27T13:34:58Z'
Number of updated asset objects reloaded before import = 0Number of asset objects unloaded after import = 0

========================================================================
Received Import Request.
  Time since last request: 0.200406 seconds.
  path: Assets/LocalFightManager.cs
  artifactKey: Guid(323f0bb31ee9c4942a449e677f3392fc) Importer(815301076,1909f56bfc062723c751e8b465ee728b)
Start importing Assets/LocalFightManager.cs using Guid(323f0bb31ee9c4942a449e677f3392fc) Importer(815301076,1909f56bfc062723c751e8b465ee728b) (PreviewImporter) -> (artifact id: '00000000000000000000000000000000') in 0.000232875 seconds
Import Error Code:(4)
Message: Build asset version error: assets/localfightmanager.cs in SourceAssetDB has modification time of '2025-08-27T13:34:31Z' while content on disk has modification time of '2025-08-27T13:34:58Z'
  ERROR: Build asset version error: assets/localfightmanager.cs in SourceAssetDB has modification time of '2025-08-27T13:34:31Z' while content on disk has modification time of '2025-08-27T13:34:58Z'
Number of updated asset objects reloaded before import = 0Number of asset objects unloaded after import = 0

========================================================================
Received Import Request.
  Time since last request: 0.201308 seconds.
  path: Assets/LocalFightManager.cs
  artifactKey: Guid(323f0bb31ee9c4942a449e677f3392fc) Importer(815301076,1909f56bfc062723c751e8b465ee728b)
Start importing Assets/LocalFightManager.cs using Guid(323f0bb31ee9c4942a449e677f3392fc) Importer(815301076,1909f56bfc062723c751e8b465ee728b) (PreviewImporter) -> (artifact id: '00000000000000000000000000000000') in 0.000239917 seconds
Import Error Code:(4)
Message: Build asset version error: assets/localfightmanager.cs in SourceAssetDB has modification time of '2025-08-27T13:34:31Z' while content on disk has modification time of '2025-08-27T13:34:58Z'
  ERROR: Build asset version error: assets/localfightmanager.cs in SourceAssetDB has modification time of '2025-08-27T13:34:31Z' while content on disk has modification time of '2025-08-27T13:34:58Z'
Number of updated asset objects reloaded before import = 0Number of asset objects unloaded after import = 0

========================================================================
Received Import Request.
  Time since last request: 0.199284 seconds.
  path: Assets/LocalFightManager.cs
  artifactKey: Guid(323f0bb31ee9c4942a449e677f3392fc) Importer(815301076,1909f56bfc062723c751e8b465ee728b)
Start importing Assets/LocalFightManager.cs using Guid(323f0bb31ee9c4942a449e677f3392fc) Importer(815301076,1909f56bfc062723c751e8b465ee728b) (PreviewImporter) -> (artifact id: '00000000000000000000000000000000') in 0.0002645 seconds
Import Error Code:(4)
Message: Build asset version error: assets/localfightmanager.cs in SourceAssetDB has modification time of '2025-08-27T13:34:31Z' while content on disk has modification time of '2025-08-27T13:34:58Z'
  ERROR: Build asset version error: assets/localfightmanager.cs in SourceAssetDB has modification time of '2025-08-27T13:34:31Z' while content on disk has modification time of '2025-08-27T13:34:58Z'
Number of updated asset objects reloaded before import = 0Number of asset objects unloaded after import = 0

========================================================================
Received Import Request.
  Time since last request: 0.196483 seconds.
  path: Assets/LocalFightManager.cs
  artifactKey: Guid(323f0bb31ee9c4942a449e677f3392fc) Importer(815301076,1909f56bfc062723c751e8b465ee728b)
Start importing Assets/LocalFightManager.cs using Guid(323f0bb31ee9c4942a449e677f3392fc) Importer(815301076,1909f56bfc062723c751e8b465ee728b) (PreviewImporter) -> (artifact id: '00000000000000000000000000000000') in 0.000211125 seconds
Import Error Code:(4)
Message: Build asset version error: assets/localfightmanager.cs in SourceAssetDB has modification time of '2025-08-27T13:34:31Z' while content on disk has modification time of '2025-08-27T13:34:58Z'
  ERROR: Build asset version error: assets/localfightmanager.cs in SourceAssetDB has modification time of '2025-08-27T13:34:31Z' while content on disk has modification time of '2025-08-27T13:34:58Z'
Number of updated asset objects reloaded before import = 0Number of asset objects unloaded after import = 0

========================================================================
Received Import Request.
  Time since last request: 0.201487 seconds.
  path: Assets/LocalFightManager.cs
  artifactKey: Guid(323f0bb31ee9c4942a449e677f3392fc) Importer(815301076,1909f56bfc062723c751e8b465ee728b)
Start importing Assets/LocalFightManager.cs using Guid(323f0bb31ee9c4942a449e677f3392fc) Importer(815301076,1909f56bfc062723c751e8b465ee728b) (PreviewImporter) -> (artifact id: '00000000000000000000000000000000') in 0.000239 seconds
Import Error Code:(4)
Message: Build asset version error: assets/localfightmanager.cs in SourceAssetDB has modification time of '2025-08-27T13:34:31Z' while content on disk has modification time of '2025-08-27T13:34:58Z'
  ERROR: Build asset version error: assets/localfightmanager.cs in SourceAssetDB has modification time of '2025-08-27T13:34:31Z' while content on disk has modification time of '2025-08-27T13:34:58Z'
Number of updated asset objects reloaded before import = 0Number of asset objects unloaded after import = 0

========================================================================
Received Import Request.
  Time since last request: 0.196748 seconds.
  path: Assets/LocalFightManager.cs
  artifactKey: Guid(323f0bb31ee9c4942a449e677f3392fc) Importer(815301076,1909f56bfc062723c751e8b465ee728b)
Start importing Assets/LocalFightManager.cs using Guid(323f0bb31ee9c4942a449e677f3392fc) Importer(815301076,1909f56bfc062723c751e8b465ee728b) (PreviewImporter) -> (artifact id: '00000000000000000000000000000000') in 0.000295625 seconds
Import Error Code:(4)
Message: Build asset version error: assets/localfightmanager.cs in SourceAssetDB has modification time of '2025-08-27T13:34:31Z' while content on disk has modification time of '2025-08-27T13:34:58Z'
  ERROR: Build asset version error: assets/localfightmanager.cs in SourceAssetDB has modification time of '2025-08-27T13:34:31Z' while content on disk has modification time of '2025-08-27T13:34:58Z'
Number of updated asset objects reloaded before import = 0Number of asset objects unloaded after import = 0

========================================================================
Received Import Request.
  Time since last request: 0.099605 seconds.
  path: Assets/LocalFightManager.cs
  artifactKey: Guid(323f0bb31ee9c4942a449e677f3392fc) Importer(815301076,1909f56bfc062723c751e8b465ee728b)
Start importing Assets/LocalFightManager.cs using Guid(323f0bb31ee9c4942a449e677f3392fc) Importer(815301076,1909f56bfc062723c751e8b465ee728b) (PreviewImporter) -> (artifact id: '00000000000000000000000000000000') in 0.000206792 seconds
Import Error Code:(4)
Message: Build asset version error: assets/localfightmanager.cs in SourceAssetDB has modification time of '2025-08-27T13:34:31Z' while content on disk has modification time of '2025-08-27T13:34:58Z'
  ERROR: Build asset version error: assets/localfightmanager.cs in SourceAssetDB has modification time of '2025-08-27T13:34:31Z' while content on disk has modification time of '2025-08-27T13:34:58Z'
Number of updated asset objects reloaded before import = 0Number of asset objects unloaded after import = 0

========================================================================
Received Import Request.
  Time since last request: 0.099729 seconds.
  path: Assets/LocalFightManager.cs
  artifactKey: Guid(323f0bb31ee9c4942a449e677f3392fc) Importer(815301076,1909f56bfc062723c751e8b465ee728b)
Start importing Assets/LocalFightManager.cs using Guid(323f0bb31ee9c4942a449e677f3392fc) Importer(815301076,1909f56bfc062723c751e8b465ee728b) (PreviewImporter) -> (artifact id: '00000000000000000000000000000000') in 0.000200041 seconds
Import Error Code:(4)
Message: Build asset version error: assets/localfightmanager.cs in SourceAssetDB has modification time of '2025-08-27T13:34:31Z' while content on disk has modification time of '2025-08-27T13:34:58Z'
  ERROR: Build asset version error: assets/localfightmanager.cs in SourceAssetDB has modification time of '2025-08-27T13:34:31Z' while content on disk has modification time of '2025-08-27T13:34:58Z'
Number of updated asset objects reloaded before import = 0Number of asset objects unloaded after import = 0

========================================================================
Received Import Request.
  Time since last request: 0.199642 seconds.
  path: Assets/LocalFightManager.cs
  artifactKey: Guid(323f0bb31ee9c4942a449e677f3392fc) Importer(815301076,1909f56bfc062723c751e8b465ee728b)
Start importing Assets/LocalFightManager.cs using Guid(323f0bb31ee9c4942a449e677f3392fc) Importer(815301076,1909f56bfc062723c751e8b465ee728b) (PreviewImporter) -> (artifact id: '00000000000000000000000000000000') in 0.000230791 seconds
Import Error Code:(4)
Message: Build asset version error: assets/localfightmanager.cs in SourceAssetDB has modification time of '2025-08-27T13:34:31Z' while content on disk has modification time of '2025-08-27T13:34:58Z'
  ERROR: Build asset version error: assets/localfightmanager.cs in SourceAssetDB has modification time of '2025-08-27T13:34:31Z' while content on disk has modification time of '2025-08-27T13:34:58Z'
Number of updated asset objects reloaded before import = 0Number of asset objects unloaded after import = 0

========================================================================
Received Import Request.
  Time since last request: 0.099083 seconds.
  path: Assets/LocalFightManager.cs
  artifactKey: Guid(323f0bb31ee9c4942a449e677f3392fc) Importer(815301076,1909f56bfc062723c751e8b465ee728b)
Start importing Assets/LocalFightManager.cs using Guid(323f0bb31ee9c4942a449e677f3392fc) Importer(815301076,1909f56bfc062723c751e8b465ee728b) (PreviewImporter) -> (artifact id: '00000000000000000000000000000000') in 0.000218833 seconds
Import Error Code:(4)
Message: Build asset version error: assets/localfightmanager.cs in SourceAssetDB has modification time of '2025-08-27T13:34:31Z' while content on disk has modification time of '2025-08-27T13:34:58Z'
  ERROR: Build asset version error: assets/localfightmanager.cs in SourceAssetDB has modification time of '2025-08-27T13:34:31Z' while content on disk has modification time of '2025-08-27T13:34:58Z'
Number of updated asset objects reloaded before import = 0Number of asset objects unloaded after import = 0

========================================================================
Received Import Request.
  Time since last request: 0.203407 seconds.
  path: Assets/LocalFightManager.cs
  artifactKey: Guid(323f0bb31ee9c4942a449e677f3392fc) Importer(815301076,1909f56bfc062723c751e8b465ee728b)
Start importing Assets/LocalFightManager.cs using Guid(323f0bb31ee9c4942a449e677f3392fc) Importer(815301076,1909f56bfc062723c751e8b465ee728b) (PreviewImporter) -> (artifact id: '00000000000000000000000000000000') in 0.000222208 seconds
Import Error Code:(4)
Message: Build asset version error: assets/localfightmanager.cs in SourceAssetDB has modification time of '2025-08-27T13:34:31Z' while content on disk has modification time of '2025-08-27T13:34:58Z'
  ERROR: Build asset version error: assets/localfightmanager.cs in SourceAssetDB has modification time of '2025-08-27T13:34:31Z' while content on disk has modification time of '2025-08-27T13:34:58Z'
Number of updated asset objects reloaded before import = 0Number of asset objects unloaded after import = 0

========================================================================
Received Import Request.
  Time since last request: 0.195251 seconds.
  path: Assets/LocalFightManager.cs
  artifactKey: Guid(323f0bb31ee9c4942a449e677f3392fc) Importer(815301076,1909f56bfc062723c751e8b465ee728b)
Start importing Assets/LocalFightManager.cs using Guid(323f0bb31ee9c4942a449e677f3392fc) Importer(815301076,1909f56bfc062723c751e8b465ee728b) (PreviewImporter) -> (artifact id: '00000000000000000000000000000000') in 0.000205167 seconds
Import Error Code:(4)
Message: Build asset version error: assets/localfightmanager.cs in SourceAssetDB has modification time of '2025-08-27T13:34:31Z' while content on disk has modification time of '2025-08-27T13:34:58Z'
  ERROR: Build asset version error: assets/localfightmanager.cs in SourceAssetDB has modification time of '2025-08-27T13:34:31Z' while content on disk has modification time of '2025-08-27T13:34:58Z'
Number of updated asset objects reloaded before import = 0Number of asset objects unloaded after import = 0

========================================================================
Received Import Request.
  Time since last request: 0.199300 seconds.
  path: Assets/LocalFightManager.cs
  artifactKey: Guid(323f0bb31ee9c4942a449e677f3392fc) Importer(815301076,1909f56bfc062723c751e8b465ee728b)
Start importing Assets/LocalFightManager.cs using Guid(323f0bb31ee9c4942a449e677f3392fc) Importer(815301076,1909f56bfc062723c751e8b465ee728b) (PreviewImporter) -> (artifact id: '00000000000000000000000000000000') in 0.0002075 seconds
Import Error Code:(4)
Message: Build asset version error: assets/localfightmanager.cs in SourceAssetDB has modification time of '2025-08-27T13:34:31Z' while content on disk has modification time of '2025-08-27T13:34:58Z'
  ERROR: Build asset version error: assets/localfightmanager.cs in SourceAssetDB has modification time of '2025-08-27T13:34:31Z' while content on disk has modification time of '2025-08-27T13:34:58Z'
Number of updated asset objects reloaded before import = 0Number of asset objects unloaded after import = 0

========================================================================
Received Import Request.
  Time since last request: 0.105964 seconds.
  path: Assets/LocalFightManager.cs
  artifactKey: Guid(323f0bb31ee9c4942a449e677f3392fc) Importer(815301076,1909f56bfc062723c751e8b465ee728b)
Start importing Assets/LocalFightManager.cs using Guid(323f0bb31ee9c4942a449e677f3392fc) Importer(815301076,1909f56bfc062723c751e8b465ee728b) (PreviewImporter) -> (artifact id: '00000000000000000000000000000000') in 0.000235125 seconds
Import Error Code:(4)
Message: Build asset version error: assets/localfightmanager.cs in SourceAssetDB has modification time of '2025-08-27T13:34:31Z' while content on disk has modification time of '2025-08-27T13:34:58Z'
  ERROR: Build asset version error: assets/localfightmanager.cs in SourceAssetDB has modification time of '2025-08-27T13:34:31Z' while content on disk has modification time of '2025-08-27T13:34:58Z'
Number of updated asset objects reloaded before import = 0Number of asset objects unloaded after import = 0

========================================================================
Received Import Request.
  Time since last request: 0.196896 seconds.
  path: Assets/LocalFightManager.cs
  artifactKey: Guid(323f0bb31ee9c4942a449e677f3392fc) Importer(815301076,1909f56bfc062723c751e8b465ee728b)
Start importing Assets/LocalFightManager.cs using Guid(323f0bb31ee9c4942a449e677f3392fc) Importer(815301076,1909f56bfc062723c751e8b465ee728b) (PreviewImporter) -> (artifact id: '00000000000000000000000000000000') in 0.000239125 seconds
Import Error Code:(4)
Message: Build asset version error: assets/localfightmanager.cs in SourceAssetDB has modification time of '2025-08-27T13:34:31Z' while content on disk has modification time of '2025-08-27T13:34:58Z'
  ERROR: Build asset version error: assets/localfightmanager.cs in SourceAssetDB has modification time of '2025-08-27T13:34:31Z' while content on disk has modification time of '2025-08-27T13:34:58Z'
Number of updated asset objects reloaded before import = 0Number of asset objects unloaded after import = 0

========================================================================
Received Import Request.
  Time since last request: 0.097329 seconds.
  path: Assets/LocalFightManager.cs
  artifactKey: Guid(323f0bb31ee9c4942a449e677f3392fc) Importer(815301076,1909f56bfc062723c751e8b465ee728b)
Start importing Assets/LocalFightManager.cs using Guid(323f0bb31ee9c4942a449e677f3392fc) Importer(815301076,1909f56bfc062723c751e8b465ee728b) (PreviewImporter) -> (artifact id: '00000000000000000000000000000000') in 0.000211666 seconds
Import Error Code:(4)
Message: Build asset version error: assets/localfightmanager.cs in SourceAssetDB has modification time of '2025-08-27T13:34:31Z' while content on disk has modification time of '2025-08-27T13:34:58Z'
  ERROR: Build asset version error: assets/localfightmanager.cs in SourceAssetDB has modification time of '2025-08-27T13:34:31Z' while content on disk has modification time of '2025-08-27T13:34:58Z'
Number of updated asset objects reloaded before import = 0Number of asset objects unloaded after import = 0

========================================================================
Received Import Request.
  Time since last request: 0.198170 seconds.
  path: Assets/LocalFightManager.cs
  artifactKey: Guid(323f0bb31ee9c4942a449e677f3392fc) Importer(815301076,1909f56bfc062723c751e8b465ee728b)
Start importing Assets/LocalFightManager.cs using Guid(323f0bb31ee9c4942a449e677f3392fc) Importer(815301076,1909f56bfc062723c751e8b465ee728b) (PreviewImporter) -> (artifact id: '00000000000000000000000000000000') in 0.000216958 seconds
Import Error Code:(4)
Message: Build asset version error: assets/localfightmanager.cs in SourceAssetDB has modification time of '2025-08-27T13:34:31Z' while content on disk has modification time of '2025-08-27T13:34:58Z'
  ERROR: Build asset version error: assets/localfightmanager.cs in SourceAssetDB has modification time of '2025-08-27T13:34:31Z' while content on disk has modification time of '2025-08-27T13:34:58Z'
Number of updated asset objects reloaded before import = 0Number of asset objects unloaded after import = 0

========================================================================
Received Import Request.
  Time since last request: 0.100000 seconds.
  path: Assets/LocalFightManager.cs
  artifactKey: Guid(323f0bb31ee9c4942a449e677f3392fc) Importer(815301076,1909f56bfc062723c751e8b465ee728b)
Start importing Assets/LocalFightManager.cs using Guid(323f0bb31ee9c4942a449e677f3392fc) Importer(815301076,1909f56bfc062723c751e8b465ee728b) (PreviewImporter) -> (artifact id: '00000000000000000000000000000000') in 0.000193 seconds
Import Error Code:(4)
Message: Build asset version error: assets/localfightmanager.cs in SourceAssetDB has modification time of '2025-08-27T13:34:31Z' while content on disk has modification time of '2025-08-27T13:34:58Z'
  ERROR: Build asset version error: assets/localfightmanager.cs in SourceAssetDB has modification time of '2025-08-27T13:34:31Z' while content on disk has modification time of '2025-08-27T13:34:58Z'
Number of updated asset objects reloaded before import = 0Number of asset objects unloaded after import = 0

========================================================================
Received Import Request.
  Time since last request: 0.199803 seconds.
  path: Assets/LocalFightManager.cs
  artifactKey: Guid(323f0bb31ee9c4942a449e677f3392fc) Importer(815301076,1909f56bfc062723c751e8b465ee728b)
Start importing Assets/LocalFightManager.cs using Guid(323f0bb31ee9c4942a449e677f3392fc) Importer(815301076,1909f56bfc062723c751e8b465ee728b) (PreviewImporter) -> (artifact id: '00000000000000000000000000000000') in 0.000187959 seconds
Import Error Code:(4)
Message: Build asset version error: assets/localfightmanager.cs in SourceAssetDB has modification time of '2025-08-27T13:34:31Z' while content on disk has modification time of '2025-08-27T13:34:58Z'
  ERROR: Build asset version error: assets/localfightmanager.cs in SourceAssetDB has modification time of '2025-08-27T13:34:31Z' while content on disk has modification time of '2025-08-27T13:34:58Z'
Number of updated asset objects reloaded before import = 0Number of asset objects unloaded after import = 0

========================================================================
Received Import Request.
  Time since last request: 0.208367 seconds.
  path: Assets/LocalFightManager.cs
  artifactKey: Guid(323f0bb31ee9c4942a449e677f3392fc) Importer(815301076,1909f56bfc062723c751e8b465ee728b)
Start importing Assets/LocalFightManager.cs using Guid(323f0bb31ee9c4942a449e677f3392fc) Importer(815301076,1909f56bfc062723c751e8b465ee728b) (PreviewImporter) -> (artifact id: '00000000000000000000000000000000') in 0.000304417 seconds
Import Error Code:(4)
Message: Build asset version error: assets/localfightmanager.cs in SourceAssetDB has modification time of '2025-08-27T13:34:31Z' while content on disk has modification time of '2025-08-27T13:34:58Z'
  ERROR: Build asset version error: assets/localfightmanager.cs in SourceAssetDB has modification time of '2025-08-27T13:34:31Z' while content on disk has modification time of '2025-08-27T13:34:58Z'
Number of updated asset objects reloaded before import = 0Number of asset objects unloaded after import = 0

========================================================================
Received Import Request.
  Time since last request: 0.211684 seconds.
  path: Assets/LocalFightManager.cs
  artifactKey: Guid(323f0bb31ee9c4942a449e677f3392fc) Importer(815301076,1909f56bfc062723c751e8b465ee728b)
Start importing Assets/LocalFightManager.cs using Guid(323f0bb31ee9c4942a449e677f3392fc) Importer(815301076,1909f56bfc062723c751e8b465ee728b) (PreviewImporter) -> (artifact id: '00000000000000000000000000000000') in 0.000327709 seconds
Import Error Code:(4)
Message: Build asset version error: assets/localfightmanager.cs in SourceAssetDB has modification time of '2025-08-27T13:34:31Z' while content on disk has modification time of '2025-08-27T13:34:58Z'
  ERROR: Build asset version error: assets/localfightmanager.cs in SourceAssetDB has modification time of '2025-08-27T13:34:31Z' while content on disk has modification time of '2025-08-27T13:34:58Z'
Number of updated asset objects reloaded before import = 0Number of asset objects unloaded after import = 0

========================================================================
Received Import Request.
  Time since last request: 0.087722 seconds.
  path: Assets/LocalFightManager.cs
  artifactKey: Guid(323f0bb31ee9c4942a449e677f3392fc) Importer(815301076,1909f56bfc062723c751e8b465ee728b)
Start importing Assets/LocalFightManager.cs using Guid(323f0bb31ee9c4942a449e677f3392fc) Importer(815301076,1909f56bfc062723c751e8b465ee728b) (PreviewImporter) -> (artifact id: '00000000000000000000000000000000') in 0.000330084 seconds
Import Error Code:(4)
Message: Build asset version error: assets/localfightmanager.cs in SourceAssetDB has modification time of '2025-08-27T13:34:31Z' while content on disk has modification time of '2025-08-27T13:34:58Z'
  ERROR: Build asset version error: assets/localfightmanager.cs in SourceAssetDB has modification time of '2025-08-27T13:34:31Z' while content on disk has modification time of '2025-08-27T13:34:58Z'
Number of updated asset objects reloaded before import = 0Number of asset objects unloaded after import = 0

========================================================================
Received Import Request.
  Time since last request: 0.096512 seconds.
  path: Assets/LocalFightManager.cs
  artifactKey: Guid(323f0bb31ee9c4942a449e677f3392fc) Importer(815301076,1909f56bfc062723c751e8b465ee728b)
Start importing Assets/LocalFightManager.cs using Guid(323f0bb31ee9c4942a449e677f3392fc) Importer(815301076,1909f56bfc062723c751e8b465ee728b) (PreviewImporter) -> (artifact id: '00000000000000000000000000000000') in 0.00026625 seconds
Import Error Code:(4)
Message: Build asset version error: assets/localfightmanager.cs in SourceAssetDB has modification time of '2025-08-27T13:34:31Z' while content on disk has modification time of '2025-08-27T13:34:58Z'
  ERROR: Build asset version error: assets/localfightmanager.cs in SourceAssetDB has modification time of '2025-08-27T13:34:31Z' while content on disk has modification time of '2025-08-27T13:34:58Z'
Number of updated asset objects reloaded before import = 0Number of asset objects unloaded after import = 0

========================================================================
Received Import Request.
  Time since last request: 0.190318 seconds.
  path: Assets/LocalFightManager.cs
  artifactKey: Guid(323f0bb31ee9c4942a449e677f3392fc) Importer(815301076,1909f56bfc062723c751e8b465ee728b)
Start importing Assets/LocalFightManager.cs using Guid(323f0bb31ee9c4942a449e677f3392fc) Importer(815301076,1909f56bfc062723c751e8b465ee728b) (PreviewImporter) -> (artifact id: '00000000000000000000000000000000') in 0.000261334 seconds
Import Error Code:(4)
Message: Build asset version error: assets/localfightmanager.cs in SourceAssetDB has modification time of '2025-08-27T13:34:31Z' while content on disk has modification time of '2025-08-27T13:34:58Z'
  ERROR: Build asset version error: assets/localfightmanager.cs in SourceAssetDB has modification time of '2025-08-27T13:34:31Z' while content on disk has modification time of '2025-08-27T13:34:58Z'
Number of updated asset objects reloaded before import = 0Number of asset objects unloaded after import = 0

========================================================================
Received Import Request.
  Time since last request: 0.206145 seconds.
  path: Assets/LocalFightManager.cs
  artifactKey: Guid(323f0bb31ee9c4942a449e677f3392fc) Importer(815301076,1909f56bfc062723c751e8b465ee728b)
Start importing Assets/LocalFightManager.cs using Guid(323f0bb31ee9c4942a449e677f3392fc) Importer(815301076,1909f56bfc062723c751e8b465ee728b) (PreviewImporter) -> (artifact id: '00000000000000000000000000000000') in 0.0002935 seconds
Import Error Code:(4)
Message: Build asset version error: assets/localfightmanager.cs in SourceAssetDB has modification time of '2025-08-27T13:34:31Z' while content on disk has modification time of '2025-08-27T13:34:58Z'
  ERROR: Build asset version error: assets/localfightmanager.cs in SourceAssetDB has modification time of '2025-08-27T13:34:31Z' while content on disk has modification time of '2025-08-27T13:34:58Z'
Number of updated asset objects reloaded before import = 0Number of asset objects unloaded after import = 0

========================================================================
Received Import Request.
  Time since last request: 0.202210 seconds.
  path: Assets/LocalFightManager.cs
  artifactKey: Guid(323f0bb31ee9c4942a449e677f3392fc) Importer(815301076,1909f56bfc062723c751e8b465ee728b)
Start importing Assets/LocalFightManager.cs using Guid(323f0bb31ee9c4942a449e677f3392fc) Importer(815301076,1909f56bfc062723c751e8b465ee728b) (PreviewImporter) -> (artifact id: '00000000000000000000000000000000') in 0.000225541 seconds
Import Error Code:(4)
Message: Build asset version error: assets/localfightmanager.cs in SourceAssetDB has modification time of '2025-08-27T13:34:31Z' while content on disk has modification time of '2025-08-27T13:34:58Z'
  ERROR: Build asset version error: assets/localfightmanager.cs in SourceAssetDB has modification time of '2025-08-27T13:34:31Z' while content on disk has modification time of '2025-08-27T13:34:58Z'
Number of updated asset objects reloaded before import = 0Number of asset objects unloaded after import = 0

========================================================================
Received Import Request.
  Time since last request: 0.093504 seconds.
  path: Assets/LocalFightManager.cs
  artifactKey: Guid(323f0bb31ee9c4942a449e677f3392fc) Importer(815301076,1909f56bfc062723c751e8b465ee728b)
Start importing Assets/LocalFightManager.cs using Guid(323f0bb31ee9c4942a449e677f3392fc) Importer(815301076,1909f56bfc062723c751e8b465ee728b) (PreviewImporter) -> (artifact id: '00000000000000000000000000000000') in 0.0002425 seconds
Import Error Code:(4)
Message: Build asset version error: assets/localfightmanager.cs in SourceAssetDB has modification time of '2025-08-27T13:34:31Z' while content on disk has modification time of '2025-08-27T13:34:58Z'
  ERROR: Build asset version error: assets/localfightmanager.cs in SourceAssetDB has modification time of '2025-08-27T13:34:31Z' while content on disk has modification time of '2025-08-27T13:34:58Z'
Number of updated asset objects reloaded before import = 0Number of asset objects unloaded after import = 0

========================================================================
Received Import Request.
  Time since last request: 0.104531 seconds.
  path: Assets/LocalFightManager.cs
  artifactKey: Guid(323f0bb31ee9c4942a449e677f3392fc) Importer(815301076,1909f56bfc062723c751e8b465ee728b)
Start importing Assets/LocalFightManager.cs using Guid(323f0bb31ee9c4942a449e677f3392fc) Importer(815301076,1909f56bfc062723c751e8b465ee728b) (PreviewImporter) -> (artifact id: '00000000000000000000000000000000') in 0.00026425 seconds
Import Error Code:(4)
Message: Build asset version error: assets/localfightmanager.cs in SourceAssetDB has modification time of '2025-08-27T13:34:31Z' while content on disk has modification time of '2025-08-27T13:34:58Z'
  ERROR: Build asset version error: assets/localfightmanager.cs in SourceAssetDB has modification time of '2025-08-27T13:34:31Z' while content on disk has modification time of '2025-08-27T13:34:58Z'
Number of updated asset objects reloaded before import = 0Number of asset objects unloaded after import = 0

========================================================================
Received Import Request.
  Time since last request: 0.092508 seconds.
  path: Assets/LocalFightManager.cs
  artifactKey: Guid(323f0bb31ee9c4942a449e677f3392fc) Importer(815301076,1909f56bfc062723c751e8b465ee728b)
Start importing Assets/LocalFightManager.cs using Guid(323f0bb31ee9c4942a449e677f3392fc) Importer(815301076,1909f56bfc062723c751e8b465ee728b) (PreviewImporter) -> (artifact id: '00000000000000000000000000000000') in 0.000214584 seconds
Import Error Code:(4)
Message: Build asset version error: assets/localfightmanager.cs in SourceAssetDB has modification time of '2025-08-27T13:34:31Z' while content on disk has modification time of '2025-08-27T13:34:58Z'
  ERROR: Build asset version error: assets/localfightmanager.cs in SourceAssetDB has modification time of '2025-08-27T13:34:31Z' while content on disk has modification time of '2025-08-27T13:34:58Z'
Number of updated asset objects reloaded before import = 0Number of asset objects unloaded after import = 0

========================================================================
Received Import Request.
  Time since last request: 0.200122 seconds.
  path: Assets/LocalFightManager.cs
  artifactKey: Guid(323f0bb31ee9c4942a449e677f3392fc) Importer(815301076,1909f56bfc062723c751e8b465ee728b)
Start importing Assets/LocalFightManager.cs using Guid(323f0bb31ee9c4942a449e677f3392fc) Importer(815301076,1909f56bfc062723c751e8b465ee728b) (PreviewImporter) -> (artifact id: '00000000000000000000000000000000') in 0.0002025 seconds
Import Error Code:(4)
Message: Build asset version error: assets/localfightmanager.cs in SourceAssetDB has modification time of '2025-08-27T13:34:31Z' while content on disk has modification time of '2025-08-27T13:34:58Z'
  ERROR: Build asset version error: assets/localfightmanager.cs in SourceAssetDB has modification time of '2025-08-27T13:34:31Z' while content on disk has modification time of '2025-08-27T13:34:58Z'
Number of updated asset objects reloaded before import = 0Number of asset objects unloaded after import = 0

========================================================================
Received Import Request.
  Time since last request: 0.100496 seconds.
  path: Assets/LocalFightManager.cs
  artifactKey: Guid(323f0bb31ee9c4942a449e677f3392fc) Importer(815301076,1909f56bfc062723c751e8b465ee728b)
Start importing Assets/LocalFightManager.cs using Guid(323f0bb31ee9c4942a449e677f3392fc) Importer(815301076,1909f56bfc062723c751e8b465ee728b) (PreviewImporter) -> (artifact id: '00000000000000000000000000000000') in 0.000198208 seconds
Import Error Code:(4)
Message: Build asset version error: assets/localfightmanager.cs in SourceAssetDB has modification time of '2025-08-27T13:34:31Z' while content on disk has modification time of '2025-08-27T13:34:58Z'
  ERROR: Build asset version error: assets/localfightmanager.cs in SourceAssetDB has modification time of '2025-08-27T13:34:31Z' while content on disk has modification time of '2025-08-27T13:34:58Z'
Number of updated asset objects reloaded before import = 0Number of asset objects unloaded after import = 0

========================================================================
Received Import Request.
  Time since last request: 0.197641 seconds.
  path: Assets/LocalFightManager.cs
  artifactKey: Guid(323f0bb31ee9c4942a449e677f3392fc) Importer(815301076,1909f56bfc062723c751e8b465ee728b)
Start importing Assets/LocalFightManager.cs using Guid(323f0bb31ee9c4942a449e677f3392fc) Importer(815301076,1909f56bfc062723c751e8b465ee728b) (PreviewImporter) -> (artifact id: '00000000000000000000000000000000') in 0.000187209 seconds
Import Error Code:(4)
Message: Build asset version error: assets/localfightmanager.cs in SourceAssetDB has modification time of '2025-08-27T13:34:31Z' while content on disk has modification time of '2025-08-27T13:34:58Z'
  ERROR: Build asset version error: assets/localfightmanager.cs in SourceAssetDB has modification time of '2025-08-27T13:34:31Z' while content on disk has modification time of '2025-08-27T13:34:58Z'
Number of updated asset objects reloaded before import = 0Number of asset objects unloaded after import = 0

========================================================================
Received Import Request.
  Time since last request: 0.202146 seconds.
  path: Assets/LocalFightManager.cs
  artifactKey: Guid(323f0bb31ee9c4942a449e677f3392fc) Importer(815301076,1909f56bfc062723c751e8b465ee728b)
Start importing Assets/LocalFightManager.cs using Guid(323f0bb31ee9c4942a449e677f3392fc) Importer(815301076,1909f56bfc062723c751e8b465ee728b) (PreviewImporter) -> (artifact id: '00000000000000000000000000000000') in 0.000240042 seconds
Import Error Code:(4)
Message: Build asset version error: assets/localfightmanager.cs in SourceAssetDB has modification time of '2025-08-27T13:34:31Z' while content on disk has modification time of '2025-08-27T13:34:58Z'
  ERROR: Build asset version error: assets/localfightmanager.cs in SourceAssetDB has modification time of '2025-08-27T13:34:31Z' while content on disk has modification time of '2025-08-27T13:34:58Z'
Number of updated asset objects reloaded before import = 0Number of asset objects unloaded after import = 0

========================================================================
Received Import Request.
  Time since last request: 0.196960 seconds.
  path: Assets/LocalFightManager.cs
  artifactKey: Guid(323f0bb31ee9c4942a449e677f3392fc) Importer(815301076,1909f56bfc062723c751e8b465ee728b)
Start importing Assets/LocalFightManager.cs using Guid(323f0bb31ee9c4942a449e677f3392fc) Importer(815301076,1909f56bfc062723c751e8b465ee728b) (PreviewImporter) -> (artifact id: '00000000000000000000000000000000') in 0.0002145 seconds
Import Error Code:(4)
Message: Build asset version error: assets/localfightmanager.cs in SourceAssetDB has modification time of '2025-08-27T13:34:31Z' while content on disk has modification time of '2025-08-27T13:34:58Z'
  ERROR: Build asset version error: assets/localfightmanager.cs in SourceAssetDB has modification time of '2025-08-27T13:34:31Z' while content on disk has modification time of '2025-08-27T13:34:58Z'
Number of updated asset objects reloaded before import = 0Number of asset objects unloaded after import = 0

========================================================================
Received Import Request.
  Time since last request: 0.102643 seconds.
  path: Assets/LocalFightManager.cs
  artifactKey: Guid(323f0bb31ee9c4942a449e677f3392fc) Importer(815301076,1909f56bfc062723c751e8b465ee728b)
Start importing Assets/LocalFightManager.cs using Guid(323f0bb31ee9c4942a449e677f3392fc) Importer(815301076,1909f56bfc062723c751e8b465ee728b) (PreviewImporter) -> (artifact id: '00000000000000000000000000000000') in 0.000227375 seconds
Import Error Code:(4)
Message: Build asset version error: assets/localfightmanager.cs in SourceAssetDB has modification time of '2025-08-27T13:34:31Z' while content on disk has modification time of '2025-08-27T13:34:58Z'
  ERROR: Build asset version error: assets/localfightmanager.cs in SourceAssetDB has modification time of '2025-08-27T13:34:31Z' while content on disk has modification time of '2025-08-27T13:34:58Z'
Number of updated asset objects reloaded before import = 0Number of asset objects unloaded after import = 0

========================================================================
Received Import Request.
  Time since last request: 0.104417 seconds.
  path: Assets/LocalFightManager.cs
  artifactKey: Guid(323f0bb31ee9c4942a449e677f3392fc) Importer(815301076,1909f56bfc062723c751e8b465ee728b)
Start importing Assets/LocalFightManager.cs using Guid(323f0bb31ee9c4942a449e677f3392fc) Importer(815301076,1909f56bfc062723c751e8b465ee728b) (PreviewImporter) -> (artifact id: '00000000000000000000000000000000') in 0.000218458 seconds
Import Error Code:(4)
Message: Build asset version error: assets/localfightmanager.cs in SourceAssetDB has modification time of '2025-08-27T13:34:31Z' while content on disk has modification time of '2025-08-27T13:34:58Z'
  ERROR: Build asset version error: assets/localfightmanager.cs in SourceAssetDB has modification time of '2025-08-27T13:34:31Z' while content on disk has modification time of '2025-08-27T13:34:58Z'
Number of updated asset objects reloaded before import = 0Number of asset objects unloaded after import = 0

========================================================================
Received Import Request.
  Time since last request: 0.192320 seconds.
  path: Assets/LocalFightManager.cs
  artifactKey: Guid(323f0bb31ee9c4942a449e677f3392fc) Importer(815301076,1909f56bfc062723c751e8b465ee728b)
Start importing Assets/LocalFightManager.cs using Guid(323f0bb31ee9c4942a449e677f3392fc) Importer(815301076,1909f56bfc062723c751e8b465ee728b) (PreviewImporter) -> (artifact id: '00000000000000000000000000000000') in 0.000207292 seconds
Import Error Code:(4)
Message: Build asset version error: assets/localfightmanager.cs in SourceAssetDB has modification time of '2025-08-27T13:34:31Z' while content on disk has modification time of '2025-08-27T13:34:58Z'
  ERROR: Build asset version error: assets/localfightmanager.cs in SourceAssetDB has modification time of '2025-08-27T13:34:31Z' while content on disk has modification time of '2025-08-27T13:34:58Z'
Number of updated asset objects reloaded before import = 0Number of asset objects unloaded after import = 0

========================================================================
Received Import Request.
  Time since last request: 0.208557 seconds.
  path: Assets/LocalFightManager.cs
  artifactKey: Guid(323f0bb31ee9c4942a449e677f3392fc) Importer(815301076,1909f56bfc062723c751e8b465ee728b)
Start importing Assets/LocalFightManager.cs using Guid(323f0bb31ee9c4942a449e677f3392fc) Importer(815301076,1909f56bfc062723c751e8b465ee728b) (PreviewImporter) -> (artifact id: '00000000000000000000000000000000') in 0.0002635 seconds
Import Error Code:(4)
Message: Build asset version error: assets/localfightmanager.cs in SourceAssetDB has modification time of '2025-08-27T13:34:31Z' while content on disk has modification time of '2025-08-27T13:34:58Z'
  ERROR: Build asset version error: assets/localfightmanager.cs in SourceAssetDB has modification time of '2025-08-27T13:34:31Z' while content on disk has modification time of '2025-08-27T13:34:58Z'
Number of updated asset objects reloaded before import = 0Number of asset objects unloaded after import = 0

========================================================================
Received Import Request.
  Time since last request: 0.090003 seconds.
  path: Assets/LocalFightManager.cs
  artifactKey: Guid(323f0bb31ee9c4942a449e677f3392fc) Importer(815301076,1909f56bfc062723c751e8b465ee728b)
Start importing Assets/LocalFightManager.cs using Guid(323f0bb31ee9c4942a449e677f3392fc) Importer(815301076,1909f56bfc062723c751e8b465ee728b) (PreviewImporter) -> (artifact id: '00000000000000000000000000000000') in 0.000241917 seconds
Import Error Code:(4)
Message: Build asset version error: assets/localfightmanager.cs in SourceAssetDB has modification time of '2025-08-27T13:34:31Z' while content on disk has modification time of '2025-08-27T13:34:58Z'
  ERROR: Build asset version error: assets/localfightmanager.cs in SourceAssetDB has modification time of '2025-08-27T13:34:31Z' while content on disk has modification time of '2025-08-27T13:34:58Z'
Number of updated asset objects reloaded before import = 0Number of asset objects unloaded after import = 0

========================================================================
Received Import Request.
  Time since last request: 0.099020 seconds.
  path: Assets/LocalFightManager.cs
  artifactKey: Guid(323f0bb31ee9c4942a449e677f3392fc) Importer(815301076,1909f56bfc062723c751e8b465ee728b)
Start importing Assets/LocalFightManager.cs using Guid(323f0bb31ee9c4942a449e677f3392fc) Importer(815301076,1909f56bfc062723c751e8b465ee728b) (PreviewImporter) -> (artifact id: '00000000000000000000000000000000') in 0.000239708 seconds
Import Error Code:(4)
Message: Build asset version error: assets/localfightmanager.cs in SourceAssetDB has modification time of '2025-08-27T13:34:31Z' while content on disk has modification time of '2025-08-27T13:34:58Z'
  ERROR: Build asset version error: assets/localfightmanager.cs in SourceAssetDB has modification time of '2025-08-27T13:34:31Z' while content on disk has modification time of '2025-08-27T13:34:58Z'
Number of updated asset objects reloaded before import = 0Number of asset objects unloaded after import = 0

========================================================================
Received Import Request.
  Time since last request: 0.203204 seconds.
  path: Assets/LocalFightManager.cs
  artifactKey: Guid(323f0bb31ee9c4942a449e677f3392fc) Importer(815301076,1909f56bfc062723c751e8b465ee728b)
Start importing Assets/LocalFightManager.cs using Guid(323f0bb31ee9c4942a449e677f3392fc) Importer(815301076,1909f56bfc062723c751e8b465ee728b) (PreviewImporter) -> (artifact id: '00000000000000000000000000000000') in 0.000240209 seconds
Import Error Code:(4)
Message: Build asset version error: assets/localfightmanager.cs in SourceAssetDB has modification time of '2025-08-27T13:34:31Z' while content on disk has modification time of '2025-08-27T13:34:58Z'
  ERROR: Build asset version error: assets/localfightmanager.cs in SourceAssetDB has modification time of '2025-08-27T13:34:31Z' while content on disk has modification time of '2025-08-27T13:34:58Z'
Number of updated asset objects reloaded before import = 0Number of asset objects unloaded after import = 0

========================================================================
Received Import Request.
  Time since last request: 0.099153 seconds.
  path: Assets/LocalFightManager.cs
  artifactKey: Guid(323f0bb31ee9c4942a449e677f3392fc) Importer(815301076,1909f56bfc062723c751e8b465ee728b)
Start importing Assets/LocalFightManager.cs using Guid(323f0bb31ee9c4942a449e677f3392fc) Importer(815301076,1909f56bfc062723c751e8b465ee728b) (PreviewImporter) -> (artifact id: '00000000000000000000000000000000') in 0.000269166 seconds
Import Error Code:(4)
Message: Build asset version error: assets/localfightmanager.cs in SourceAssetDB has modification time of '2025-08-27T13:34:31Z' while content on disk has modification time of '2025-08-27T13:34:58Z'
  ERROR: Build asset version error: assets/localfightmanager.cs in SourceAssetDB has modification time of '2025-08-27T13:34:31Z' while content on disk has modification time of '2025-08-27T13:34:58Z'
Number of updated asset objects reloaded before import = 0Number of asset objects unloaded after import = 0

========================================================================
Received Import Request.
  Time since last request: 0.200386 seconds.
  path: Assets/LocalFightManager.cs
  artifactKey: Guid(323f0bb31ee9c4942a449e677f3392fc) Importer(815301076,1909f56bfc062723c751e8b465ee728b)
Start importing Assets/LocalFightManager.cs using Guid(323f0bb31ee9c4942a449e677f3392fc) Importer(815301076,1909f56bfc062723c751e8b465ee728b) (PreviewImporter) -> (artifact id: '00000000000000000000000000000000') in 0.000269541 seconds
Import Error Code:(4)
Message: Build asset version error: assets/localfightmanager.cs in SourceAssetDB has modification time of '2025-08-27T13:34:31Z' while content on disk has modification time of '2025-08-27T13:34:58Z'
  ERROR: Build asset version error: assets/localfightmanager.cs in SourceAssetDB has modification time of '2025-08-27T13:34:31Z' while content on disk has modification time of '2025-08-27T13:34:58Z'
Number of updated asset objects reloaded before import = 0Number of asset objects unloaded after import = 0

========================================================================
Received Import Request.
  Time since last request: 0.094991 seconds.
  path: Assets/LocalFightManager.cs
  artifactKey: Guid(323f0bb31ee9c4942a449e677f3392fc) Importer(815301076,1909f56bfc062723c751e8b465ee728b)
Start importing Assets/LocalFightManager.cs using Guid(323f0bb31ee9c4942a449e677f3392fc) Importer(815301076,1909f56bfc062723c751e8b465ee728b) (PreviewImporter) -> (artifact id: '00000000000000000000000000000000') in 0.000216417 seconds
Import Error Code:(4)
Message: Build asset version error: assets/localfightmanager.cs in SourceAssetDB has modification time of '2025-08-27T13:34:31Z' while content on disk has modification time of '2025-08-27T13:34:58Z'
  ERROR: Build asset version error: assets/localfightmanager.cs in SourceAssetDB has modification time of '2025-08-27T13:34:31Z' while content on disk has modification time of '2025-08-27T13:34:58Z'
Number of updated asset objects reloaded before import = 0Number of asset objects unloaded after import = 0

========================================================================
Received Import Request.
  Time since last request: 0.099325 seconds.
  path: Assets/LocalFightManager.cs
  artifactKey: Guid(323f0bb31ee9c4942a449e677f3392fc) Importer(815301076,1909f56bfc062723c751e8b465ee728b)
Start importing Assets/LocalFightManager.cs using Guid(323f0bb31ee9c4942a449e677f3392fc) Importer(815301076,1909f56bfc062723c751e8b465ee728b) (PreviewImporter) -> (artifact id: '00000000000000000000000000000000') in 0.0002095 seconds
Import Error Code:(4)
Message: Build asset version error: assets/localfightmanager.cs in SourceAssetDB has modification time of '2025-08-27T13:34:31Z' while content on disk has modification time of '2025-08-27T13:34:58Z'
  ERROR: Build asset version error: assets/localfightmanager.cs in SourceAssetDB has modification time of '2025-08-27T13:34:31Z' while content on disk has modification time of '2025-08-27T13:34:58Z'
Number of updated asset objects reloaded before import = 0Number of asset objects unloaded after import = 0

========================================================================
Received Import Request.
  Time since last request: 0.199861 seconds.
  path: Assets/LocalFightManager.cs
  artifactKey: Guid(323f0bb31ee9c4942a449e677f3392fc) Importer(815301076,1909f56bfc062723c751e8b465ee728b)
Start importing Assets/LocalFightManager.cs using Guid(323f0bb31ee9c4942a449e677f3392fc) Importer(815301076,1909f56bfc062723c751e8b465ee728b) (PreviewImporter) -> (artifact id: '00000000000000000000000000000000') in 0.000245708 seconds
Import Error Code:(4)
Message: Build asset version error: assets/localfightmanager.cs in SourceAssetDB has modification time of '2025-08-27T13:34:31Z' while content on disk has modification time of '2025-08-27T13:34:58Z'
  ERROR: Build asset version error: assets/localfightmanager.cs in SourceAssetDB has modification time of '2025-08-27T13:34:31Z' while content on disk has modification time of '2025-08-27T13:34:58Z'
Number of updated asset objects reloaded before import = 0Number of asset objects unloaded after import = 0

========================================================================
Received Import Request.
  Time since last request: 0.199782 seconds.
  path: Assets/LocalFightManager.cs
  artifactKey: Guid(323f0bb31ee9c4942a449e677f3392fc) Importer(815301076,1909f56bfc062723c751e8b465ee728b)
Start importing Assets/LocalFightManager.cs using Guid(323f0bb31ee9c4942a449e677f3392fc) Importer(815301076,1909f56bfc062723c751e8b465ee728b) (PreviewImporter) -> (artifact id: '00000000000000000000000000000000') in 0.000221417 seconds
Import Error Code:(4)
Message: Build asset version error: assets/localfightmanager.cs in SourceAssetDB has modification time of '2025-08-27T13:34:31Z' while content on disk has modification time of '2025-08-27T13:34:58Z'
  ERROR: Build asset version error: assets/localfightmanager.cs in SourceAssetDB has modification time of '2025-08-27T13:34:31Z' while content on disk has modification time of '2025-08-27T13:34:58Z'
Number of updated asset objects reloaded before import = 0Number of asset objects unloaded after import = 0

========================================================================
Received Import Request.
  Time since last request: 0.199198 seconds.
  path: Assets/LocalFightManager.cs
  artifactKey: Guid(323f0bb31ee9c4942a449e677f3392fc) Importer(815301076,1909f56bfc062723c751e8b465ee728b)
Start importing Assets/LocalFightManager.cs using Guid(323f0bb31ee9c4942a449e677f3392fc) Importer(815301076,1909f56bfc062723c751e8b465ee728b) (PreviewImporter) -> (artifact id: '00000000000000000000000000000000') in 0.00020775 seconds
Import Error Code:(4)
Message: Build asset version error: assets/localfightmanager.cs in SourceAssetDB has modification time of '2025-08-27T13:34:31Z' while content on disk has modification time of '2025-08-27T13:34:58Z'
  ERROR: Build asset version error: assets/localfightmanager.cs in SourceAssetDB has modification time of '2025-08-27T13:34:31Z' while content on disk has modification time of '2025-08-27T13:34:58Z'
Number of updated asset objects reloaded before import = 0Number of asset objects unloaded after import = 0

========================================================================
Received Import Request.
  Time since last request: 0.199721 seconds.
  path: Assets/LocalFightManager.cs
  artifactKey: Guid(323f0bb31ee9c4942a449e677f3392fc) Importer(815301076,1909f56bfc062723c751e8b465ee728b)
Start importing Assets/LocalFightManager.cs using Guid(323f0bb31ee9c4942a449e677f3392fc) Importer(815301076,1909f56bfc062723c751e8b465ee728b) (PreviewImporter) -> (artifact id: '00000000000000000000000000000000') in 0.000322625 seconds
Import Error Code:(4)
Message: Build asset version error: assets/localfightmanager.cs in SourceAssetDB has modification time of '2025-08-27T13:34:31Z' while content on disk has modification time of '2025-08-27T13:34:58Z'
  ERROR: Build asset version error: assets/localfightmanager.cs in SourceAssetDB has modification time of '2025-08-27T13:34:31Z' while content on disk has modification time of '2025-08-27T13:34:58Z'
Number of updated asset objects reloaded before import = 0Number of asset objects unloaded after import = 0

========================================================================
Received Import Request.
  Time since last request: 0.107629 seconds.
  path: Assets/LocalFightManager.cs
  artifactKey: Guid(323f0bb31ee9c4942a449e677f3392fc) Importer(815301076,1909f56bfc062723c751e8b465ee728b)
Start importing Assets/LocalFightManager.cs using Guid(323f0bb31ee9c4942a449e677f3392fc) Importer(815301076,1909f56bfc062723c751e8b465ee728b) (PreviewImporter) -> (artifact id: '00000000000000000000000000000000') in 0.000244084 seconds
Import Error Code:(4)
Message: Build asset version error: assets/localfightmanager.cs in SourceAssetDB has modification time of '2025-08-27T13:34:31Z' while content on disk has modification time of '2025-08-27T13:34:58Z'
  ERROR: Build asset version error: assets/localfightmanager.cs in SourceAssetDB has modification time of '2025-08-27T13:34:31Z' while content on disk has modification time of '2025-08-27T13:34:58Z'
Number of updated asset objects reloaded before import = 0Number of asset objects unloaded after import = 0

========================================================================
Received Import Request.
  Time since last request: 0.192975 seconds.
  path: Assets/LocalFightManager.cs
  artifactKey: Guid(323f0bb31ee9c4942a449e677f3392fc) Importer(815301076,1909f56bfc062723c751e8b465ee728b)
Start importing Assets/LocalFightManager.cs using Guid(323f0bb31ee9c4942a449e677f3392fc) Importer(815301076,1909f56bfc062723c751e8b465ee728b) (PreviewImporter) -> (artifact id: '00000000000000000000000000000000') in 0.000514875 seconds
Import Error Code:(4)
Message: Build asset version error: assets/localfightmanager.cs in SourceAssetDB has modification time of '2025-08-27T13:34:31Z' while content on disk has modification time of '2025-08-27T13:34:58Z'
  ERROR: Build asset version error: assets/localfightmanager.cs in SourceAssetDB has modification time of '2025-08-27T13:34:31Z' while content on disk has modification time of '2025-08-27T13:34:58Z'
Number of updated asset objects reloaded before import = 0Number of asset objects unloaded after import = 0

========================================================================
Received Import Request.
  Time since last request: 0.207239 seconds.
  path: Assets/LocalFightManager.cs
  artifactKey: Guid(323f0bb31ee9c4942a449e677f3392fc) Importer(815301076,1909f56bfc062723c751e8b465ee728b)
Start importing Assets/LocalFightManager.cs using Guid(323f0bb31ee9c4942a449e677f3392fc) Importer(815301076,1909f56bfc062723c751e8b465ee728b) (PreviewImporter) -> (artifact id: '00000000000000000000000000000000') in 0.000401875 seconds
Import Error Code:(4)
Message: Build asset version error: assets/localfightmanager.cs in SourceAssetDB has modification time of '2025-08-27T13:34:31Z' while content on disk has modification time of '2025-08-27T13:34:58Z'
  ERROR: Build asset version error: assets/localfightmanager.cs in SourceAssetDB has modification time of '2025-08-27T13:34:31Z' while content on disk has modification time of '2025-08-27T13:34:58Z'
Number of updated asset objects reloaded before import = 0Number of asset objects unloaded after import = 0

========================================================================
Received Import Request.
  Time since last request: 0.197666 seconds.
  path: Assets/LocalFightManager.cs
  artifactKey: Guid(323f0bb31ee9c4942a449e677f3392fc) Importer(815301076,1909f56bfc062723c751e8b465ee728b)
Start importing Assets/LocalFightManager.cs using Guid(323f0bb31ee9c4942a449e677f3392fc) Importer(815301076,1909f56bfc062723c751e8b465ee728b) (PreviewImporter) -> (artifact id: '00000000000000000000000000000000') in 0.000336375 seconds
Import Error Code:(4)
Message: Build asset version error: assets/localfightmanager.cs in SourceAssetDB has modification time of '2025-08-27T13:34:31Z' while content on disk has modification time of '2025-08-27T13:34:58Z'
  ERROR: Build asset version error: assets/localfightmanager.cs in SourceAssetDB has modification time of '2025-08-27T13:34:31Z' while content on disk has modification time of '2025-08-27T13:34:58Z'
Number of updated asset objects reloaded before import = 0Number of asset objects unloaded after import = 0

========================================================================
Received Import Request.
  Time since last request: 0.099398 seconds.
  path: Assets/LocalFightManager.cs
  artifactKey: Guid(323f0bb31ee9c4942a449e677f3392fc) Importer(815301076,1909f56bfc062723c751e8b465ee728b)
Start importing Assets/LocalFightManager.cs using Guid(323f0bb31ee9c4942a449e677f3392fc) Importer(815301076,1909f56bfc062723c751e8b465ee728b) (PreviewImporter) -> (artifact id: '00000000000000000000000000000000') in 0.000363333 seconds
Import Error Code:(4)
Message: Build asset version error: assets/localfightmanager.cs in SourceAssetDB has modification time of '2025-08-27T13:34:31Z' while content on disk has modification time of '2025-08-27T13:34:58Z'
  ERROR: Build asset version error: assets/localfightmanager.cs in SourceAssetDB has modification time of '2025-08-27T13:34:31Z' while content on disk has modification time of '2025-08-27T13:34:58Z'
Number of updated asset objects reloaded before import = 0Number of asset objects unloaded after import = 0

========================================================================
Received Import Request.
  Time since last request: 0.097597 seconds.
  path: Assets/LocalFightManager.cs
  artifactKey: Guid(323f0bb31ee9c4942a449e677f3392fc) Importer(815301076,1909f56bfc062723c751e8b465ee728b)
Start importing Assets/LocalFightManager.cs using Guid(323f0bb31ee9c4942a449e677f3392fc) Importer(815301076,1909f56bfc062723c751e8b465ee728b) (PreviewImporter) -> (artifact id: '00000000000000000000000000000000') in 0.000369375 seconds
Import Error Code:(4)
Message: Build asset version error: assets/localfightmanager.cs in SourceAssetDB has modification time of '2025-08-27T13:34:31Z' while content on disk has modification time of '2025-08-27T13:34:58Z'
  ERROR: Build asset version error: assets/localfightmanager.cs in SourceAssetDB has modification time of '2025-08-27T13:34:31Z' while content on disk has modification time of '2025-08-27T13:34:58Z'
Number of updated asset objects reloaded before import = 0Number of asset objects unloaded after import = 0

========================================================================
Received Import Request.
  Time since last request: 0.098825 seconds.
  path: Assets/LocalFightManager.cs
  artifactKey: Guid(323f0bb31ee9c4942a449e677f3392fc) Importer(815301076,1909f56bfc062723c751e8b465ee728b)
Start importing Assets/LocalFightManager.cs using Guid(323f0bb31ee9c4942a449e677f3392fc) Importer(815301076,1909f56bfc062723c751e8b465ee728b) (PreviewImporter) -> (artifact id: '00000000000000000000000000000000') in 0.0003765 seconds
Import Error Code:(4)
Message: Build asset version error: assets/localfightmanager.cs in SourceAssetDB has modification time of '2025-08-27T13:34:31Z' while content on disk has modification time of '2025-08-27T13:34:58Z'
  ERROR: Build asset version error: assets/localfightmanager.cs in SourceAssetDB has modification time of '2025-08-27T13:34:31Z' while content on disk has modification time of '2025-08-27T13:34:58Z'
Number of updated asset objects reloaded before import = 0Number of asset objects unloaded after import = 0

========================================================================
Received Import Request.
  Time since last request: 0.204669 seconds.
  path: Assets/LocalFightManager.cs
  artifactKey: Guid(323f0bb31ee9c4942a449e677f3392fc) Importer(815301076,1909f56bfc062723c751e8b465ee728b)
Start importing Assets/LocalFightManager.cs using Guid(323f0bb31ee9c4942a449e677f3392fc) Importer(815301076,1909f56bfc062723c751e8b465ee728b) (PreviewImporter) -> (artifact id: '00000000000000000000000000000000') in 0.000326792 seconds
Import Error Code:(4)
Message: Build asset version error: assets/localfightmanager.cs in SourceAssetDB has modification time of '2025-08-27T13:34:31Z' while content on disk has modification time of '2025-08-27T13:34:58Z'
  ERROR: Build asset version error: assets/localfightmanager.cs in SourceAssetDB has modification time of '2025-08-27T13:34:31Z' while content on disk has modification time of '2025-08-27T13:34:58Z'
Number of updated asset objects reloaded before import = 0Number of asset objects unloaded after import = 0

========================================================================
Received Import Request.
  Time since last request: 0.092290 seconds.
  path: Assets/LocalFightManager.cs
  artifactKey: Guid(323f0bb31ee9c4942a449e677f3392fc) Importer(815301076,1909f56bfc062723c751e8b465ee728b)
Start importing Assets/LocalFightManager.cs using Guid(323f0bb31ee9c4942a449e677f3392fc) Importer(815301076,1909f56bfc062723c751e8b465ee728b) (PreviewImporter) -> (artifact id: '00000000000000000000000000000000') in 0.000363625 seconds
Import Error Code:(4)
Message: Build asset version error: assets/localfightmanager.cs in SourceAssetDB has modification time of '2025-08-27T13:34:31Z' while content on disk has modification time of '2025-08-27T13:34:58Z'
  ERROR: Build asset version error: assets/localfightmanager.cs in SourceAssetDB has modification time of '2025-08-27T13:34:31Z' while content on disk has modification time of '2025-08-27T13:34:58Z'
Number of updated asset objects reloaded before import = 0Number of asset objects unloaded after import = 0

========================================================================
Received Import Request.
  Time since last request: 0.207081 seconds.
  path: Assets/LocalFightManager.cs
  artifactKey: Guid(323f0bb31ee9c4942a449e677f3392fc) Importer(815301076,1909f56bfc062723c751e8b465ee728b)
Start importing Assets/LocalFightManager.cs using Guid(323f0bb31ee9c4942a449e677f3392fc) Importer(815301076,1909f56bfc062723c751e8b465ee728b) (PreviewImporter) -> (artifact id: '00000000000000000000000000000000') in 0.00041025 seconds
Import Error Code:(4)
Message: Build asset version error: assets/localfightmanager.cs in SourceAssetDB has modification time of '2025-08-27T13:34:31Z' while content on disk has modification time of '2025-08-27T13:34:58Z'
  ERROR: Build asset version error: assets/localfightmanager.cs in SourceAssetDB has modification time of '2025-08-27T13:34:31Z' while content on disk has modification time of '2025-08-27T13:34:58Z'
Number of updated asset objects reloaded before import = 0Number of asset objects unloaded after import = 0

========================================================================
Received Import Request.
  Time since last request: 0.090533 seconds.
  path: Assets/LocalFightManager.cs
  artifactKey: Guid(323f0bb31ee9c4942a449e677f3392fc) Importer(815301076,1909f56bfc062723c751e8b465ee728b)
Start importing Assets/LocalFightManager.cs using Guid(323f0bb31ee9c4942a449e677f3392fc) Importer(815301076,1909f56bfc062723c751e8b465ee728b) (PreviewImporter) -> (artifact id: '00000000000000000000000000000000') in 0.000359916 seconds
Import Error Code:(4)
Message: Build asset version error: assets/localfightmanager.cs in SourceAssetDB has modification time of '2025-08-27T13:34:31Z' while content on disk has modification time of '2025-08-27T13:34:58Z'
  ERROR: Build asset version error: assets/localfightmanager.cs in SourceAssetDB has modification time of '2025-08-27T13:34:31Z' while content on disk has modification time of '2025-08-27T13:34:58Z'
Number of updated asset objects reloaded before import = 0Number of asset objects unloaded after import = 0

========================================================================
Received Import Request.
  Time since last request: 0.100729 seconds.
  path: Assets/LocalFightManager.cs
  artifactKey: Guid(323f0bb31ee9c4942a449e677f3392fc) Importer(815301076,1909f56bfc062723c751e8b465ee728b)
Start importing Assets/LocalFightManager.cs using Guid(323f0bb31ee9c4942a449e677f3392fc) Importer(815301076,1909f56bfc062723c751e8b465ee728b) (PreviewImporter) -> (artifact id: '00000000000000000000000000000000') in 0.000293542 seconds
Import Error Code:(4)
Message: Build asset version error: assets/localfightmanager.cs in SourceAssetDB has modification time of '2025-08-27T13:34:31Z' while content on disk has modification time of '2025-08-27T13:34:58Z'
  ERROR: Build asset version error: assets/localfightmanager.cs in SourceAssetDB has modification time of '2025-08-27T13:34:31Z' while content on disk has modification time of '2025-08-27T13:34:58Z'
Number of updated asset objects reloaded before import = 0Number of asset objects unloaded after import = 0

========================================================================
Received Import Request.
  Time since last request: 0.204632 seconds.
  path: Assets/LocalFightManager.cs
  artifactKey: Guid(323f0bb31ee9c4942a449e677f3392fc) Importer(815301076,1909f56bfc062723c751e8b465ee728b)
Start importing Assets/LocalFightManager.cs using Guid(323f0bb31ee9c4942a449e677f3392fc) Importer(815301076,1909f56bfc062723c751e8b465ee728b) (PreviewImporter) -> (artifact id: '00000000000000000000000000000000') in 0.00052525 seconds
Import Error Code:(4)
Message: Build asset version error: assets/localfightmanager.cs in SourceAssetDB has modification time of '2025-08-27T13:34:31Z' while content on disk has modification time of '2025-08-27T13:34:58Z'
  ERROR: Build asset version error: assets/localfightmanager.cs in SourceAssetDB has modification time of '2025-08-27T13:34:31Z' while content on disk has modification time of '2025-08-27T13:34:58Z'
Number of updated asset objects reloaded before import = 0Number of asset objects unloaded after import = 0

========================================================================
Received Import Request.
  Time since last request: 0.100959 seconds.
  path: Assets/LocalFightManager.cs
  artifactKey: Guid(323f0bb31ee9c4942a449e677f3392fc) Importer(815301076,1909f56bfc062723c751e8b465ee728b)
Start importing Assets/LocalFightManager.cs using Guid(323f0bb31ee9c4942a449e677f3392fc) Importer(815301076,1909f56bfc062723c751e8b465ee728b) (PreviewImporter) -> (artifact id: '00000000000000000000000000000000') in 0.000284042 seconds
Import Error Code:(4)
Message: Build asset version error: assets/localfightmanager.cs in SourceAssetDB has modification time of '2025-08-27T13:34:31Z' while content on disk has modification time of '2025-08-27T13:34:58Z'
  ERROR: Build asset version error: assets/localfightmanager.cs in SourceAssetDB has modification time of '2025-08-27T13:34:31Z' while content on disk has modification time of '2025-08-27T13:34:58Z'
Number of updated asset objects reloaded before import = 0Number of asset objects unloaded after import = 0

========================================================================
Received Import Request.
  Time since last request: 0.195613 seconds.
  path: Assets/LocalFightManager.cs
  artifactKey: Guid(323f0bb31ee9c4942a449e677f3392fc) Importer(815301076,1909f56bfc062723c751e8b465ee728b)
Start importing Assets/LocalFightManager.cs using Guid(323f0bb31ee9c4942a449e677f3392fc) Importer(815301076,1909f56bfc062723c751e8b465ee728b) (PreviewImporter) -> (artifact id: '00000000000000000000000000000000') in 0.000356208 seconds
Import Error Code:(4)
Message: Build asset version error: assets/localfightmanager.cs in SourceAssetDB has modification time of '2025-08-27T13:34:31Z' while content on disk has modification time of '2025-08-27T13:34:58Z'
  ERROR: Build asset version error: assets/localfightmanager.cs in SourceAssetDB has modification time of '2025-08-27T13:34:31Z' while content on disk has modification time of '2025-08-27T13:34:58Z'
Number of updated asset objects reloaded before import = 0Number of asset objects unloaded after import = 0

========================================================================
Received Import Request.
  Time since last request: 0.092587 seconds.
  path: Assets/LocalFightManager.cs
  artifactKey: Guid(323f0bb31ee9c4942a449e677f3392fc) Importer(815301076,1909f56bfc062723c751e8b465ee728b)
Start importing Assets/LocalFightManager.cs using Guid(323f0bb31ee9c4942a449e677f3392fc) Importer(815301076,1909f56bfc062723c751e8b465ee728b) (PreviewImporter) -> (artifact id: '00000000000000000000000000000000') in 0.00037375 seconds
Import Error Code:(4)
Message: Build asset version error: assets/localfightmanager.cs in SourceAssetDB has modification time of '2025-08-27T13:34:31Z' while content on disk has modification time of '2025-08-27T13:34:58Z'
  ERROR: Build asset version error: assets/localfightmanager.cs in SourceAssetDB has modification time of '2025-08-27T13:34:31Z' while content on disk has modification time of '2025-08-27T13:34:58Z'
Number of updated asset objects reloaded before import = 0Number of asset objects unloaded after import = 0

========================================================================
Received Import Request.
  Time since last request: 0.203910 seconds.
  path: Assets/LocalFightManager.cs
  artifactKey: Guid(323f0bb31ee9c4942a449e677f3392fc) Importer(815301076,1909f56bfc062723c751e8b465ee728b)
Start importing Assets/LocalFightManager.cs using Guid(323f0bb31ee9c4942a449e677f3392fc) Importer(815301076,1909f56bfc062723c751e8b465ee728b) (PreviewImporter) -> (artifact id: '00000000000000000000000000000000') in 0.00032775 seconds
Import Error Code:(4)
Message: Build asset version error: assets/localfightmanager.cs in SourceAssetDB has modification time of '2025-08-27T13:34:31Z' while content on disk has modification time of '2025-08-27T13:34:58Z'
  ERROR: Build asset version error: assets/localfightmanager.cs in SourceAssetDB has modification time of '2025-08-27T13:34:31Z' while content on disk has modification time of '2025-08-27T13:34:58Z'
Number of updated asset objects reloaded before import = 0Number of asset objects unloaded after import = 0

========================================================================
Received Import Request.
  Time since last request: 0.200792 seconds.
  path: Assets/LocalFightManager.cs
  artifactKey: Guid(323f0bb31ee9c4942a449e677f3392fc) Importer(815301076,1909f56bfc062723c751e8b465ee728b)
Start importing Assets/LocalFightManager.cs using Guid(323f0bb31ee9c4942a449e677f3392fc) Importer(815301076,1909f56bfc062723c751e8b465ee728b) (PreviewImporter) -> (artifact id: '00000000000000000000000000000000') in 0.000369167 seconds
Import Error Code:(4)
Message: Build asset version error: assets/localfightmanager.cs in SourceAssetDB has modification time of '2025-08-27T13:34:31Z' while content on disk has modification time of '2025-08-27T13:34:58Z'
  ERROR: Build asset version error: assets/localfightmanager.cs in SourceAssetDB has modification time of '2025-08-27T13:34:31Z' while content on disk has modification time of '2025-08-27T13:34:58Z'
Number of updated asset objects reloaded before import = 0Number of asset objects unloaded after import = 0

========================================================================
Received Import Request.
  Time since last request: 0.097111 seconds.
  path: Assets/LocalFightManager.cs
  artifactKey: Guid(323f0bb31ee9c4942a449e677f3392fc) Importer(815301076,1909f56bfc062723c751e8b465ee728b)
Start importing Assets/LocalFightManager.cs using Guid(323f0bb31ee9c4942a449e677f3392fc) Importer(815301076,1909f56bfc062723c751e8b465ee728b) (PreviewImporter) -> (artifact id: '00000000000000000000000000000000') in 0.000341333 seconds
Import Error Code:(4)
Message: Build asset version error: assets/localfightmanager.cs in SourceAssetDB has modification time of '2025-08-27T13:34:31Z' while content on disk has modification time of '2025-08-27T13:34:58Z'
  ERROR: Build asset version error: assets/localfightmanager.cs in SourceAssetDB has modification time of '2025-08-27T13:34:31Z' while content on disk has modification time of '2025-08-27T13:34:58Z'
Number of updated asset objects reloaded before import = 0Number of asset objects unloaded after import = 0

========================================================================
Received Import Request.
  Time since last request: 0.098414 seconds.
  path: Assets/LocalFightManager.cs
  artifactKey: Guid(323f0bb31ee9c4942a449e677f3392fc) Importer(815301076,1909f56bfc062723c751e8b465ee728b)
Start importing Assets/LocalFightManager.cs using Guid(323f0bb31ee9c4942a449e677f3392fc) Importer(815301076,1909f56bfc062723c751e8b465ee728b) (PreviewImporter) -> (artifact id: '00000000000000000000000000000000') in 0.000275083 seconds
Import Error Code:(4)
Message: Build asset version error: assets/localfightmanager.cs in SourceAssetDB has modification time of '2025-08-27T13:34:31Z' while content on disk has modification time of '2025-08-27T13:34:58Z'
  ERROR: Build asset version error: assets/localfightmanager.cs in SourceAssetDB has modification time of '2025-08-27T13:34:31Z' while content on disk has modification time of '2025-08-27T13:34:58Z'
Number of updated asset objects reloaded before import = 0Number of asset objects unloaded after import = 0

========================================================================
Received Import Request.
  Time since last request: 0.204694 seconds.
  path: Assets/LocalFightManager.cs
  artifactKey: Guid(323f0bb31ee9c4942a449e677f3392fc) Importer(815301076,1909f56bfc062723c751e8b465ee728b)
Start importing Assets/LocalFightManager.cs using Guid(323f0bb31ee9c4942a449e677f3392fc) Importer(815301076,1909f56bfc062723c751e8b465ee728b) (PreviewImporter) -> (artifact id: '00000000000000000000000000000000') in 0.000319833 seconds
Import Error Code:(4)
Message: Build asset version error: assets/localfightmanager.cs in SourceAssetDB has modification time of '2025-08-27T13:34:31Z' while content on disk has modification time of '2025-08-27T13:34:58Z'
  ERROR: Build asset version error: assets/localfightmanager.cs in SourceAssetDB has modification time of '2025-08-27T13:34:31Z' while content on disk has modification time of '2025-08-27T13:34:58Z'
Number of updated asset objects reloaded before import = 0Number of asset objects unloaded after import = 0

========================================================================
Received Import Request.
  Time since last request: 0.195260 seconds.
  path: Assets/LocalFightManager.cs
  artifactKey: Guid(323f0bb31ee9c4942a449e677f3392fc) Importer(815301076,1909f56bfc062723c751e8b465ee728b)
Start importing Assets/LocalFightManager.cs using Guid(323f0bb31ee9c4942a449e677f3392fc) Importer(815301076,1909f56bfc062723c751e8b465ee728b) (PreviewImporter) -> (artifact id: '00000000000000000000000000000000') in 0.000414417 seconds
Import Error Code:(4)
Message: Build asset version error: assets/localfightmanager.cs in SourceAssetDB has modification time of '2025-08-27T13:34:31Z' while content on disk has modification time of '2025-08-27T13:34:58Z'
  ERROR: Build asset version error: assets/localfightmanager.cs in SourceAssetDB has modification time of '2025-08-27T13:34:31Z' while content on disk has modification time of '2025-08-27T13:34:58Z'
Number of updated asset objects reloaded before import = 0Number of asset objects unloaded after import = 0

========================================================================
Received Import Request.
  Time since last request: 0.197230 seconds.
  path: Assets/LocalFightManager.cs
  artifactKey: Guid(323f0bb31ee9c4942a449e677f3392fc) Importer(815301076,1909f56bfc062723c751e8b465ee728b)
Start importing Assets/LocalFightManager.cs using Guid(323f0bb31ee9c4942a449e677f3392fc) Importer(815301076,1909f56bfc062723c751e8b465ee728b) (PreviewImporter) -> (artifact id: '00000000000000000000000000000000') in 0.000428 seconds
Import Error Code:(4)
Message: Build asset version error: assets/localfightmanager.cs in SourceAssetDB has modification time of '2025-08-27T13:34:31Z' while content on disk has modification time of '2025-08-27T13:34:58Z'
  ERROR: Build asset version error: assets/localfightmanager.cs in SourceAssetDB has modification time of '2025-08-27T13:34:31Z' while content on disk has modification time of '2025-08-27T13:34:58Z'
Number of updated asset objects reloaded before import = 0Number of asset objects unloaded after import = 0

========================================================================
Received Import Request.
  Time since last request: 0.095702 seconds.
  path: Assets/LocalFightManager.cs
  artifactKey: Guid(323f0bb31ee9c4942a449e677f3392fc) Importer(815301076,1909f56bfc062723c751e8b465ee728b)
Start importing Assets/LocalFightManager.cs using Guid(323f0bb31ee9c4942a449e677f3392fc) Importer(815301076,1909f56bfc062723c751e8b465ee728b) (PreviewImporter) -> (artifact id: '00000000000000000000000000000000') in 0.000407042 seconds
Import Error Code:(4)
Message: Build asset version error: assets/localfightmanager.cs in SourceAssetDB has modification time of '2025-08-27T13:34:31Z' while content on disk has modification time of '2025-08-27T13:34:58Z'
  ERROR: Build asset version error: assets/localfightmanager.cs in SourceAssetDB has modification time of '2025-08-27T13:34:31Z' while content on disk has modification time of '2025-08-27T13:34:58Z'
Number of updated asset objects reloaded before import = 0Number of asset objects unloaded after import = 0

========================================================================
Received Import Request.
  Time since last request: 0.200492 seconds.
  path: Assets/LocalFightManager.cs
  artifactKey: Guid(323f0bb31ee9c4942a449e677f3392fc) Importer(815301076,1909f56bfc062723c751e8b465ee728b)
Start importing Assets/LocalFightManager.cs using Guid(323f0bb31ee9c4942a449e677f3392fc) Importer(815301076,1909f56bfc062723c751e8b465ee728b) (PreviewImporter) -> (artifact id: '00000000000000000000000000000000') in 0.000361417 seconds
Import Error Code:(4)
Message: Build asset version error: assets/localfightmanager.cs in SourceAssetDB has modification time of '2025-08-27T13:34:31Z' while content on disk has modification time of '2025-08-27T13:34:58Z'
  ERROR: Build asset version error: assets/localfightmanager.cs in SourceAssetDB has modification time of '2025-08-27T13:34:31Z' while content on disk has modification time of '2025-08-27T13:34:58Z'
Number of updated asset objects reloaded before import = 0Number of asset objects unloaded after import = 0

========================================================================
Received Import Request.
  Time since last request: 0.198068 seconds.
  path: Assets/LocalFightManager.cs
  artifactKey: Guid(323f0bb31ee9c4942a449e677f3392fc) Importer(815301076,1909f56bfc062723c751e8b465ee728b)
Start importing Assets/LocalFightManager.cs using Guid(323f0bb31ee9c4942a449e677f3392fc) Importer(815301076,1909f56bfc062723c751e8b465ee728b) (PreviewImporter) -> (artifact id: '00000000000000000000000000000000') in 0.000371583 seconds
Import Error Code:(4)
Message: Build asset version error: assets/localfightmanager.cs in SourceAssetDB has modification time of '2025-08-27T13:34:31Z' while content on disk has modification time of '2025-08-27T13:34:58Z'
  ERROR: Build asset version error: assets/localfightmanager.cs in SourceAssetDB has modification time of '2025-08-27T13:34:31Z' while content on disk has modification time of '2025-08-27T13:34:58Z'
Number of updated asset objects reloaded before import = 0Number of asset objects unloaded after import = 0

========================================================================
Received Import Request.
  Time since last request: 0.103051 seconds.
  path: Assets/LocalFightManager.cs
  artifactKey: Guid(323f0bb31ee9c4942a449e677f3392fc) Importer(815301076,1909f56bfc062723c751e8b465ee728b)
Start importing Assets/LocalFightManager.cs using Guid(323f0bb31ee9c4942a449e677f3392fc) Importer(815301076,1909f56bfc062723c751e8b465ee728b) (PreviewImporter) -> (artifact id: '00000000000000000000000000000000') in 0.000339125 seconds
Import Error Code:(4)
Message: Build asset version error: assets/localfightmanager.cs in SourceAssetDB has modification time of '2025-08-27T13:34:31Z' while content on disk has modification time of '2025-08-27T13:34:58Z'
  ERROR: Build asset version error: assets/localfightmanager.cs in SourceAssetDB has modification time of '2025-08-27T13:34:31Z' while content on disk has modification time of '2025-08-27T13:34:58Z'
Number of updated asset objects reloaded before import = 0Number of asset objects unloaded after import = 0

========================================================================
Received Import Request.
  Time since last request: 0.096672 seconds.
  path: Assets/LocalFightManager.cs
  artifactKey: Guid(323f0bb31ee9c4942a449e677f3392fc) Importer(815301076,1909f56bfc062723c751e8b465ee728b)
Start importing Assets/LocalFightManager.cs using Guid(323f0bb31ee9c4942a449e677f3392fc) Importer(815301076,1909f56bfc062723c751e8b465ee728b) (PreviewImporter) -> (artifact id: '00000000000000000000000000000000') in 0.000381 seconds
Import Error Code:(4)
Message: Build asset version error: assets/localfightmanager.cs in SourceAssetDB has modification time of '2025-08-27T13:34:31Z' while content on disk has modification time of '2025-08-27T13:34:58Z'
  ERROR: Build asset version error: assets/localfightmanager.cs in SourceAssetDB has modification time of '2025-08-27T13:34:31Z' while content on disk has modification time of '2025-08-27T13:34:58Z'
Number of updated asset objects reloaded before import = 0Number of asset objects unloaded after import = 0

========================================================================
Received Import Request.
  Time since last request: 0.204858 seconds.
  path: Assets/LocalFightManager.cs
  artifactKey: Guid(323f0bb31ee9c4942a449e677f3392fc) Importer(815301076,1909f56bfc062723c751e8b465ee728b)
Start importing Assets/LocalFightManager.cs using Guid(323f0bb31ee9c4942a449e677f3392fc) Importer(815301076,1909f56bfc062723c751e8b465ee728b) (PreviewImporter) -> (artifact id: '00000000000000000000000000000000') in 0.0002975 seconds
Import Error Code:(4)
Message: Build asset version error: assets/localfightmanager.cs in SourceAssetDB has modification time of '2025-08-27T13:34:31Z' while content on disk has modification time of '2025-08-27T13:34:58Z'
  ERROR: Build asset version error: assets/localfightmanager.cs in SourceAssetDB has modification time of '2025-08-27T13:34:31Z' while content on disk has modification time of '2025-08-27T13:34:58Z'
Number of updated asset objects reloaded before import = 0Number of asset objects unloaded after import = 0

========================================================================
Received Import Request.
  Time since last request: 0.198023 seconds.
  path: Assets/LocalFightManager.cs
  artifactKey: Guid(323f0bb31ee9c4942a449e677f3392fc) Importer(815301076,1909f56bfc062723c751e8b465ee728b)
Start importing Assets/LocalFightManager.cs using Guid(323f0bb31ee9c4942a449e677f3392fc) Importer(815301076,1909f56bfc062723c751e8b465ee728b) (PreviewImporter) -> (artifact id: '00000000000000000000000000000000') in 0.0003055 seconds
Import Error Code:(4)
Message: Build asset version error: assets/localfightmanager.cs in SourceAssetDB has modification time of '2025-08-27T13:34:31Z' while content on disk has modification time of '2025-08-27T13:34:58Z'
  ERROR: Build asset version error: assets/localfightmanager.cs in SourceAssetDB has modification time of '2025-08-27T13:34:31Z' while content on disk has modification time of '2025-08-27T13:34:58Z'
Number of updated asset objects reloaded before import = 0Number of asset objects unloaded after import = 0

========================================================================
Received Import Request.
  Time since last request: 0.199635 seconds.
  path: Assets/LocalFightManager.cs
  artifactKey: Guid(323f0bb31ee9c4942a449e677f3392fc) Importer(815301076,1909f56bfc062723c751e8b465ee728b)
Start importing Assets/LocalFightManager.cs using Guid(323f0bb31ee9c4942a449e677f3392fc) Importer(815301076,1909f56bfc062723c751e8b465ee728b) (PreviewImporter) -> (artifact id: '00000000000000000000000000000000') in 0.0003295 seconds
Import Error Code:(4)
Message: Build asset version error: assets/localfightmanager.cs in SourceAssetDB has modification time of '2025-08-27T13:34:31Z' while content on disk has modification time of '2025-08-27T13:34:58Z'
  ERROR: Build asset version error: assets/localfightmanager.cs in SourceAssetDB has modification time of '2025-08-27T13:34:31Z' while content on disk has modification time of '2025-08-27T13:34:58Z'
Number of updated asset objects reloaded before import = 0Number of asset objects unloaded after import = 0

========================================================================
Received Import Request.
  Time since last request: 0.093884 seconds.
  path: Assets/LocalFightManager.cs
  artifactKey: Guid(323f0bb31ee9c4942a449e677f3392fc) Importer(815301076,1909f56bfc062723c751e8b465ee728b)
Start importing Assets/LocalFightManager.cs using Guid(323f0bb31ee9c4942a449e677f3392fc) Importer(815301076,1909f56bfc062723c751e8b465ee728b) (PreviewImporter) -> (artifact id: '00000000000000000000000000000000') in 0.000334584 seconds
Import Error Code:(4)
Message: Build asset version error: assets/localfightmanager.cs in SourceAssetDB has modification time of '2025-08-27T13:34:31Z' while content on disk has modification time of '2025-08-27T13:34:58Z'
  ERROR: Build asset version error: assets/localfightmanager.cs in SourceAssetDB has modification time of '2025-08-27T13:34:31Z' while content on disk has modification time of '2025-08-27T13:34:58Z'
Number of updated asset objects reloaded before import = 0Number of asset objects unloaded after import = 0

========================================================================
Received Import Request.
  Time since last request: 0.204800 seconds.
  path: Assets/LocalFightManager.cs
  artifactKey: Guid(323f0bb31ee9c4942a449e677f3392fc) Importer(815301076,1909f56bfc062723c751e8b465ee728b)
Start importing Assets/LocalFightManager.cs using Guid(323f0bb31ee9c4942a449e677f3392fc) Importer(815301076,1909f56bfc062723c751e8b465ee728b) (PreviewImporter) -> (artifact id: '00000000000000000000000000000000') in 0.000510542 seconds
Import Error Code:(4)
Message: Build asset version error: assets/localfightmanager.cs in SourceAssetDB has modification time of '2025-08-27T13:34:31Z' while content on disk has modification time of '2025-08-27T13:34:58Z'
  ERROR: Build asset version error: assets/localfightmanager.cs in SourceAssetDB has modification time of '2025-08-27T13:34:31Z' while content on disk has modification time of '2025-08-27T13:34:58Z'
Number of updated asset objects reloaded before import = 0Number of asset objects unloaded after import = 0

========================================================================
Received Import Request.
  Time since last request: 0.090040 seconds.
  path: Assets/LocalFightManager.cs
  artifactKey: Guid(323f0bb31ee9c4942a449e677f3392fc) Importer(815301076,1909f56bfc062723c751e8b465ee728b)
Start importing Assets/LocalFightManager.cs using Guid(323f0bb31ee9c4942a449e677f3392fc) Importer(815301076,1909f56bfc062723c751e8b465ee728b) (PreviewImporter) -> (artifact id: '00000000000000000000000000000000') in 0.000338083 seconds
Import Error Code:(4)
Message: Build asset version error: assets/localfightmanager.cs in SourceAssetDB has modification time of '2025-08-27T13:34:31Z' while content on disk has modification time of '2025-08-27T13:34:58Z'
  ERROR: Build asset version error: assets/localfightmanager.cs in SourceAssetDB has modification time of '2025-08-27T13:34:31Z' while content on disk has modification time of '2025-08-27T13:34:58Z'
Number of updated asset objects reloaded before import = 0Number of asset objects unloaded after import = 0

========================================================================
Received Import Request.
  Time since last request: 0.210209 seconds.
  path: Assets/LocalFightManager.cs
  artifactKey: Guid(323f0bb31ee9c4942a449e677f3392fc) Importer(815301076,1909f56bfc062723c751e8b465ee728b)
Start importing Assets/LocalFightManager.cs using Guid(323f0bb31ee9c4942a449e677f3392fc) Importer(815301076,1909f56bfc062723c751e8b465ee728b) (PreviewImporter) -> (artifact id: '00000000000000000000000000000000') in 0.000316458 seconds
Import Error Code:(4)
Message: Build asset version error: assets/localfightmanager.cs in SourceAssetDB has modification time of '2025-08-27T13:34:31Z' while content on disk has modification time of '2025-08-27T13:34:58Z'
  ERROR: Build asset version error: assets/localfightmanager.cs in SourceAssetDB has modification time of '2025-08-27T13:34:31Z' while content on disk has modification time of '2025-08-27T13:34:58Z'
Number of updated asset objects reloaded before import = 0Number of asset objects unloaded after import = 0

========================================================================
Received Import Request.
  Time since last request: 0.083662 seconds.
  path: Assets/LocalFightManager.cs
  artifactKey: Guid(323f0bb31ee9c4942a449e677f3392fc) Importer(815301076,1909f56bfc062723c751e8b465ee728b)
Start importing Assets/LocalFightManager.cs using Guid(323f0bb31ee9c4942a449e677f3392fc) Importer(815301076,1909f56bfc062723c751e8b465ee728b) (PreviewImporter) -> (artifact id: '00000000000000000000000000000000') in 0.000316667 seconds
Import Error Code:(4)
Message: Build asset version error: assets/localfightmanager.cs in SourceAssetDB has modification time of '2025-08-27T13:34:31Z' while content on disk has modification time of '2025-08-27T13:34:58Z'
  ERROR: Build asset version error: assets/localfightmanager.cs in SourceAssetDB has modification time of '2025-08-27T13:34:31Z' while content on disk has modification time of '2025-08-27T13:34:58Z'
Number of updated asset objects reloaded before import = 0Number of asset objects unloaded after import = 0

========================================================================
Received Import Request.
  Time since last request: 0.100293 seconds.
  path: Assets/LocalFightManager.cs
  artifactKey: Guid(323f0bb31ee9c4942a449e677f3392fc) Importer(815301076,1909f56bfc062723c751e8b465ee728b)
Start importing Assets/LocalFightManager.cs using Guid(323f0bb31ee9c4942a449e677f3392fc) Importer(815301076,1909f56bfc062723c751e8b465ee728b) (PreviewImporter) -> (artifact id: '00000000000000000000000000000000') in 0.000509333 seconds
Import Error Code:(4)
Message: Build asset version error: assets/localfightmanager.cs in SourceAssetDB has modification time of '2025-08-27T13:34:31Z' while content on disk has modification time of '2025-08-27T13:34:58Z'
  ERROR: Build asset version error: assets/localfightmanager.cs in SourceAssetDB has modification time of '2025-08-27T13:34:31Z' while content on disk has modification time of '2025-08-27T13:34:58Z'
Number of updated asset objects reloaded before import = 0Number of asset objects unloaded after import = 0

========================================================================
Received Import Request.
  Time since last request: 0.201067 seconds.
  path: Assets/LocalFightManager.cs
  artifactKey: Guid(323f0bb31ee9c4942a449e677f3392fc) Importer(815301076,1909f56bfc062723c751e8b465ee728b)
Start importing Assets/LocalFightManager.cs using Guid(323f0bb31ee9c4942a449e677f3392fc) Importer(815301076,1909f56bfc062723c751e8b465ee728b) (PreviewImporter) -> (artifact id: '00000000000000000000000000000000') in 0.000288459 seconds
Import Error Code:(4)
Message: Build asset version error: assets/localfightmanager.cs in SourceAssetDB has modification time of '2025-08-27T13:34:31Z' while content on disk has modification time of '2025-08-27T13:34:58Z'
  ERROR: Build asset version error: assets/localfightmanager.cs in SourceAssetDB has modification time of '2025-08-27T13:34:31Z' while content on disk has modification time of '2025-08-27T13:34:58Z'
Number of updated asset objects reloaded before import = 0Number of asset objects unloaded after import = 0

========================================================================
Received Import Request.
  Time since last request: 0.101596 seconds.
  path: Assets/LocalFightManager.cs
  artifactKey: Guid(323f0bb31ee9c4942a449e677f3392fc) Importer(815301076,1909f56bfc062723c751e8b465ee728b)
Start importing Assets/LocalFightManager.cs using Guid(323f0bb31ee9c4942a449e677f3392fc) Importer(815301076,1909f56bfc062723c751e8b465ee728b) (PreviewImporter) -> (artifact id: '00000000000000000000000000000000') in 0.000254125 seconds
Import Error Code:(4)
Message: Build asset version error: assets/localfightmanager.cs in SourceAssetDB has modification time of '2025-08-27T13:34:31Z' while content on disk has modification time of '2025-08-27T13:34:58Z'
  ERROR: Build asset version error: assets/localfightmanager.cs in SourceAssetDB has modification time of '2025-08-27T13:34:31Z' while content on disk has modification time of '2025-08-27T13:34:58Z'
Number of updated asset objects reloaded before import = 0Number of asset objects unloaded after import = 0

========================================================================
Received Import Request.
  Time since last request: 0.195945 seconds.
  path: Assets/LocalFightManager.cs
  artifactKey: Guid(323f0bb31ee9c4942a449e677f3392fc) Importer(815301076,1909f56bfc062723c751e8b465ee728b)
Start importing Assets/LocalFightManager.cs using Guid(323f0bb31ee9c4942a449e677f3392fc) Importer(815301076,1909f56bfc062723c751e8b465ee728b) (PreviewImporter) -> (artifact id: '00000000000000000000000000000000') in 0.000244709 seconds
Import Error Code:(4)
Message: Build asset version error: assets/localfightmanager.cs in SourceAssetDB has modification time of '2025-08-27T13:34:31Z' while content on disk has modification time of '2025-08-27T13:34:58Z'
  ERROR: Build asset version error: assets/localfightmanager.cs in SourceAssetDB has modification time of '2025-08-27T13:34:31Z' while content on disk has modification time of '2025-08-27T13:34:58Z'
Number of updated asset objects reloaded before import = 0Number of asset objects unloaded after import = 0

========================================================================
Received Import Request.
  Time since last request: 0.100166 seconds.
  path: Assets/LocalFightManager.cs
  artifactKey: Guid(323f0bb31ee9c4942a449e677f3392fc) Importer(815301076,1909f56bfc062723c751e8b465ee728b)
Start importing Assets/LocalFightManager.cs using Guid(323f0bb31ee9c4942a449e677f3392fc) Importer(815301076,1909f56bfc062723c751e8b465ee728b) (PreviewImporter) -> (artifact id: '00000000000000000000000000000000') in 0.000231708 seconds
Import Error Code:(4)
Message: Build asset version error: assets/localfightmanager.cs in SourceAssetDB has modification time of '2025-08-27T13:34:31Z' while content on disk has modification time of '2025-08-27T13:34:58Z'
  ERROR: Build asset version error: assets/localfightmanager.cs in SourceAssetDB has modification time of '2025-08-27T13:34:31Z' while content on disk has modification time of '2025-08-27T13:34:58Z'
Number of updated asset objects reloaded before import = 0Number of asset objects unloaded after import = 0

========================================================================
Received Import Request.
  Time since last request: 0.103393 seconds.
  path: Assets/LocalFightManager.cs
  artifactKey: Guid(323f0bb31ee9c4942a449e677f3392fc) Importer(815301076,1909f56bfc062723c751e8b465ee728b)
Start importing Assets/LocalFightManager.cs using Guid(323f0bb31ee9c4942a449e677f3392fc) Importer(815301076,1909f56bfc062723c751e8b465ee728b) (PreviewImporter) -> (artifact id: '00000000000000000000000000000000') in 0.000367958 seconds
Import Error Code:(4)
Message: Build asset version error: assets/localfightmanager.cs in SourceAssetDB has modification time of '2025-08-27T13:34:31Z' while content on disk has modification time of '2025-08-27T13:34:58Z'
  ERROR: Build asset version error: assets/localfightmanager.cs in SourceAssetDB has modification time of '2025-08-27T13:34:31Z' while content on disk has modification time of '2025-08-27T13:34:58Z'
Number of updated asset objects reloaded before import = 0Number of asset objects unloaded after import = 0

========================================================================
Received Import Request.
  Time since last request: 0.100687 seconds.
  path: Assets/LocalFightManager.cs
  artifactKey: Guid(323f0bb31ee9c4942a449e677f3392fc) Importer(815301076,1909f56bfc062723c751e8b465ee728b)
Start importing Assets/LocalFightManager.cs using Guid(323f0bb31ee9c4942a449e677f3392fc) Importer(815301076,1909f56bfc062723c751e8b465ee728b) (PreviewImporter) -> (artifact id: '00000000000000000000000000000000') in 0.000333708 seconds
Import Error Code:(4)
Message: Build asset version error: assets/localfightmanager.cs in SourceAssetDB has modification time of '2025-08-27T13:34:31Z' while content on disk has modification time of '2025-08-27T13:34:58Z'
  ERROR: Build asset version error: assets/localfightmanager.cs in SourceAssetDB has modification time of '2025-08-27T13:34:31Z' while content on disk has modification time of '2025-08-27T13:34:58Z'
Number of updated asset objects reloaded before import = 0Number of asset objects unloaded after import = 0

========================================================================
Received Import Request.
  Time since last request: 0.200373 seconds.
  path: Assets/LocalFightManager.cs
  artifactKey: Guid(323f0bb31ee9c4942a449e677f3392fc) Importer(815301076,1909f56bfc062723c751e8b465ee728b)
Start importing Assets/LocalFightManager.cs using Guid(323f0bb31ee9c4942a449e677f3392fc) Importer(815301076,1909f56bfc062723c751e8b465ee728b) (PreviewImporter) -> (artifact id: '00000000000000000000000000000000') in 0.000432792 seconds
Import Error Code:(4)
Message: Build asset version error: assets/localfightmanager.cs in SourceAssetDB has modification time of '2025-08-27T13:34:31Z' while content on disk has modification time of '2025-08-27T13:34:58Z'
  ERROR: Build asset version error: assets/localfightmanager.cs in SourceAssetDB has modification time of '2025-08-27T13:34:31Z' while content on disk has modification time of '2025-08-27T13:34:58Z'
Number of updated asset objects reloaded before import = 0Number of asset objects unloaded after import = 0

========================================================================
Received Import Request.
  Time since last request: 0.196714 seconds.
  path: Assets/LocalFightManager.cs
  artifactKey: Guid(323f0bb31ee9c4942a449e677f3392fc) Importer(815301076,1909f56bfc062723c751e8b465ee728b)
Start importing Assets/LocalFightManager.cs using Guid(323f0bb31ee9c4942a449e677f3392fc) Importer(815301076,1909f56bfc062723c751e8b465ee728b) (PreviewImporter) -> (artifact id: '00000000000000000000000000000000') in 0.000406083 seconds
Import Error Code:(4)
Message: Build asset version error: assets/localfightmanager.cs in SourceAssetDB has modification time of '2025-08-27T13:34:31Z' while content on disk has modification time of '2025-08-27T13:34:58Z'
  ERROR: Build asset version error: assets/localfightmanager.cs in SourceAssetDB has modification time of '2025-08-27T13:34:31Z' while content on disk has modification time of '2025-08-27T13:34:58Z'
Number of updated asset objects reloaded before import = 0Number of asset objects unloaded after import = 0

========================================================================
Received Import Request.
  Time since last request: 0.097463 seconds.
  path: Assets/LocalFightManager.cs
  artifactKey: Guid(323f0bb31ee9c4942a449e677f3392fc) Importer(815301076,1909f56bfc062723c751e8b465ee728b)
Start importing Assets/LocalFightManager.cs using Guid(323f0bb31ee9c4942a449e677f3392fc) Importer(815301076,1909f56bfc062723c751e8b465ee728b) (PreviewImporter) -> (artifact id: '00000000000000000000000000000000') in 0.000395625 seconds
Import Error Code:(4)
Message: Build asset version error: assets/localfightmanager.cs in SourceAssetDB has modification time of '2025-08-27T13:34:31Z' while content on disk has modification time of '2025-08-27T13:34:58Z'
  ERROR: Build asset version error: assets/localfightmanager.cs in SourceAssetDB has modification time of '2025-08-27T13:34:31Z' while content on disk has modification time of '2025-08-27T13:34:58Z'
Number of updated asset objects reloaded before import = 0Number of asset objects unloaded after import = 0

========================================================================
Received Import Request.
  Time since last request: 0.098465 seconds.
  path: Assets/LocalFightManager.cs
  artifactKey: Guid(323f0bb31ee9c4942a449e677f3392fc) Importer(815301076,1909f56bfc062723c751e8b465ee728b)
Start importing Assets/LocalFightManager.cs using Guid(323f0bb31ee9c4942a449e677f3392fc) Importer(815301076,1909f56bfc062723c751e8b465ee728b) (PreviewImporter) -> (artifact id: '00000000000000000000000000000000') in 0.000322667 seconds
Import Error Code:(4)
Message: Build asset version error: assets/localfightmanager.cs in SourceAssetDB has modification time of '2025-08-27T13:34:31Z' while content on disk has modification time of '2025-08-27T13:34:58Z'
  ERROR: Build asset version error: assets/localfightmanager.cs in SourceAssetDB has modification time of '2025-08-27T13:34:31Z' while content on disk has modification time of '2025-08-27T13:34:58Z'
Number of updated asset objects reloaded before import = 0Number of asset objects unloaded after import = 0

========================================================================
Received Import Request.
  Time since last request: 0.099202 seconds.
  path: Assets/LocalFightManager.cs
  artifactKey: Guid(323f0bb31ee9c4942a449e677f3392fc) Importer(815301076,1909f56bfc062723c751e8b465ee728b)
Start importing Assets/LocalFightManager.cs using Guid(323f0bb31ee9c4942a449e677f3392fc) Importer(815301076,1909f56bfc062723c751e8b465ee728b) (PreviewImporter) -> (artifact id: '00000000000000000000000000000000') in 0.000380292 seconds
Import Error Code:(4)
Message: Build asset version error: assets/localfightmanager.cs in SourceAssetDB has modification time of '2025-08-27T13:34:31Z' while content on disk has modification time of '2025-08-27T13:34:58Z'
  ERROR: Build asset version error: assets/localfightmanager.cs in SourceAssetDB has modification time of '2025-08-27T13:34:31Z' while content on disk has modification time of '2025-08-27T13:34:58Z'
Number of updated asset objects reloaded before import = 0Number of asset objects unloaded after import = 0

========================================================================
Received Import Request.
  Time since last request: 0.099983 seconds.
  path: Assets/LocalFightManager.cs
  artifactKey: Guid(323f0bb31ee9c4942a449e677f3392fc) Importer(815301076,1909f56bfc062723c751e8b465ee728b)
Start importing Assets/LocalFightManager.cs using Guid(323f0bb31ee9c4942a449e677f3392fc) Importer(815301076,1909f56bfc062723c751e8b465ee728b) (PreviewImporter) -> (artifact id: '00000000000000000000000000000000') in 0.000371834 seconds
Import Error Code:(4)
Message: Build asset version error: assets/localfightmanager.cs in SourceAssetDB has modification time of '2025-08-27T13:34:31Z' while content on disk has modification time of '2025-08-27T13:34:58Z'
  ERROR: Build asset version error: assets/localfightmanager.cs in SourceAssetDB has modification time of '2025-08-27T13:34:31Z' while content on disk has modification time of '2025-08-27T13:34:58Z'
Number of updated asset objects reloaded before import = 0Number of asset objects unloaded after import = 0

========================================================================
Received Import Request.
  Time since last request: 0.102559 seconds.
  path: Assets/LocalFightManager.cs
  artifactKey: Guid(323f0bb31ee9c4942a449e677f3392fc) Importer(815301076,1909f56bfc062723c751e8b465ee728b)
Start importing Assets/LocalFightManager.cs using Guid(323f0bb31ee9c4942a449e677f3392fc) Importer(815301076,1909f56bfc062723c751e8b465ee728b) (PreviewImporter) -> (artifact id: '00000000000000000000000000000000') in 0.000348708 seconds
Import Error Code:(4)
Message: Build asset version error: assets/localfightmanager.cs in SourceAssetDB has modification time of '2025-08-27T13:34:31Z' while content on disk has modification time of '2025-08-27T13:34:58Z'
  ERROR: Build asset version error: assets/localfightmanager.cs in SourceAssetDB has modification time of '2025-08-27T13:34:31Z' while content on disk has modification time of '2025-08-27T13:34:58Z'
Number of updated asset objects reloaded before import = 0Number of asset objects unloaded after import = 0

========================================================================
Received Import Request.
  Time since last request: 0.197671 seconds.
  path: Assets/LocalFightManager.cs
  artifactKey: Guid(323f0bb31ee9c4942a449e677f3392fc) Importer(815301076,1909f56bfc062723c751e8b465ee728b)
Start importing Assets/LocalFightManager.cs using Guid(323f0bb31ee9c4942a449e677f3392fc) Importer(815301076,1909f56bfc062723c751e8b465ee728b) (PreviewImporter) -> (artifact id: '00000000000000000000000000000000') in 0.000361584 seconds
Import Error Code:(4)
Message: Build asset version error: assets/localfightmanager.cs in SourceAssetDB has modification time of '2025-08-27T13:34:31Z' while content on disk has modification time of '2025-08-27T13:34:58Z'
  ERROR: Build asset version error: assets/localfightmanager.cs in SourceAssetDB has modification time of '2025-08-27T13:34:31Z' while content on disk has modification time of '2025-08-27T13:34:58Z'
Number of updated asset objects reloaded before import = 0Number of asset objects unloaded after import = 0

========================================================================
Received Import Request.
  Time since last request: 0.198197 seconds.
  path: Assets/LocalFightManager.cs
  artifactKey: Guid(323f0bb31ee9c4942a449e677f3392fc) Importer(815301076,1909f56bfc062723c751e8b465ee728b)
Start importing Assets/LocalFightManager.cs using Guid(323f0bb31ee9c4942a449e677f3392fc) Importer(815301076,1909f56bfc062723c751e8b465ee728b) (PreviewImporter) -> (artifact id: '00000000000000000000000000000000') in 0.000373583 seconds
Import Error Code:(4)
Message: Build asset version error: assets/localfightmanager.cs in SourceAssetDB has modification time of '2025-08-27T13:34:31Z' while content on disk has modification time of '2025-08-27T13:34:58Z'
  ERROR: Build asset version error: assets/localfightmanager.cs in SourceAssetDB has modification time of '2025-08-27T13:34:31Z' while content on disk has modification time of '2025-08-27T13:34:58Z'
Number of updated asset objects reloaded before import = 0Number of asset objects unloaded after import = 0

========================================================================
Received Import Request.
  Time since last request: 0.099876 seconds.
  path: Assets/LocalFightManager.cs
  artifactKey: Guid(323f0bb31ee9c4942a449e677f3392fc) Importer(815301076,1909f56bfc062723c751e8b465ee728b)
Start importing Assets/LocalFightManager.cs using Guid(323f0bb31ee9c4942a449e677f3392fc) Importer(815301076,1909f56bfc062723c751e8b465ee728b) (PreviewImporter) -> (artifact id: '00000000000000000000000000000000') in 0.000325916 seconds
Import Error Code:(4)
Message: Build asset version error: assets/localfightmanager.cs in SourceAssetDB has modification time of '2025-08-27T13:34:31Z' while content on disk has modification time of '2025-08-27T13:34:58Z'
  ERROR: Build asset version error: assets/localfightmanager.cs in SourceAssetDB has modification time of '2025-08-27T13:34:31Z' while content on disk has modification time of '2025-08-27T13:34:58Z'
Number of updated asset objects reloaded before import = 0Number of asset objects unloaded after import = 0

========================================================================
Received Import Request.
  Time since last request: 0.199485 seconds.
  path: Assets/LocalFightManager.cs
  artifactKey: Guid(323f0bb31ee9c4942a449e677f3392fc) Importer(815301076,1909f56bfc062723c751e8b465ee728b)
Start importing Assets/LocalFightManager.cs using Guid(323f0bb31ee9c4942a449e677f3392fc) Importer(815301076,1909f56bfc062723c751e8b465ee728b) (PreviewImporter) -> (artifact id: '00000000000000000000000000000000') in 0.000379209 seconds
Import Error Code:(4)
Message: Build asset version error: assets/localfightmanager.cs in SourceAssetDB has modification time of '2025-08-27T13:34:31Z' while content on disk has modification time of '2025-08-27T13:34:58Z'
  ERROR: Build asset version error: assets/localfightmanager.cs in SourceAssetDB has modification time of '2025-08-27T13:34:31Z' while content on disk has modification time of '2025-08-27T13:34:58Z'
Number of updated asset objects reloaded before import = 0Number of asset objects unloaded after import = 0

========================================================================
Received Import Request.
  Time since last request: 0.200009 seconds.
  path: Assets/LocalFightManager.cs
  artifactKey: Guid(323f0bb31ee9c4942a449e677f3392fc) Importer(815301076,1909f56bfc062723c751e8b465ee728b)
Start importing Assets/LocalFightManager.cs using Guid(323f0bb31ee9c4942a449e677f3392fc) Importer(815301076,1909f56bfc062723c751e8b465ee728b) (PreviewImporter) -> (artifact id: '00000000000000000000000000000000') in 0.000416875 seconds
Import Error Code:(4)
Message: Build asset version error: assets/localfightmanager.cs in SourceAssetDB has modification time of '2025-08-27T13:34:31Z' while content on disk has modification time of '2025-08-27T13:34:58Z'
  ERROR: Build asset version error: assets/localfightmanager.cs in SourceAssetDB has modification time of '2025-08-27T13:34:31Z' while content on disk has modification time of '2025-08-27T13:34:58Z'
Number of updated asset objects reloaded before import = 0Number of asset objects unloaded after import = 0

========================================================================
Received Import Request.
  Time since last request: 0.198477 seconds.
  path: Assets/LocalFightManager.cs
  artifactKey: Guid(323f0bb31ee9c4942a449e677f3392fc) Importer(815301076,1909f56bfc062723c751e8b465ee728b)
Start importing Assets/LocalFightManager.cs using Guid(323f0bb31ee9c4942a449e677f3392fc) Importer(815301076,1909f56bfc062723c751e8b465ee728b) (PreviewImporter) -> (artifact id: '00000000000000000000000000000000') in 0.000392708 seconds
Import Error Code:(4)
Message: Build asset version error: assets/localfightmanager.cs in SourceAssetDB has modification time of '2025-08-27T13:34:31Z' while content on disk has modification time of '2025-08-27T13:34:58Z'
  ERROR: Build asset version error: assets/localfightmanager.cs in SourceAssetDB has modification time of '2025-08-27T13:34:31Z' while content on disk has modification time of '2025-08-27T13:34:58Z'
Number of updated asset objects reloaded before import = 0Number of asset objects unloaded after import = 0

========================================================================
Received Import Request.
  Time since last request: 0.202253 seconds.
  path: Assets/LocalFightManager.cs
  artifactKey: Guid(323f0bb31ee9c4942a449e677f3392fc) Importer(815301076,1909f56bfc062723c751e8b465ee728b)
Start importing Assets/LocalFightManager.cs using Guid(323f0bb31ee9c4942a449e677f3392fc) Importer(815301076,1909f56bfc062723c751e8b465ee728b) (PreviewImporter) -> (artifact id: '00000000000000000000000000000000') in 0.000529875 seconds
Import Error Code:(4)
Message: Build asset version error: assets/localfightmanager.cs in SourceAssetDB has modification time of '2025-08-27T13:34:31Z' while content on disk has modification time of '2025-08-27T13:34:58Z'
  ERROR: Build asset version error: assets/localfightmanager.cs in SourceAssetDB has modification time of '2025-08-27T13:34:31Z' while content on disk has modification time of '2025-08-27T13:34:58Z'
Number of updated asset objects reloaded before import = 0Number of asset objects unloaded after import = 0

========================================================================
Received Import Request.
  Time since last request: 0.100520 seconds.
  path: Assets/LocalFightManager.cs
  artifactKey: Guid(323f0bb31ee9c4942a449e677f3392fc) Importer(815301076,1909f56bfc062723c751e8b465ee728b)
Start importing Assets/LocalFightManager.cs using Guid(323f0bb31ee9c4942a449e677f3392fc) Importer(815301076,1909f56bfc062723c751e8b465ee728b) (PreviewImporter) -> (artifact id: '00000000000000000000000000000000') in 0.000278583 seconds
Import Error Code:(4)
Message: Build asset version error: assets/localfightmanager.cs in SourceAssetDB has modification time of '2025-08-27T13:34:31Z' while content on disk has modification time of '2025-08-27T13:34:58Z'
  ERROR: Build asset version error: assets/localfightmanager.cs in SourceAssetDB has modification time of '2025-08-27T13:34:31Z' while content on disk has modification time of '2025-08-27T13:34:58Z'
Number of updated asset objects reloaded before import = 0Number of asset objects unloaded after import = 0

========================================================================
Received Import Request.
  Time since last request: 0.197195 seconds.
  path: Assets/LocalFightManager.cs
  artifactKey: Guid(323f0bb31ee9c4942a449e677f3392fc) Importer(815301076,1909f56bfc062723c751e8b465ee728b)
Start importing Assets/LocalFightManager.cs using Guid(323f0bb31ee9c4942a449e677f3392fc) Importer(815301076,1909f56bfc062723c751e8b465ee728b) (PreviewImporter) -> (artifact id: '00000000000000000000000000000000') in 0.000387791 seconds
Import Error Code:(4)
Message: Build asset version error: assets/localfightmanager.cs in SourceAssetDB has modification time of '2025-08-27T13:34:31Z' while content on disk has modification time of '2025-08-27T13:34:58Z'
  ERROR: Build asset version error: assets/localfightmanager.cs in SourceAssetDB has modification time of '2025-08-27T13:34:31Z' while content on disk has modification time of '2025-08-27T13:34:58Z'
Number of updated asset objects reloaded before import = 0Number of asset objects unloaded after import = 0

========================================================================
Received Import Request.
  Time since last request: 0.087196 seconds.
  path: Assets/LocalFightManager.cs
  artifactKey: Guid(323f0bb31ee9c4942a449e677f3392fc) Importer(815301076,1909f56bfc062723c751e8b465ee728b)
Start importing Assets/LocalFightManager.cs using Guid(323f0bb31ee9c4942a449e677f3392fc) Importer(815301076,1909f56bfc062723c751e8b465ee728b) (PreviewImporter) -> (artifact id: '00000000000000000000000000000000') in 0.000315084 seconds
Import Error Code:(4)
Message: Build asset version error: assets/localfightmanager.cs in SourceAssetDB has modification time of '2025-08-27T13:34:31Z' while content on disk has modification time of '2025-08-27T13:34:58Z'
  ERROR: Build asset version error: assets/localfightmanager.cs in SourceAssetDB has modification time of '2025-08-27T13:34:31Z' while content on disk has modification time of '2025-08-27T13:34:58Z'
Number of updated asset objects reloaded before import = 0Number of asset objects unloaded after import = 0

========================================================================
Received Import Request.
  Time since last request: 0.202889 seconds.
  path: Assets/LocalFightManager.cs
  artifactKey: Guid(323f0bb31ee9c4942a449e677f3392fc) Importer(815301076,1909f56bfc062723c751e8b465ee728b)
Start importing Assets/LocalFightManager.cs using Guid(323f0bb31ee9c4942a449e677f3392fc) Importer(815301076,1909f56bfc062723c751e8b465ee728b) (PreviewImporter) -> (artifact id: '00000000000000000000000000000000') in 0.000341083 seconds
Import Error Code:(4)
Message: Build asset version error: assets/localfightmanager.cs in SourceAssetDB has modification time of '2025-08-27T13:34:31Z' while content on disk has modification time of '2025-08-27T13:34:58Z'
  ERROR: Build asset version error: assets/localfightmanager.cs in SourceAssetDB has modification time of '2025-08-27T13:34:31Z' while content on disk has modification time of '2025-08-27T13:34:58Z'
Number of updated asset objects reloaded before import = 0Number of asset objects unloaded after import = 0

========================================================================
Received Import Request.
  Time since last request: 0.206679 seconds.
  path: Assets/LocalFightManager.cs
  artifactKey: Guid(323f0bb31ee9c4942a449e677f3392fc) Importer(815301076,1909f56bfc062723c751e8b465ee728b)
Start importing Assets/LocalFightManager.cs using Guid(323f0bb31ee9c4942a449e677f3392fc) Importer(815301076,1909f56bfc062723c751e8b465ee728b) (PreviewImporter) -> (artifact id: '00000000000000000000000000000000') in 0.000354292 seconds
Import Error Code:(4)
Message: Build asset version error: assets/localfightmanager.cs in SourceAssetDB has modification time of '2025-08-27T13:34:31Z' while content on disk has modification time of '2025-08-27T13:34:58Z'
  ERROR: Build asset version error: assets/localfightmanager.cs in SourceAssetDB has modification time of '2025-08-27T13:34:31Z' while content on disk has modification time of '2025-08-27T13:34:58Z'
Number of updated asset objects reloaded before import = 0Number of asset objects unloaded after import = 0

========================================================================
Received Import Request.
  Time since last request: 0.092850 seconds.
  path: Assets/LocalFightManager.cs
  artifactKey: Guid(323f0bb31ee9c4942a449e677f3392fc) Importer(815301076,1909f56bfc062723c751e8b465ee728b)
Start importing Assets/LocalFightManager.cs using Guid(323f0bb31ee9c4942a449e677f3392fc) Importer(815301076,1909f56bfc062723c751e8b465ee728b) (PreviewImporter) -> (artifact id: '00000000000000000000000000000000') in 0.000385333 seconds
Import Error Code:(4)
Message: Build asset version error: assets/localfightmanager.cs in SourceAssetDB has modification time of '2025-08-27T13:34:31Z' while content on disk has modification time of '2025-08-27T13:34:58Z'
  ERROR: Build asset version error: assets/localfightmanager.cs in SourceAssetDB has modification time of '2025-08-27T13:34:31Z' while content on disk has modification time of '2025-08-27T13:34:58Z'
Number of updated asset objects reloaded before import = 0Number of asset objects unloaded after import = 0

========================================================================
Received Import Request.
  Time since last request: 0.099032 seconds.
  path: Assets/LocalFightManager.cs
  artifactKey: Guid(323f0bb31ee9c4942a449e677f3392fc) Importer(815301076,1909f56bfc062723c751e8b465ee728b)
Start importing Assets/LocalFightManager.cs using Guid(323f0bb31ee9c4942a449e677f3392fc) Importer(815301076,1909f56bfc062723c751e8b465ee728b) (PreviewImporter) -> (artifact id: '00000000000000000000000000000000') in 0.000312958 seconds
Import Error Code:(4)
Message: Build asset version error: assets/localfightmanager.cs in SourceAssetDB has modification time of '2025-08-27T13:34:31Z' while content on disk has modification time of '2025-08-27T13:34:58Z'
  ERROR: Build asset version error: assets/localfightmanager.cs in SourceAssetDB has modification time of '2025-08-27T13:34:31Z' while content on disk has modification time of '2025-08-27T13:34:58Z'
Number of updated asset objects reloaded before import = 0Number of asset objects unloaded after import = 0

========================================================================
Received Import Request.
  Time since last request: 0.200848 seconds.
  path: Assets/LocalFightManager.cs
  artifactKey: Guid(323f0bb31ee9c4942a449e677f3392fc) Importer(815301076,1909f56bfc062723c751e8b465ee728b)
Start importing Assets/LocalFightManager.cs using Guid(323f0bb31ee9c4942a449e677f3392fc) Importer(815301076,1909f56bfc062723c751e8b465ee728b) (PreviewImporter) -> (artifact id: '00000000000000000000000000000000') in 0.000379667 seconds
Import Error Code:(4)
Message: Build asset version error: assets/localfightmanager.cs in SourceAssetDB has modification time of '2025-08-27T13:34:31Z' while content on disk has modification time of '2025-08-27T13:34:58Z'
  ERROR: Build asset version error: assets/localfightmanager.cs in SourceAssetDB has modification time of '2025-08-27T13:34:31Z' while content on disk has modification time of '2025-08-27T13:34:58Z'
Number of updated asset objects reloaded before import = 0Number of asset objects unloaded after import = 0

========================================================================
Received Import Request.
  Time since last request: 0.096983 seconds.
  path: Assets/LocalFightManager.cs
  artifactKey: Guid(323f0bb31ee9c4942a449e677f3392fc) Importer(815301076,1909f56bfc062723c751e8b465ee728b)
Start importing Assets/LocalFightManager.cs using Guid(323f0bb31ee9c4942a449e677f3392fc) Importer(815301076,1909f56bfc062723c751e8b465ee728b) (PreviewImporter) -> (artifact id: '00000000000000000000000000000000') in 0.000290917 seconds
Import Error Code:(4)
Message: Build asset version error: assets/localfightmanager.cs in SourceAssetDB has modification time of '2025-08-27T13:34:31Z' while content on disk has modification time of '2025-08-27T13:34:58Z'
  ERROR: Build asset version error: assets/localfightmanager.cs in SourceAssetDB has modification time of '2025-08-27T13:34:31Z' while content on disk has modification time of '2025-08-27T13:34:58Z'
Number of updated asset objects reloaded before import = 0Number of asset objects unloaded after import = 0

========================================================================
Received Import Request.
  Time since last request: 0.101383 seconds.
  path: Assets/LocalFightManager.cs
  artifactKey: Guid(323f0bb31ee9c4942a449e677f3392fc) Importer(815301076,1909f56bfc062723c751e8b465ee728b)
Start importing Assets/LocalFightManager.cs using Guid(323f0bb31ee9c4942a449e677f3392fc) Importer(815301076,1909f56bfc062723c751e8b465ee728b) (PreviewImporter) -> (artifact id: '00000000000000000000000000000000') in 0.000317917 seconds
Import Error Code:(4)
Message: Build asset version error: assets/localfightmanager.cs in SourceAssetDB has modification time of '2025-08-27T13:34:31Z' while content on disk has modification time of '2025-08-27T13:34:58Z'
  ERROR: Build asset version error: assets/localfightmanager.cs in SourceAssetDB has modification time of '2025-08-27T13:34:31Z' while content on disk has modification time of '2025-08-27T13:34:58Z'
Number of updated asset objects reloaded before import = 0Number of asset objects unloaded after import = 0

========================================================================
Received Import Request.
  Time since last request: 0.200751 seconds.
  path: Assets/LocalFightManager.cs
  artifactKey: Guid(323f0bb31ee9c4942a449e677f3392fc) Importer(815301076,1909f56bfc062723c751e8b465ee728b)
Start importing Assets/LocalFightManager.cs using Guid(323f0bb31ee9c4942a449e677f3392fc) Importer(815301076,1909f56bfc062723c751e8b465ee728b) (PreviewImporter) -> (artifact id: '00000000000000000000000000000000') in 0.000342 seconds
Import Error Code:(4)
Message: Build asset version error: assets/localfightmanager.cs in SourceAssetDB has modification time of '2025-08-27T13:34:31Z' while content on disk has modification time of '2025-08-27T13:34:58Z'
  ERROR: Build asset version error: assets/localfightmanager.cs in SourceAssetDB has modification time of '2025-08-27T13:34:31Z' while content on disk has modification time of '2025-08-27T13:34:58Z'
Number of updated asset objects reloaded before import = 0Number of asset objects unloaded after import = 0

========================================================================
Received Import Request.
  Time since last request: 0.094592 seconds.
  path: Assets/LocalFightManager.cs
  artifactKey: Guid(323f0bb31ee9c4942a449e677f3392fc) Importer(815301076,1909f56bfc062723c751e8b465ee728b)
Start importing Assets/LocalFightManager.cs using Guid(323f0bb31ee9c4942a449e677f3392fc) Importer(815301076,1909f56bfc062723c751e8b465ee728b) (PreviewImporter) -> (artifact id: '00000000000000000000000000000000') in 0.000319125 seconds
Import Error Code:(4)
Message: Build asset version error: assets/localfightmanager.cs in SourceAssetDB has modification time of '2025-08-27T13:34:31Z' while content on disk has modification time of '2025-08-27T13:34:58Z'
  ERROR: Build asset version error: assets/localfightmanager.cs in SourceAssetDB has modification time of '2025-08-27T13:34:31Z' while content on disk has modification time of '2025-08-27T13:34:58Z'
Number of updated asset objects reloaded before import = 0Number of asset objects unloaded after import = 0

========================================================================
Received Import Request.
  Time since last request: 0.198282 seconds.
  path: Assets/LocalFightManager.cs
  artifactKey: Guid(323f0bb31ee9c4942a449e677f3392fc) Importer(815301076,1909f56bfc062723c751e8b465ee728b)
Start importing Assets/LocalFightManager.cs using Guid(323f0bb31ee9c4942a449e677f3392fc) Importer(815301076,1909f56bfc062723c751e8b465ee728b) (PreviewImporter) -> (artifact id: '00000000000000000000000000000000') in 0.00467625 seconds
Import Error Code:(4)
Message: Build asset version error: assets/localfightmanager.cs in SourceAssetDB has modification time of '2025-08-27T13:34:31Z' while content on disk has modification time of '2025-08-27T13:35:18Z'
  ERROR: Build asset version error: assets/localfightmanager.cs in SourceAssetDB has modification time of '2025-08-27T13:34:31Z' while content on disk has modification time of '2025-08-27T13:35:18Z'
Number of updated asset objects reloaded before import = 0Number of asset objects unloaded after import = 0

========================================================================
Received Import Request.
  Time since last request: 0.193981 seconds.
  path: Assets/LocalFightManager.cs
  artifactKey: Guid(323f0bb31ee9c4942a449e677f3392fc) Importer(815301076,1909f56bfc062723c751e8b465ee728b)
Start importing Assets/LocalFightManager.cs using Guid(323f0bb31ee9c4942a449e677f3392fc) Importer(815301076,1909f56bfc062723c751e8b465ee728b) (PreviewImporter) -> (artifact id: '00000000000000000000000000000000') in 0.000227958 seconds
Import Error Code:(4)
Message: Build asset version error: assets/localfightmanager.cs in SourceAssetDB has modification time of '2025-08-27T13:34:31Z' while content on disk has modification time of '2025-08-27T13:35:18Z'
  ERROR: Build asset version error: assets/localfightmanager.cs in SourceAssetDB has modification time of '2025-08-27T13:34:31Z' while content on disk has modification time of '2025-08-27T13:35:18Z'
Number of updated asset objects reloaded before import = 0Number of asset objects unloaded after import = 0

========================================================================
Received Import Request.
  Time since last request: 0.100279 seconds.
  path: Assets/LocalFightManager.cs
  artifactKey: Guid(323f0bb31ee9c4942a449e677f3392fc) Importer(815301076,1909f56bfc062723c751e8b465ee728b)
Start importing Assets/LocalFightManager.cs using Guid(323f0bb31ee9c4942a449e677f3392fc) Importer(815301076,1909f56bfc062723c751e8b465ee728b) (PreviewImporter) -> (artifact id: '00000000000000000000000000000000') in 0.000247542 seconds
Import Error Code:(4)
Message: Build asset version error: assets/localfightmanager.cs in SourceAssetDB has modification time of '2025-08-27T13:34:31Z' while content on disk has modification time of '2025-08-27T13:35:18Z'
  ERROR: Build asset version error: assets/localfightmanager.cs in SourceAssetDB has modification time of '2025-08-27T13:34:31Z' while content on disk has modification time of '2025-08-27T13:35:18Z'
Number of updated asset objects reloaded before import = 0Number of asset objects unloaded after import = 0

========================================================================
Received Import Request.
  Time since last request: 0.104785 seconds.
  path: Assets/LocalFightManager.cs
  artifactKey: Guid(323f0bb31ee9c4942a449e677f3392fc) Importer(815301076,1909f56bfc062723c751e8b465ee728b)
Start importing Assets/LocalFightManager.cs using Guid(323f0bb31ee9c4942a449e677f3392fc) Importer(815301076,1909f56bfc062723c751e8b465ee728b) (PreviewImporter) -> (artifact id: '00000000000000000000000000000000') in 0.000406541 seconds
Import Error Code:(4)
Message: Build asset version error: assets/localfightmanager.cs in SourceAssetDB has modification time of '2025-08-27T13:34:31Z' while content on disk has modification time of '2025-08-27T13:35:18Z'
  ERROR: Build asset version error: assets/localfightmanager.cs in SourceAssetDB has modification time of '2025-08-27T13:34:31Z' while content on disk has modification time of '2025-08-27T13:35:18Z'
Number of updated asset objects reloaded before import = 0Number of asset objects unloaded after import = 0

========================================================================
Received Import Request.
  Time since last request: 0.197071 seconds.
  path: Assets/LocalFightManager.cs
  artifactKey: Guid(323f0bb31ee9c4942a449e677f3392fc) Importer(815301076,1909f56bfc062723c751e8b465ee728b)
Start importing Assets/LocalFightManager.cs using Guid(323f0bb31ee9c4942a449e677f3392fc) Importer(815301076,1909f56bfc062723c751e8b465ee728b) (PreviewImporter) -> (artifact id: '00000000000000000000000000000000') in 0.000267375 seconds
Import Error Code:(4)
Message: Build asset version error: assets/localfightmanager.cs in SourceAssetDB has modification time of '2025-08-27T13:34:31Z' while content on disk has modification time of '2025-08-27T13:35:18Z'
  ERROR: Build asset version error: assets/localfightmanager.cs in SourceAssetDB has modification time of '2025-08-27T13:34:31Z' while content on disk has modification time of '2025-08-27T13:35:18Z'
Number of updated asset objects reloaded before import = 0Number of asset objects unloaded after import = 0

========================================================================
Received Import Request.
  Time since last request: 0.098314 seconds.
  path: Assets/LocalFightManager.cs
  artifactKey: Guid(323f0bb31ee9c4942a449e677f3392fc) Importer(815301076,1909f56bfc062723c751e8b465ee728b)
Start importing Assets/LocalFightManager.cs using Guid(323f0bb31ee9c4942a449e677f3392fc) Importer(815301076,1909f56bfc062723c751e8b465ee728b) (PreviewImporter) -> (artifact id: '00000000000000000000000000000000') in 0.000309916 seconds
Import Error Code:(4)
Message: Build asset version error: assets/localfightmanager.cs in SourceAssetDB has modification time of '2025-08-27T13:34:31Z' while content on disk has modification time of '2025-08-27T13:35:18Z'
  ERROR: Build asset version error: assets/localfightmanager.cs in SourceAssetDB has modification time of '2025-08-27T13:34:31Z' while content on disk has modification time of '2025-08-27T13:35:18Z'
Number of updated asset objects reloaded before import = 0Number of asset objects unloaded after import = 0

========================================================================
Received Import Request.
  Time since last request: 0.114407 seconds.
  path: Assets/LocalFightManager.cs
  artifactKey: Guid(323f0bb31ee9c4942a449e677f3392fc) Importer(815301076,1909f56bfc062723c751e8b465ee728b)
Start importing Assets/LocalFightManager.cs using Guid(323f0bb31ee9c4942a449e677f3392fc) Importer(815301076,1909f56bfc062723c751e8b465ee728b) (PreviewImporter) -> (artifact id: '00000000000000000000000000000000') in 0.000384167 seconds
Import Error Code:(4)
Message: Build asset version error: assets/localfightmanager.cs in SourceAssetDB has modification time of '2025-08-27T13:34:31Z' while content on disk has modification time of '2025-08-27T13:35:18Z'
  ERROR: Build asset version error: assets/localfightmanager.cs in SourceAssetDB has modification time of '2025-08-27T13:34:31Z' while content on disk has modification time of '2025-08-27T13:35:18Z'
Number of updated asset objects reloaded before import = 0Number of asset objects unloaded after import = 0

========================================================================
Received Import Request.
  Time since last request: 0.186075 seconds.
  path: Assets/LocalFightManager.cs
  artifactKey: Guid(323f0bb31ee9c4942a449e677f3392fc) Importer(815301076,1909f56bfc062723c751e8b465ee728b)
Start importing Assets/LocalFightManager.cs using Guid(323f0bb31ee9c4942a449e677f3392fc) Importer(815301076,1909f56bfc062723c751e8b465ee728b) (PreviewImporter) -> (artifact id: '00000000000000000000000000000000') in 0.000408916 seconds
Import Error Code:(4)
Message: Build asset version error: assets/localfightmanager.cs in SourceAssetDB has modification time of '2025-08-27T13:34:31Z' while content on disk has modification time of '2025-08-27T13:35:18Z'
  ERROR: Build asset version error: assets/localfightmanager.cs in SourceAssetDB has modification time of '2025-08-27T13:34:31Z' while content on disk has modification time of '2025-08-27T13:35:18Z'
Number of updated asset objects reloaded before import = 0Number of asset objects unloaded after import = 0

========================================================================
Received Import Request.
  Time since last request: 0.097609 seconds.
  path: Assets/LocalFightManager.cs
  artifactKey: Guid(323f0bb31ee9c4942a449e677f3392fc) Importer(815301076,1909f56bfc062723c751e8b465ee728b)
Start importing Assets/LocalFightManager.cs using Guid(323f0bb31ee9c4942a449e677f3392fc) Importer(815301076,1909f56bfc062723c751e8b465ee728b) (PreviewImporter) -> (artifact id: '00000000000000000000000000000000') in 0.00035825 seconds
Import Error Code:(4)
Message: Build asset version error: assets/localfightmanager.cs in SourceAssetDB has modification time of '2025-08-27T13:34:31Z' while content on disk has modification time of '2025-08-27T13:35:18Z'
  ERROR: Build asset version error: assets/localfightmanager.cs in SourceAssetDB has modification time of '2025-08-27T13:34:31Z' while content on disk has modification time of '2025-08-27T13:35:18Z'
Number of updated asset objects reloaded before import = 0Number of asset objects unloaded after import = 0

========================================================================
Received Import Request.
  Time since last request: 0.099101 seconds.
  path: Assets/LocalFightManager.cs
  artifactKey: Guid(323f0bb31ee9c4942a449e677f3392fc) Importer(815301076,1909f56bfc062723c751e8b465ee728b)
Start importing Assets/LocalFightManager.cs using Guid(323f0bb31ee9c4942a449e677f3392fc) Importer(815301076,1909f56bfc062723c751e8b465ee728b) (PreviewImporter) -> (artifact id: '00000000000000000000000000000000') in 0.000390417 seconds
Import Error Code:(4)
Message: Build asset version error: assets/localfightmanager.cs in SourceAssetDB has modification time of '2025-08-27T13:34:31Z' while content on disk has modification time of '2025-08-27T13:35:18Z'
  ERROR: Build asset version error: assets/localfightmanager.cs in SourceAssetDB has modification time of '2025-08-27T13:34:31Z' while content on disk has modification time of '2025-08-27T13:35:18Z'
Number of updated asset objects reloaded before import = 0Number of asset objects unloaded after import = 0

========================================================================
Received Import Request.
  Time since last request: 0.098755 seconds.
  path: Assets/LocalFightManager.cs
  artifactKey: Guid(323f0bb31ee9c4942a449e677f3392fc) Importer(815301076,1909f56bfc062723c751e8b465ee728b)
Start importing Assets/LocalFightManager.cs using Guid(323f0bb31ee9c4942a449e677f3392fc) Importer(815301076,1909f56bfc062723c751e8b465ee728b) (PreviewImporter) -> (artifact id: '00000000000000000000000000000000') in 0.000316125 seconds
Import Error Code:(4)
Message: Build asset version error: assets/localfightmanager.cs in SourceAssetDB has modification time of '2025-08-27T13:34:31Z' while content on disk has modification time of '2025-08-27T13:35:18Z'
  ERROR: Build asset version error: assets/localfightmanager.cs in SourceAssetDB has modification time of '2025-08-27T13:34:31Z' while content on disk has modification time of '2025-08-27T13:35:18Z'
Number of updated asset objects reloaded before import = 0Number of asset objects unloaded after import = 0

========================================================================
Received Import Request.
  Time since last request: 0.098484 seconds.
  path: Assets/LocalFightManager.cs
  artifactKey: Guid(323f0bb31ee9c4942a449e677f3392fc) Importer(815301076,1909f56bfc062723c751e8b465ee728b)
Start importing Assets/LocalFightManager.cs using Guid(323f0bb31ee9c4942a449e677f3392fc) Importer(815301076,1909f56bfc062723c751e8b465ee728b) (PreviewImporter) -> (artifact id: '00000000000000000000000000000000') in 0.000316917 seconds
Import Error Code:(4)
Message: Build asset version error: assets/localfightmanager.cs in SourceAssetDB has modification time of '2025-08-27T13:34:31Z' while content on disk has modification time of '2025-08-27T13:35:18Z'
  ERROR: Build asset version error: assets/localfightmanager.cs in SourceAssetDB has modification time of '2025-08-27T13:34:31Z' while content on disk has modification time of '2025-08-27T13:35:18Z'
Number of updated asset objects reloaded before import = 0Number of asset objects unloaded after import = 0

========================================================================
Received Import Request.
  Time since last request: 0.099570 seconds.
  path: Assets/LocalFightManager.cs
  artifactKey: Guid(323f0bb31ee9c4942a449e677f3392fc) Importer(815301076,1909f56bfc062723c751e8b465ee728b)
Start importing Assets/LocalFightManager.cs using Guid(323f0bb31ee9c4942a449e677f3392fc) Importer(815301076,1909f56bfc062723c751e8b465ee728b) (PreviewImporter) -> (artifact id: '00000000000000000000000000000000') in 0.000446625 seconds
Import Error Code:(4)
Message: Build asset version error: assets/localfightmanager.cs in SourceAssetDB has modification time of '2025-08-27T13:34:31Z' while content on disk has modification time of '2025-08-27T13:35:18Z'
  ERROR: Build asset version error: assets/localfightmanager.cs in SourceAssetDB has modification time of '2025-08-27T13:34:31Z' while content on disk has modification time of '2025-08-27T13:35:18Z'
Number of updated asset objects reloaded before import = 0Number of asset objects unloaded after import = 0

========================================================================
Received Import Request.
  Time since last request: 0.202607 seconds.
  path: Assets/LocalFightManager.cs
  artifactKey: Guid(323f0bb31ee9c4942a449e677f3392fc) Importer(815301076,1909f56bfc062723c751e8b465ee728b)
Start importing Assets/LocalFightManager.cs using Guid(323f0bb31ee9c4942a449e677f3392fc) Importer(815301076,1909f56bfc062723c751e8b465ee728b) (PreviewImporter) -> (artifact id: '00000000000000000000000000000000') in 0.000527125 seconds
Import Error Code:(4)
Message: Build asset version error: assets/localfightmanager.cs in SourceAssetDB has modification time of '2025-08-27T13:34:31Z' while content on disk has modification time of '2025-08-27T13:35:18Z'
  ERROR: Build asset version error: assets/localfightmanager.cs in SourceAssetDB has modification time of '2025-08-27T13:34:31Z' while content on disk has modification time of '2025-08-27T13:35:18Z'
Number of updated asset objects reloaded before import = 0Number of asset objects unloaded after import = 0

========================================================================
Received Import Request.
  Time since last request: 0.095619 seconds.
  path: Assets/LocalFightManager.cs
  artifactKey: Guid(323f0bb31ee9c4942a449e677f3392fc) Importer(815301076,1909f56bfc062723c751e8b465ee728b)
Start importing Assets/LocalFightManager.cs using Guid(323f0bb31ee9c4942a449e677f3392fc) Importer(815301076,1909f56bfc062723c751e8b465ee728b) (PreviewImporter) -> (artifact id: '00000000000000000000000000000000') in 0.000342875 seconds
Import Error Code:(4)
Message: Build asset version error: assets/localfightmanager.cs in SourceAssetDB has modification time of '2025-08-27T13:34:31Z' while content on disk has modification time of '2025-08-27T13:35:18Z'
  ERROR: Build asset version error: assets/localfightmanager.cs in SourceAssetDB has modification time of '2025-08-27T13:34:31Z' while content on disk has modification time of '2025-08-27T13:35:18Z'
Number of updated asset objects reloaded before import = 0Number of asset objects unloaded after import = 0

========================================================================
Received Import Request.
  Time since last request: 0.203958 seconds.
  path: Assets/LocalFightManager.cs
  artifactKey: Guid(323f0bb31ee9c4942a449e677f3392fc) Importer(815301076,1909f56bfc062723c751e8b465ee728b)
Start importing Assets/LocalFightManager.cs using Guid(323f0bb31ee9c4942a449e677f3392fc) Importer(815301076,1909f56bfc062723c751e8b465ee728b) (PreviewImporter) -> (artifact id: '00000000000000000000000000000000') in 0.000244875 seconds
Import Error Code:(4)
Message: Build asset version error: assets/localfightmanager.cs in SourceAssetDB has modification time of '2025-08-27T13:34:31Z' while content on disk has modification time of '2025-08-27T13:35:18Z'
  ERROR: Build asset version error: assets/localfightmanager.cs in SourceAssetDB has modification time of '2025-08-27T13:34:31Z' while content on disk has modification time of '2025-08-27T13:35:18Z'
Number of updated asset objects reloaded before import = 0Number of asset objects unloaded after import = 0

========================================================================
Received Import Request.
  Time since last request: 0.090841 seconds.
  path: Assets/LocalFightManager.cs
  artifactKey: Guid(323f0bb31ee9c4942a449e677f3392fc) Importer(815301076,1909f56bfc062723c751e8b465ee728b)
Start importing Assets/LocalFightManager.cs using Guid(323f0bb31ee9c4942a449e677f3392fc) Importer(815301076,1909f56bfc062723c751e8b465ee728b) (PreviewImporter) -> (artifact id: '00000000000000000000000000000000') in 0.000393417 seconds
Import Error Code:(4)
Message: Build asset version error: assets/localfightmanager.cs in SourceAssetDB has modification time of '2025-08-27T13:34:31Z' while content on disk has modification time of '2025-08-27T13:35:18Z'
  ERROR: Build asset version error: assets/localfightmanager.cs in SourceAssetDB has modification time of '2025-08-27T13:34:31Z' while content on disk has modification time of '2025-08-27T13:35:18Z'
Number of updated asset objects reloaded before import = 0Number of asset objects unloaded after import = 0

========================================================================
Received Import Request.
  Time since last request: 0.213781 seconds.
  path: Assets/LocalFightManager.cs
  artifactKey: Guid(323f0bb31ee9c4942a449e677f3392fc) Importer(815301076,1909f56bfc062723c751e8b465ee728b)
Start importing Assets/LocalFightManager.cs using Guid(323f0bb31ee9c4942a449e677f3392fc) Importer(815301076,1909f56bfc062723c751e8b465ee728b) (PreviewImporter) -> (artifact id: '00000000000000000000000000000000') in 0.000258792 seconds
Import Error Code:(4)
Message: Build asset version error: assets/localfightmanager.cs in SourceAssetDB has modification time of '2025-08-27T13:34:31Z' while content on disk has modification time of '2025-08-27T13:35:18Z'
  ERROR: Build asset version error: assets/localfightmanager.cs in SourceAssetDB has modification time of '2025-08-27T13:34:31Z' while content on disk has modification time of '2025-08-27T13:35:18Z'
Number of updated asset objects reloaded before import = 0Number of asset objects unloaded after import = 0

========================================================================
Received Import Request.
  Time since last request: 0.185480 seconds.
  path: Assets/LocalFightManager.cs
  artifactKey: Guid(323f0bb31ee9c4942a449e677f3392fc) Importer(815301076,1909f56bfc062723c751e8b465ee728b)
Start importing Assets/LocalFightManager.cs using Guid(323f0bb31ee9c4942a449e677f3392fc) Importer(815301076,1909f56bfc062723c751e8b465ee728b) (PreviewImporter) -> (artifact id: '00000000000000000000000000000000') in 0.000252209 seconds
Import Error Code:(4)
Message: Build asset version error: assets/localfightmanager.cs in SourceAssetDB has modification time of '2025-08-27T13:34:31Z' while content on disk has modification time of '2025-08-27T13:35:18Z'
  ERROR: Build asset version error: assets/localfightmanager.cs in SourceAssetDB has modification time of '2025-08-27T13:34:31Z' while content on disk has modification time of '2025-08-27T13:35:18Z'
Number of updated asset objects reloaded before import = 0Number of asset objects unloaded after import = 0

========================================================================
Received Import Request.
  Time since last request: 0.103434 seconds.
  path: Assets/LocalFightManager.cs
  artifactKey: Guid(323f0bb31ee9c4942a449e677f3392fc) Importer(815301076,1909f56bfc062723c751e8b465ee728b)
Start importing Assets/LocalFightManager.cs using Guid(323f0bb31ee9c4942a449e677f3392fc) Importer(815301076,1909f56bfc062723c751e8b465ee728b) (PreviewImporter) -> (artifact id: '00000000000000000000000000000000') in 0.000288333 seconds
Import Error Code:(4)
Message: Build asset version error: assets/localfightmanager.cs in SourceAssetDB has modification time of '2025-08-27T13:34:31Z' while content on disk has modification time of '2025-08-27T13:35:18Z'
  ERROR: Build asset version error: assets/localfightmanager.cs in SourceAssetDB has modification time of '2025-08-27T13:34:31Z' while content on disk has modification time of '2025-08-27T13:35:18Z'
Number of updated asset objects reloaded before import = 0Number of asset objects unloaded after import = 0

========================================================================
Received Import Request.
  Time since last request: 0.197150 seconds.
  path: Assets/LocalFightManager.cs
  artifactKey: Guid(323f0bb31ee9c4942a449e677f3392fc) Importer(815301076,1909f56bfc062723c751e8b465ee728b)
Start importing Assets/LocalFightManager.cs using Guid(323f0bb31ee9c4942a449e677f3392fc) Importer(815301076,1909f56bfc062723c751e8b465ee728b) (PreviewImporter) -> (artifact id: '00000000000000000000000000000000') in 0.000278625 seconds
Import Error Code:(4)
Message: Build asset version error: assets/localfightmanager.cs in SourceAssetDB has modification time of '2025-08-27T13:34:31Z' while content on disk has modification time of '2025-08-27T13:35:18Z'
  ERROR: Build asset version error: assets/localfightmanager.cs in SourceAssetDB has modification time of '2025-08-27T13:34:31Z' while content on disk has modification time of '2025-08-27T13:35:18Z'
Number of updated asset objects reloaded before import = 0Number of asset objects unloaded after import = 0

========================================================================
Received Import Request.
  Time since last request: 0.202092 seconds.
  path: Assets/LocalFightManager.cs
  artifactKey: Guid(323f0bb31ee9c4942a449e677f3392fc) Importer(815301076,1909f56bfc062723c751e8b465ee728b)
Start importing Assets/LocalFightManager.cs using Guid(323f0bb31ee9c4942a449e677f3392fc) Importer(815301076,1909f56bfc062723c751e8b465ee728b) (PreviewImporter) -> (artifact id: '00000000000000000000000000000000') in 0.000355667 seconds
Import Error Code:(4)
Message: Build asset version error: assets/localfightmanager.cs in SourceAssetDB has modification time of '2025-08-27T13:34:31Z' while content on disk has modification time of '2025-08-27T13:35:18Z'
  ERROR: Build asset version error: assets/localfightmanager.cs in SourceAssetDB has modification time of '2025-08-27T13:34:31Z' while content on disk has modification time of '2025-08-27T13:35:18Z'
Number of updated asset objects reloaded before import = 0Number of asset objects unloaded after import = 0

========================================================================
Received Import Request.
  Time since last request: 0.201719 seconds.
  path: Assets/LocalFightManager.cs
  artifactKey: Guid(323f0bb31ee9c4942a449e677f3392fc) Importer(815301076,1909f56bfc062723c751e8b465ee728b)
Start importing Assets/LocalFightManager.cs using Guid(323f0bb31ee9c4942a449e677f3392fc) Importer(815301076,1909f56bfc062723c751e8b465ee728b) (PreviewImporter) -> (artifact id: '00000000000000000000000000000000') in 0.000230625 seconds
Import Error Code:(4)
Message: Build asset version error: assets/localfightmanager.cs in SourceAssetDB has modification time of '2025-08-27T13:34:31Z' while content on disk has modification time of '2025-08-27T13:35:18Z'
  ERROR: Build asset version error: assets/localfightmanager.cs in SourceAssetDB has modification time of '2025-08-27T13:34:31Z' while content on disk has modification time of '2025-08-27T13:35:18Z'
Number of updated asset objects reloaded before import = 0Number of asset objects unloaded after import = 0

========================================================================
Received Import Request.
  Time since last request: 0.093095 seconds.
  path: Assets/LocalFightManager.cs
  artifactKey: Guid(323f0bb31ee9c4942a449e677f3392fc) Importer(815301076,1909f56bfc062723c751e8b465ee728b)
Start importing Assets/LocalFightManager.cs using Guid(323f0bb31ee9c4942a449e677f3392fc) Importer(815301076,1909f56bfc062723c751e8b465ee728b) (PreviewImporter) -> (artifact id: '00000000000000000000000000000000') in 0.000342583 seconds
Import Error Code:(4)
Message: Build asset version error: assets/localfightmanager.cs in SourceAssetDB has modification time of '2025-08-27T13:34:31Z' while content on disk has modification time of '2025-08-27T13:35:18Z'
  ERROR: Build asset version error: assets/localfightmanager.cs in SourceAssetDB has modification time of '2025-08-27T13:34:31Z' while content on disk has modification time of '2025-08-27T13:35:18Z'
Number of updated asset objects reloaded before import = 0Number of asset objects unloaded after import = 0

========================================================================
Received Import Request.
  Time since last request: 0.194137 seconds.
  path: Assets/LocalFightManager.cs
  artifactKey: Guid(323f0bb31ee9c4942a449e677f3392fc) Importer(815301076,1909f56bfc062723c751e8b465ee728b)
Start importing Assets/LocalFightManager.cs using Guid(323f0bb31ee9c4942a449e677f3392fc) Importer(815301076,1909f56bfc062723c751e8b465ee728b) (PreviewImporter) -> (artifact id: '00000000000000000000000000000000') in 0.000285875 seconds
Import Error Code:(4)
Message: Build asset version error: assets/localfightmanager.cs in SourceAssetDB has modification time of '2025-08-27T13:34:31Z' while content on disk has modification time of '2025-08-27T13:35:18Z'
  ERROR: Build asset version error: assets/localfightmanager.cs in SourceAssetDB has modification time of '2025-08-27T13:34:31Z' while content on disk has modification time of '2025-08-27T13:35:18Z'
Number of updated asset objects reloaded before import = 0Number of asset objects unloaded after import = 0

========================================================================
Received Import Request.
  Time since last request: 0.110734 seconds.
  path: Assets/LocalFightManager.cs
  artifactKey: Guid(323f0bb31ee9c4942a449e677f3392fc) Importer(815301076,1909f56bfc062723c751e8b465ee728b)
Start importing Assets/LocalFightManager.cs using Guid(323f0bb31ee9c4942a449e677f3392fc) Importer(815301076,1909f56bfc062723c751e8b465ee728b) (PreviewImporter) -> (artifact id: '00000000000000000000000000000000') in 0.000309125 seconds
Import Error Code:(4)
Message: Build asset version error: assets/localfightmanager.cs in SourceAssetDB has modification time of '2025-08-27T13:34:31Z' while content on disk has modification time of '2025-08-27T13:35:18Z'
  ERROR: Build asset version error: assets/localfightmanager.cs in SourceAssetDB has modification time of '2025-08-27T13:34:31Z' while content on disk has modification time of '2025-08-27T13:35:18Z'
Number of updated asset objects reloaded before import = 0Number of asset objects unloaded after import = 0

========================================================================
Received Import Request.
  Time since last request: 0.193821 seconds.
  path: Assets/LocalFightManager.cs
  artifactKey: Guid(323f0bb31ee9c4942a449e677f3392fc) Importer(815301076,1909f56bfc062723c751e8b465ee728b)
Start importing Assets/LocalFightManager.cs using Guid(323f0bb31ee9c4942a449e677f3392fc) Importer(815301076,1909f56bfc062723c751e8b465ee728b) (PreviewImporter) -> (artifact id: '00000000000000000000000000000000') in 0.000331625 seconds
Import Error Code:(4)
Message: Build asset version error: assets/localfightmanager.cs in SourceAssetDB has modification time of '2025-08-27T13:34:31Z' while content on disk has modification time of '2025-08-27T13:35:18Z'
  ERROR: Build asset version error: assets/localfightmanager.cs in SourceAssetDB has modification time of '2025-08-27T13:34:31Z' while content on disk has modification time of '2025-08-27T13:35:18Z'
Number of updated asset objects reloaded before import = 0Number of asset objects unloaded after import = 0

========================================================================
Received Import Request.
  Time since last request: 0.095799 seconds.
  path: Assets/LocalFightManager.cs
  artifactKey: Guid(323f0bb31ee9c4942a449e677f3392fc) Importer(815301076,1909f56bfc062723c751e8b465ee728b)
Start importing Assets/LocalFightManager.cs using Guid(323f0bb31ee9c4942a449e677f3392fc) Importer(815301076,1909f56bfc062723c751e8b465ee728b) (PreviewImporter) -> (artifact id: '00000000000000000000000000000000') in 0.000350542 seconds
Import Error Code:(4)
Message: Build asset version error: assets/localfightmanager.cs in SourceAssetDB has modification time of '2025-08-27T13:34:31Z' while content on disk has modification time of '2025-08-27T13:35:18Z'
  ERROR: Build asset version error: assets/localfightmanager.cs in SourceAssetDB has modification time of '2025-08-27T13:34:31Z' while content on disk has modification time of '2025-08-27T13:35:18Z'
Number of updated asset objects reloaded before import = 0Number of asset objects unloaded after import = 0

========================================================================
Received Import Request.
  Time since last request: 0.195581 seconds.
  path: Assets/LocalFightManager.cs
  artifactKey: Guid(323f0bb31ee9c4942a449e677f3392fc) Importer(815301076,1909f56bfc062723c751e8b465ee728b)
Start importing Assets/LocalFightManager.cs using Guid(323f0bb31ee9c4942a449e677f3392fc) Importer(815301076,1909f56bfc062723c751e8b465ee728b) (PreviewImporter) -> (artifact id: '00000000000000000000000000000000') in 0.000628583 seconds
Import Error Code:(4)
Message: Build asset version error: assets/localfightmanager.cs in SourceAssetDB has modification time of '2025-08-27T13:34:31Z' while content on disk has modification time of '2025-08-27T13:35:18Z'
  ERROR: Build asset version error: assets/localfightmanager.cs in SourceAssetDB has modification time of '2025-08-27T13:34:31Z' while content on disk has modification time of '2025-08-27T13:35:18Z'
Number of updated asset objects reloaded before import = 0Number of asset objects unloaded after import = 0

========================================================================
Received Import Request.
  Time since last request: 0.204975 seconds.
  path: Assets/LocalFightManager.cs
  artifactKey: Guid(323f0bb31ee9c4942a449e677f3392fc) Importer(815301076,1909f56bfc062723c751e8b465ee728b)
Start importing Assets/LocalFightManager.cs using Guid(323f0bb31ee9c4942a449e677f3392fc) Importer(815301076,1909f56bfc062723c751e8b465ee728b) (PreviewImporter) -> (artifact id: '00000000000000000000000000000000') in 0.000278833 seconds
Import Error Code:(4)
Message: Build asset version error: assets/localfightmanager.cs in SourceAssetDB has modification time of '2025-08-27T13:34:31Z' while content on disk has modification time of '2025-08-27T13:35:18Z'
  ERROR: Build asset version error: assets/localfightmanager.cs in SourceAssetDB has modification time of '2025-08-27T13:34:31Z' while content on disk has modification time of '2025-08-27T13:35:18Z'
Number of updated asset objects reloaded before import = 0Number of asset objects unloaded after import = 0

========================================================================
Received Import Request.
  Time since last request: 0.191703 seconds.
  path: Assets/LocalFightManager.cs
  artifactKey: Guid(323f0bb31ee9c4942a449e677f3392fc) Importer(815301076,1909f56bfc062723c751e8b465ee728b)
Start importing Assets/LocalFightManager.cs using Guid(323f0bb31ee9c4942a449e677f3392fc) Importer(815301076,1909f56bfc062723c751e8b465ee728b) (PreviewImporter) -> (artifact id: '00000000000000000000000000000000') in 0.000303 seconds
Import Error Code:(4)
Message: Build asset version error: assets/localfightmanager.cs in SourceAssetDB has modification time of '2025-08-27T13:34:31Z' while content on disk has modification time of '2025-08-27T13:35:18Z'
  ERROR: Build asset version error: assets/localfightmanager.cs in SourceAssetDB has modification time of '2025-08-27T13:34:31Z' while content on disk has modification time of '2025-08-27T13:35:18Z'
Number of updated asset objects reloaded before import = 0Number of asset objects unloaded after import = 0

========================================================================
Received Import Request.
  Time since last request: 0.105939 seconds.
  path: Assets/LocalFightManager.cs
  artifactKey: Guid(323f0bb31ee9c4942a449e677f3392fc) Importer(815301076,1909f56bfc062723c751e8b465ee728b)
Start importing Assets/LocalFightManager.cs using Guid(323f0bb31ee9c4942a449e677f3392fc) Importer(815301076,1909f56bfc062723c751e8b465ee728b) (PreviewImporter) -> (artifact id: '00000000000000000000000000000000') in 0.000338583 seconds
Import Error Code:(4)
Message: Build asset version error: assets/localfightmanager.cs in SourceAssetDB has modification time of '2025-08-27T13:34:31Z' while content on disk has modification time of '2025-08-27T13:35:18Z'
  ERROR: Build asset version error: assets/localfightmanager.cs in SourceAssetDB has modification time of '2025-08-27T13:34:31Z' while content on disk has modification time of '2025-08-27T13:35:18Z'
Number of updated asset objects reloaded before import = 0Number of asset objects unloaded after import = 0

========================================================================
Received Import Request.
  Time since last request: 0.098315 seconds.
  path: Assets/LocalFightManager.cs
  artifactKey: Guid(323f0bb31ee9c4942a449e677f3392fc) Importer(815301076,1909f56bfc062723c751e8b465ee728b)
Start importing Assets/LocalFightManager.cs using Guid(323f0bb31ee9c4942a449e677f3392fc) Importer(815301076,1909f56bfc062723c751e8b465ee728b) (PreviewImporter) -> (artifact id: '00000000000000000000000000000000') in 0.000308916 seconds
Import Error Code:(4)
Message: Build asset version error: assets/localfightmanager.cs in SourceAssetDB has modification time of '2025-08-27T13:34:31Z' while content on disk has modification time of '2025-08-27T13:35:18Z'
  ERROR: Build asset version error: assets/localfightmanager.cs in SourceAssetDB has modification time of '2025-08-27T13:34:31Z' while content on disk has modification time of '2025-08-27T13:35:18Z'
Number of updated asset objects reloaded before import = 0Number of asset objects unloaded after import = 0

========================================================================
Received Import Request.
  Time since last request: 0.202818 seconds.
  path: Assets/LocalFightManager.cs
  artifactKey: Guid(323f0bb31ee9c4942a449e677f3392fc) Importer(815301076,1909f56bfc062723c751e8b465ee728b)
Start importing Assets/LocalFightManager.cs using Guid(323f0bb31ee9c4942a449e677f3392fc) Importer(815301076,1909f56bfc062723c751e8b465ee728b) (PreviewImporter) -> (artifact id: '00000000000000000000000000000000') in 0.00035925 seconds
Import Error Code:(4)
Message: Build asset version error: assets/localfightmanager.cs in SourceAssetDB has modification time of '2025-08-27T13:34:31Z' while content on disk has modification time of '2025-08-27T13:35:18Z'
  ERROR: Build asset version error: assets/localfightmanager.cs in SourceAssetDB has modification time of '2025-08-27T13:34:31Z' while content on disk has modification time of '2025-08-27T13:35:18Z'
Number of updated asset objects reloaded before import = 0Number of asset objects unloaded after import = 0

========================================================================
Received Import Request.
  Time since last request: 0.199041 seconds.
  path: Assets/LocalFightManager.cs
  artifactKey: Guid(323f0bb31ee9c4942a449e677f3392fc) Importer(815301076,1909f56bfc062723c751e8b465ee728b)
Start importing Assets/LocalFightManager.cs using Guid(323f0bb31ee9c4942a449e677f3392fc) Importer(815301076,1909f56bfc062723c751e8b465ee728b) (PreviewImporter) -> (artifact id: '00000000000000000000000000000000') in 0.000410833 seconds
Import Error Code:(4)
Message: Build asset version error: assets/localfightmanager.cs in SourceAssetDB has modification time of '2025-08-27T13:34:31Z' while content on disk has modification time of '2025-08-27T13:35:18Z'
  ERROR: Build asset version error: assets/localfightmanager.cs in SourceAssetDB has modification time of '2025-08-27T13:34:31Z' while content on disk has modification time of '2025-08-27T13:35:18Z'
Number of updated asset objects reloaded before import = 0Number of asset objects unloaded after import = 0

========================================================================
Received Import Request.
  Time since last request: 0.201693 seconds.
  path: Assets/LocalFightManager.cs
  artifactKey: Guid(323f0bb31ee9c4942a449e677f3392fc) Importer(815301076,1909f56bfc062723c751e8b465ee728b)
Start importing Assets/LocalFightManager.cs using Guid(323f0bb31ee9c4942a449e677f3392fc) Importer(815301076,1909f56bfc062723c751e8b465ee728b) (PreviewImporter) -> (artifact id: '00000000000000000000000000000000') in 0.000394625 seconds
Import Error Code:(4)
Message: Build asset version error: assets/localfightmanager.cs in SourceAssetDB has modification time of '2025-08-27T13:34:31Z' while content on disk has modification time of '2025-08-27T13:35:18Z'
  ERROR: Build asset version error: assets/localfightmanager.cs in SourceAssetDB has modification time of '2025-08-27T13:34:31Z' while content on disk has modification time of '2025-08-27T13:35:18Z'
Number of updated asset objects reloaded before import = 0Number of asset objects unloaded after import = 0

========================================================================
Received Import Request.
  Time since last request: 0.091555 seconds.
  path: Assets/LocalFightManager.cs
  artifactKey: Guid(323f0bb31ee9c4942a449e677f3392fc) Importer(815301076,1909f56bfc062723c751e8b465ee728b)
Start importing Assets/LocalFightManager.cs using Guid(323f0bb31ee9c4942a449e677f3392fc) Importer(815301076,1909f56bfc062723c751e8b465ee728b) (PreviewImporter) -> (artifact id: '00000000000000000000000000000000') in 0.000332834 seconds
Import Error Code:(4)
Message: Build asset version error: assets/localfightmanager.cs in SourceAssetDB has modification time of '2025-08-27T13:34:31Z' while content on disk has modification time of '2025-08-27T13:35:18Z'
  ERROR: Build asset version error: assets/localfightmanager.cs in SourceAssetDB has modification time of '2025-08-27T13:34:31Z' while content on disk has modification time of '2025-08-27T13:35:18Z'
Number of updated asset objects reloaded before import = 0Number of asset objects unloaded after import = 0

========================================================================
Received Import Request.
  Time since last request: 0.099604 seconds.
  path: Assets/LocalFightManager.cs
  artifactKey: Guid(323f0bb31ee9c4942a449e677f3392fc) Importer(815301076,1909f56bfc062723c751e8b465ee728b)
Start importing Assets/LocalFightManager.cs using Guid(323f0bb31ee9c4942a449e677f3392fc) Importer(815301076,1909f56bfc062723c751e8b465ee728b) (PreviewImporter) -> (artifact id: '00000000000000000000000000000000') in 0.000258541 seconds
Import Error Code:(4)
Message: Build asset version error: assets/localfightmanager.cs in SourceAssetDB has modification time of '2025-08-27T13:34:31Z' while content on disk has modification time of '2025-08-27T13:35:18Z'
  ERROR: Build asset version error: assets/localfightmanager.cs in SourceAssetDB has modification time of '2025-08-27T13:34:31Z' while content on disk has modification time of '2025-08-27T13:35:18Z'
Number of updated asset objects reloaded before import = 0Number of asset objects unloaded after import = 0

========================================================================
Received Import Request.
  Time since last request: 0.094362 seconds.
  path: Assets/LocalFightManager.cs
  artifactKey: Guid(323f0bb31ee9c4942a449e677f3392fc) Importer(815301076,1909f56bfc062723c751e8b465ee728b)
Start importing Assets/LocalFightManager.cs using Guid(323f0bb31ee9c4942a449e677f3392fc) Importer(815301076,1909f56bfc062723c751e8b465ee728b) (PreviewImporter) -> (artifact id: '00000000000000000000000000000000') in 0.000258917 seconds
Import Error Code:(4)
Message: Build asset version error: assets/localfightmanager.cs in SourceAssetDB has modification time of '2025-08-27T13:34:31Z' while content on disk has modification time of '2025-08-27T13:35:18Z'
  ERROR: Build asset version error: assets/localfightmanager.cs in SourceAssetDB has modification time of '2025-08-27T13:34:31Z' while content on disk has modification time of '2025-08-27T13:35:18Z'
Number of updated asset objects reloaded before import = 0Number of asset objects unloaded after import = 0

========================================================================
Received Import Request.
  Time since last request: 0.103531 seconds.
  path: Assets/LocalFightManager.cs
  artifactKey: Guid(323f0bb31ee9c4942a449e677f3392fc) Importer(815301076,1909f56bfc062723c751e8b465ee728b)
Start importing Assets/LocalFightManager.cs using Guid(323f0bb31ee9c4942a449e677f3392fc) Importer(815301076,1909f56bfc062723c751e8b465ee728b) (PreviewImporter) -> (artifact id: '00000000000000000000000000000000') in 0.000304792 seconds
Import Error Code:(4)
Message: Build asset version error: assets/localfightmanager.cs in SourceAssetDB has modification time of '2025-08-27T13:34:31Z' while content on disk has modification time of '2025-08-27T13:35:18Z'
  ERROR: Build asset version error: assets/localfightmanager.cs in SourceAssetDB has modification time of '2025-08-27T13:34:31Z' while content on disk has modification time of '2025-08-27T13:35:18Z'
Number of updated asset objects reloaded before import = 0Number of asset objects unloaded after import = 0

========================================================================
Received Import Request.
  Time since last request: 0.203774 seconds.
  path: Assets/LocalFightManager.cs
  artifactKey: Guid(323f0bb31ee9c4942a449e677f3392fc) Importer(815301076,1909f56bfc062723c751e8b465ee728b)
Start importing Assets/LocalFightManager.cs using Guid(323f0bb31ee9c4942a449e677f3392fc) Importer(815301076,1909f56bfc062723c751e8b465ee728b) (PreviewImporter) -> (artifact id: '00000000000000000000000000000000') in 0.000400167 seconds
Import Error Code:(4)
Message: Build asset version error: assets/localfightmanager.cs in SourceAssetDB has modification time of '2025-08-27T13:34:31Z' while content on disk has modification time of '2025-08-27T13:35:18Z'
  ERROR: Build asset version error: assets/localfightmanager.cs in SourceAssetDB has modification time of '2025-08-27T13:34:31Z' while content on disk has modification time of '2025-08-27T13:35:18Z'
Number of updated asset objects reloaded before import = 0Number of asset objects unloaded after import = 0

========================================================================
Received Import Request.
  Time since last request: 0.099979 seconds.
  path: Assets/LocalFightManager.cs
  artifactKey: Guid(323f0bb31ee9c4942a449e677f3392fc) Importer(815301076,1909f56bfc062723c751e8b465ee728b)
Start importing Assets/LocalFightManager.cs using Guid(323f0bb31ee9c4942a449e677f3392fc) Importer(815301076,1909f56bfc062723c751e8b465ee728b) (PreviewImporter) -> (artifact id: '00000000000000000000000000000000') in 0.000292125 seconds
Import Error Code:(4)
Message: Build asset version error: assets/localfightmanager.cs in SourceAssetDB has modification time of '2025-08-27T13:34:31Z' while content on disk has modification time of '2025-08-27T13:35:18Z'
  ERROR: Build asset version error: assets/localfightmanager.cs in SourceAssetDB has modification time of '2025-08-27T13:34:31Z' while content on disk has modification time of '2025-08-27T13:35:18Z'
Number of updated asset objects reloaded before import = 0Number of asset objects unloaded after import = 0

========================================================================
Received Import Request.
  Time since last request: 0.192856 seconds.
  path: Assets/LocalFightManager.cs
  artifactKey: Guid(323f0bb31ee9c4942a449e677f3392fc) Importer(815301076,1909f56bfc062723c751e8b465ee728b)
Start importing Assets/LocalFightManager.cs using Guid(323f0bb31ee9c4942a449e677f3392fc) Importer(815301076,1909f56bfc062723c751e8b465ee728b) (PreviewImporter) -> (artifact id: '00000000000000000000000000000000') in 0.000279709 seconds
Import Error Code:(4)
Message: Build asset version error: assets/localfightmanager.cs in SourceAssetDB has modification time of '2025-08-27T13:34:31Z' while content on disk has modification time of '2025-08-27T13:35:18Z'
  ERROR: Build asset version error: assets/localfightmanager.cs in SourceAssetDB has modification time of '2025-08-27T13:34:31Z' while content on disk has modification time of '2025-08-27T13:35:18Z'
Number of updated asset objects reloaded before import = 0Number of asset objects unloaded after import = 0

========================================================================
Received Import Request.
  Time since last request: 0.099651 seconds.
  path: Assets/LocalFightManager.cs
  artifactKey: Guid(323f0bb31ee9c4942a449e677f3392fc) Importer(815301076,1909f56bfc062723c751e8b465ee728b)
Start importing Assets/LocalFightManager.cs using Guid(323f0bb31ee9c4942a449e677f3392fc) Importer(815301076,1909f56bfc062723c751e8b465ee728b) (PreviewImporter) -> (artifact id: '00000000000000000000000000000000') in 0.000305875 seconds
Import Error Code:(4)
Message: Build asset version error: assets/localfightmanager.cs in SourceAssetDB has modification time of '2025-08-27T13:34:31Z' while content on disk has modification time of '2025-08-27T13:35:18Z'
  ERROR: Build asset version error: assets/localfightmanager.cs in SourceAssetDB has modification time of '2025-08-27T13:34:31Z' while content on disk has modification time of '2025-08-27T13:35:18Z'
Number of updated asset objects reloaded before import = 0Number of asset objects unloaded after import = 0

========================================================================
Received Import Request.
  Time since last request: 0.203664 seconds.
  path: Assets/LocalFightManager.cs
  artifactKey: Guid(323f0bb31ee9c4942a449e677f3392fc) Importer(815301076,1909f56bfc062723c751e8b465ee728b)
Start importing Assets/LocalFightManager.cs using Guid(323f0bb31ee9c4942a449e677f3392fc) Importer(815301076,1909f56bfc062723c751e8b465ee728b) (PreviewImporter) -> (artifact id: '00000000000000000000000000000000') in 0.000332625 seconds
Import Error Code:(4)
Message: Build asset version error: assets/localfightmanager.cs in SourceAssetDB has modification time of '2025-08-27T13:34:31Z' while content on disk has modification time of '2025-08-27T13:35:18Z'
  ERROR: Build asset version error: assets/localfightmanager.cs in SourceAssetDB has modification time of '2025-08-27T13:34:31Z' while content on disk has modification time of '2025-08-27T13:35:18Z'
Number of updated asset objects reloaded before import = 0Number of asset objects unloaded after import = 0

========================================================================
Received Import Request.
  Time since last request: 0.198724 seconds.
  path: Assets/LocalFightManager.cs
  artifactKey: Guid(323f0bb31ee9c4942a449e677f3392fc) Importer(815301076,1909f56bfc062723c751e8b465ee728b)
Start importing Assets/LocalFightManager.cs using Guid(323f0bb31ee9c4942a449e677f3392fc) Importer(815301076,1909f56bfc062723c751e8b465ee728b) (PreviewImporter) -> (artifact id: '00000000000000000000000000000000') in 0.000331792 seconds
Import Error Code:(4)
Message: Build asset version error: assets/localfightmanager.cs in SourceAssetDB has modification time of '2025-08-27T13:34:31Z' while content on disk has modification time of '2025-08-27T13:35:18Z'
  ERROR: Build asset version error: assets/localfightmanager.cs in SourceAssetDB has modification time of '2025-08-27T13:34:31Z' while content on disk has modification time of '2025-08-27T13:35:18Z'
Number of updated asset objects reloaded before import = 0Number of asset objects unloaded after import = 0

========================================================================
Received Import Request.
  Time since last request: 0.199318 seconds.
  path: Assets/LocalFightManager.cs
  artifactKey: Guid(323f0bb31ee9c4942a449e677f3392fc) Importer(815301076,1909f56bfc062723c751e8b465ee728b)
Start importing Assets/LocalFightManager.cs using Guid(323f0bb31ee9c4942a449e677f3392fc) Importer(815301076,1909f56bfc062723c751e8b465ee728b) (PreviewImporter) -> (artifact id: '00000000000000000000000000000000') in 0.000325542 seconds
Import Error Code:(4)
Message: Build asset version error: assets/localfightmanager.cs in SourceAssetDB has modification time of '2025-08-27T13:34:31Z' while content on disk has modification time of '2025-08-27T13:35:18Z'
  ERROR: Build asset version error: assets/localfightmanager.cs in SourceAssetDB has modification time of '2025-08-27T13:34:31Z' while content on disk has modification time of '2025-08-27T13:35:18Z'
Number of updated asset objects reloaded before import = 0Number of asset objects unloaded after import = 0

========================================================================
Received Import Request.
  Time since last request: 0.101348 seconds.
  path: Assets/LocalFightManager.cs
  artifactKey: Guid(323f0bb31ee9c4942a449e677f3392fc) Importer(815301076,1909f56bfc062723c751e8b465ee728b)
Start importing Assets/LocalFightManager.cs using Guid(323f0bb31ee9c4942a449e677f3392fc) Importer(815301076,1909f56bfc062723c751e8b465ee728b) (PreviewImporter) -> (artifact id: '00000000000000000000000000000000') in 0.000363417 seconds
Import Error Code:(4)
Message: Build asset version error: assets/localfightmanager.cs in SourceAssetDB has modification time of '2025-08-27T13:34:31Z' while content on disk has modification time of '2025-08-27T13:35:18Z'
  ERROR: Build asset version error: assets/localfightmanager.cs in SourceAssetDB has modification time of '2025-08-27T13:34:31Z' while content on disk has modification time of '2025-08-27T13:35:18Z'
Number of updated asset objects reloaded before import = 0Number of asset objects unloaded after import = 0

========================================================================
Received Import Request.
  Time since last request: 0.198146 seconds.
  path: Assets/LocalFightManager.cs
  artifactKey: Guid(323f0bb31ee9c4942a449e677f3392fc) Importer(815301076,1909f56bfc062723c751e8b465ee728b)
Start importing Assets/LocalFightManager.cs using Guid(323f0bb31ee9c4942a449e677f3392fc) Importer(815301076,1909f56bfc062723c751e8b465ee728b) (PreviewImporter) -> (artifact id: '00000000000000000000000000000000') in 0.000314792 seconds
Import Error Code:(4)
Message: Build asset version error: assets/localfightmanager.cs in SourceAssetDB has modification time of '2025-08-27T13:34:31Z' while content on disk has modification time of '2025-08-27T13:35:18Z'
  ERROR: Build asset version error: assets/localfightmanager.cs in SourceAssetDB has modification time of '2025-08-27T13:34:31Z' while content on disk has modification time of '2025-08-27T13:35:18Z'
Number of updated asset objects reloaded before import = 0Number of asset objects unloaded after import = 0

========================================================================
Received Import Request.
  Time since last request: 0.200307 seconds.
  path: Assets/LocalFightManager.cs
  artifactKey: Guid(323f0bb31ee9c4942a449e677f3392fc) Importer(815301076,1909f56bfc062723c751e8b465ee728b)
Start importing Assets/LocalFightManager.cs using Guid(323f0bb31ee9c4942a449e677f3392fc) Importer(815301076,1909f56bfc062723c751e8b465ee728b) (PreviewImporter) -> (artifact id: '00000000000000000000000000000000') in 0.000355292 seconds
Import Error Code:(4)
Message: Build asset version error: assets/localfightmanager.cs in SourceAssetDB has modification time of '2025-08-27T13:34:31Z' while content on disk has modification time of '2025-08-27T13:35:18Z'
  ERROR: Build asset version error: assets/localfightmanager.cs in SourceAssetDB has modification time of '2025-08-27T13:34:31Z' while content on disk has modification time of '2025-08-27T13:35:18Z'
Number of updated asset objects reloaded before import = 0Number of asset objects unloaded after import = 0

========================================================================
Received Import Request.
  Time since last request: 0.195571 seconds.
  path: Assets/LocalFightManager.cs
  artifactKey: Guid(323f0bb31ee9c4942a449e677f3392fc) Importer(815301076,1909f56bfc062723c751e8b465ee728b)
Start importing Assets/LocalFightManager.cs using Guid(323f0bb31ee9c4942a449e677f3392fc) Importer(815301076,1909f56bfc062723c751e8b465ee728b) (PreviewImporter) -> (artifact id: '00000000000000000000000000000000') in 0.000263584 seconds
Import Error Code:(4)
Message: Build asset version error: assets/localfightmanager.cs in SourceAssetDB has modification time of '2025-08-27T13:34:31Z' while content on disk has modification time of '2025-08-27T13:35:18Z'
  ERROR: Build asset version error: assets/localfightmanager.cs in SourceAssetDB has modification time of '2025-08-27T13:34:31Z' while content on disk has modification time of '2025-08-27T13:35:18Z'
Number of updated asset objects reloaded before import = 0Number of asset objects unloaded after import = 0

========================================================================
Received Import Request.
  Time since last request: 0.101491 seconds.
  path: Assets/LocalFightManager.cs
  artifactKey: Guid(323f0bb31ee9c4942a449e677f3392fc) Importer(815301076,1909f56bfc062723c751e8b465ee728b)
Start importing Assets/LocalFightManager.cs using Guid(323f0bb31ee9c4942a449e677f3392fc) Importer(815301076,1909f56bfc062723c751e8b465ee728b) (PreviewImporter) -> (artifact id: '00000000000000000000000000000000') in 0.000289916 seconds
Import Error Code:(4)
Message: Build asset version error: assets/localfightmanager.cs in SourceAssetDB has modification time of '2025-08-27T13:34:31Z' while content on disk has modification time of '2025-08-27T13:35:18Z'
  ERROR: Build asset version error: assets/localfightmanager.cs in SourceAssetDB has modification time of '2025-08-27T13:34:31Z' while content on disk has modification time of '2025-08-27T13:35:18Z'
Number of updated asset objects reloaded before import = 0Number of asset objects unloaded after import = 0

========================================================================
Received Import Request.
  Time since last request: 0.198385 seconds.
  path: Assets/LocalFightManager.cs
  artifactKey: Guid(323f0bb31ee9c4942a449e677f3392fc) Importer(815301076,1909f56bfc062723c751e8b465ee728b)
Start importing Assets/LocalFightManager.cs using Guid(323f0bb31ee9c4942a449e677f3392fc) Importer(815301076,1909f56bfc062723c751e8b465ee728b) (PreviewImporter) -> (artifact id: '00000000000000000000000000000000') in 0.000269542 seconds
Import Error Code:(4)
Message: Build asset version error: assets/localfightmanager.cs in SourceAssetDB has modification time of '2025-08-27T13:34:31Z' while content on disk has modification time of '2025-08-27T13:35:26Z'
  ERROR: Build asset version error: assets/localfightmanager.cs in SourceAssetDB has modification time of '2025-08-27T13:34:31Z' while content on disk has modification time of '2025-08-27T13:35:26Z'
Number of updated asset objects reloaded before import = 0Number of asset objects unloaded after import = 0

========================================================================
Received Import Request.
  Time since last request: 0.204107 seconds.
  path: Assets/LocalFightManager.cs
  artifactKey: Guid(323f0bb31ee9c4942a449e677f3392fc) Importer(815301076,1909f56bfc062723c751e8b465ee728b)
Start importing Assets/LocalFightManager.cs using Guid(323f0bb31ee9c4942a449e677f3392fc) Importer(815301076,1909f56bfc062723c751e8b465ee728b) (PreviewImporter) -> (artifact id: '00000000000000000000000000000000') in 0.000549166 seconds
Import Error Code:(4)
Message: Build asset version error: assets/localfightmanager.cs in SourceAssetDB has modification time of '2025-08-27T13:34:31Z' while content on disk has modification time of '2025-08-27T13:35:26Z'
  ERROR: Build asset version error: assets/localfightmanager.cs in SourceAssetDB has modification time of '2025-08-27T13:34:31Z' while content on disk has modification time of '2025-08-27T13:35:26Z'
Number of updated asset objects reloaded before import = 0Number of asset objects unloaded after import = 0

========================================================================
Received Import Request.
  Time since last request: 0.093494 seconds.
  path: Assets/LocalFightManager.cs
  artifactKey: Guid(323f0bb31ee9c4942a449e677f3392fc) Importer(815301076,1909f56bfc062723c751e8b465ee728b)
Start importing Assets/LocalFightManager.cs using Guid(323f0bb31ee9c4942a449e677f3392fc) Importer(815301076,1909f56bfc062723c751e8b465ee728b) (PreviewImporter) -> (artifact id: '00000000000000000000000000000000') in 0.0004885 seconds
Import Error Code:(4)
Message: Build asset version error: assets/localfightmanager.cs in SourceAssetDB has modification time of '2025-08-27T13:34:31Z' while content on disk has modification time of '2025-08-27T13:35:26Z'
  ERROR: Build asset version error: assets/localfightmanager.cs in SourceAssetDB has modification time of '2025-08-27T13:34:31Z' while content on disk has modification time of '2025-08-27T13:35:26Z'
Number of updated asset objects reloaded before import = 0Number of asset objects unloaded after import = 0

========================================================================
Received Import Request.
  Time since last request: 0.200408 seconds.
  path: Assets/LocalFightManager.cs
  artifactKey: Guid(323f0bb31ee9c4942a449e677f3392fc) Importer(815301076,1909f56bfc062723c751e8b465ee728b)
Start importing Assets/LocalFightManager.cs using Guid(323f0bb31ee9c4942a449e677f3392fc) Importer(815301076,1909f56bfc062723c751e8b465ee728b) (PreviewImporter) -> (artifact id: '00000000000000000000000000000000') in 0.000331667 seconds
Import Error Code:(4)
Message: Build asset version error: assets/localfightmanager.cs in SourceAssetDB has modification time of '2025-08-27T13:34:31Z' while content on disk has modification time of '2025-08-27T13:35:26Z'
  ERROR: Build asset version error: assets/localfightmanager.cs in SourceAssetDB has modification time of '2025-08-27T13:34:31Z' while content on disk has modification time of '2025-08-27T13:35:26Z'
Number of updated asset objects reloaded before import = 0Number of asset objects unloaded after import = 0

========================================================================
Received Import Request.
  Time since last request: 0.197691 seconds.
  path: Assets/LocalFightManager.cs
  artifactKey: Guid(323f0bb31ee9c4942a449e677f3392fc) Importer(815301076,1909f56bfc062723c751e8b465ee728b)
Start importing Assets/LocalFightManager.cs using Guid(323f0bb31ee9c4942a449e677f3392fc) Importer(815301076,1909f56bfc062723c751e8b465ee728b) (PreviewImporter) -> (artifact id: '00000000000000000000000000000000') in 0.000397291 seconds
Import Error Code:(4)
Message: Build asset version error: assets/localfightmanager.cs in SourceAssetDB has modification time of '2025-08-27T13:34:31Z' while content on disk has modification time of '2025-08-27T13:35:26Z'
  ERROR: Build asset version error: assets/localfightmanager.cs in SourceAssetDB has modification time of '2025-08-27T13:34:31Z' while content on disk has modification time of '2025-08-27T13:35:26Z'
Number of updated asset objects reloaded before import = 0Number of asset objects unloaded after import = 0

========================================================================
Received Import Request.
  Time since last request: 0.200887 seconds.
  path: Assets/LocalFightManager.cs
  artifactKey: Guid(323f0bb31ee9c4942a449e677f3392fc) Importer(815301076,1909f56bfc062723c751e8b465ee728b)
Start importing Assets/LocalFightManager.cs using Guid(323f0bb31ee9c4942a449e677f3392fc) Importer(815301076,1909f56bfc062723c751e8b465ee728b) (PreviewImporter) -> (artifact id: '00000000000000000000000000000000') in 0.000335584 seconds
Import Error Code:(4)
Message: Build asset version error: assets/localfightmanager.cs in SourceAssetDB has modification time of '2025-08-27T13:34:31Z' while content on disk has modification time of '2025-08-27T13:35:26Z'
  ERROR: Build asset version error: assets/localfightmanager.cs in SourceAssetDB has modification time of '2025-08-27T13:34:31Z' while content on disk has modification time of '2025-08-27T13:35:26Z'
Number of updated asset objects reloaded before import = 0Number of asset objects unloaded after import = 0

========================================================================
Received Import Request.
  Time since last request: 0.097466 seconds.
  path: Assets/LocalFightManager.cs
  artifactKey: Guid(323f0bb31ee9c4942a449e677f3392fc) Importer(815301076,1909f56bfc062723c751e8b465ee728b)
Start importing Assets/LocalFightManager.cs using Guid(323f0bb31ee9c4942a449e677f3392fc) Importer(815301076,1909f56bfc062723c751e8b465ee728b) (PreviewImporter) -> (artifact id: '00000000000000000000000000000000') in 0.000350167 seconds
Import Error Code:(4)
Message: Build asset version error: assets/localfightmanager.cs in SourceAssetDB has modification time of '2025-08-27T13:34:31Z' while content on disk has modification time of '2025-08-27T13:35:26Z'
  ERROR: Build asset version error: assets/localfightmanager.cs in SourceAssetDB has modification time of '2025-08-27T13:34:31Z' while content on disk has modification time of '2025-08-27T13:35:26Z'
Number of updated asset objects reloaded before import = 0Number of asset objects unloaded after import = 0

========================================================================
Received Import Request.
  Time since last request: 0.203029 seconds.
  path: Assets/LocalFightManager.cs
  artifactKey: Guid(323f0bb31ee9c4942a449e677f3392fc) Importer(815301076,1909f56bfc062723c751e8b465ee728b)
Start importing Assets/LocalFightManager.cs using Guid(323f0bb31ee9c4942a449e677f3392fc) Importer(815301076,1909f56bfc062723c751e8b465ee728b) (PreviewImporter) -> (artifact id: '00000000000000000000000000000000') in 0.000310875 seconds
Import Error Code:(4)
Message: Build asset version error: assets/localfightmanager.cs in SourceAssetDB has modification time of '2025-08-27T13:34:31Z' while content on disk has modification time of '2025-08-27T13:35:26Z'
  ERROR: Build asset version error: assets/localfightmanager.cs in SourceAssetDB has modification time of '2025-08-27T13:34:31Z' while content on disk has modification time of '2025-08-27T13:35:26Z'
Number of updated asset objects reloaded before import = 0Number of asset objects unloaded after import = 0

========================================================================
Received Import Request.
  Time since last request: 0.199723 seconds.
  path: Assets/LocalFightManager.cs
  artifactKey: Guid(323f0bb31ee9c4942a449e677f3392fc) Importer(815301076,1909f56bfc062723c751e8b465ee728b)
Start importing Assets/LocalFightManager.cs using Guid(323f0bb31ee9c4942a449e677f3392fc) Importer(815301076,1909f56bfc062723c751e8b465ee728b) (PreviewImporter) -> (artifact id: '00000000000000000000000000000000') in 0.0005065 seconds
Import Error Code:(4)
Message: Build asset version error: assets/localfightmanager.cs in SourceAssetDB has modification time of '2025-08-27T13:34:31Z' while content on disk has modification time of '2025-08-27T13:35:26Z'
  ERROR: Build asset version error: assets/localfightmanager.cs in SourceAssetDB has modification time of '2025-08-27T13:34:31Z' while content on disk has modification time of '2025-08-27T13:35:26Z'
Number of updated asset objects reloaded before import = 0Number of asset objects unloaded after import = 0

========================================================================
Received Import Request.
  Time since last request: 0.104053 seconds.
  path: Assets/LocalFightManager.cs
  artifactKey: Guid(323f0bb31ee9c4942a449e677f3392fc) Importer(815301076,1909f56bfc062723c751e8b465ee728b)
Start importing Assets/LocalFightManager.cs using Guid(323f0bb31ee9c4942a449e677f3392fc) Importer(815301076,1909f56bfc062723c751e8b465ee728b) (PreviewImporter) -> (artifact id: '00000000000000000000000000000000') in 0.000299083 seconds
Import Error Code:(4)
Message: Build asset version error: assets/localfightmanager.cs in SourceAssetDB has modification time of '2025-08-27T13:34:31Z' while content on disk has modification time of '2025-08-27T13:35:26Z'
  ERROR: Build asset version error: assets/localfightmanager.cs in SourceAssetDB has modification time of '2025-08-27T13:34:31Z' while content on disk has modification time of '2025-08-27T13:35:26Z'
Number of updated asset objects reloaded before import = 0Number of asset objects unloaded after import = 0

========================================================================
Received Import Request.
  Time since last request: 0.198483 seconds.
  path: Assets/LocalFightManager.cs
  artifactKey: Guid(323f0bb31ee9c4942a449e677f3392fc) Importer(815301076,1909f56bfc062723c751e8b465ee728b)
Start importing Assets/LocalFightManager.cs using Guid(323f0bb31ee9c4942a449e677f3392fc) Importer(815301076,1909f56bfc062723c751e8b465ee728b) (PreviewImporter) -> (artifact id: '00000000000000000000000000000000') in 0.0003145 seconds
Import Error Code:(4)
Message: Build asset version error: assets/localfightmanager.cs in SourceAssetDB has modification time of '2025-08-27T13:34:31Z' while content on disk has modification time of '2025-08-27T13:35:26Z'
  ERROR: Build asset version error: assets/localfightmanager.cs in SourceAssetDB has modification time of '2025-08-27T13:34:31Z' while content on disk has modification time of '2025-08-27T13:35:26Z'
Number of updated asset objects reloaded before import = 0Number of asset objects unloaded after import = 0

========================================================================
Received Import Request.
  Time since last request: 0.198688 seconds.
  path: Assets/LocalFightManager.cs
  artifactKey: Guid(323f0bb31ee9c4942a449e677f3392fc) Importer(815301076,1909f56bfc062723c751e8b465ee728b)
Start importing Assets/LocalFightManager.cs using Guid(323f0bb31ee9c4942a449e677f3392fc) Importer(815301076,1909f56bfc062723c751e8b465ee728b) (PreviewImporter) -> (artifact id: '00000000000000000000000000000000') in 0.000303167 seconds
Import Error Code:(4)
Message: Build asset version error: assets/localfightmanager.cs in SourceAssetDB has modification time of '2025-08-27T13:34:31Z' while content on disk has modification time of '2025-08-27T13:35:26Z'
  ERROR: Build asset version error: assets/localfightmanager.cs in SourceAssetDB has modification time of '2025-08-27T13:34:31Z' while content on disk has modification time of '2025-08-27T13:35:26Z'
Number of updated asset objects reloaded before import = 0Number of asset objects unloaded after import = 0

========================================================================
Received Import Request.
  Time since last request: 0.194003 seconds.
  path: Assets/LocalFightManager.cs
  artifactKey: Guid(323f0bb31ee9c4942a449e677f3392fc) Importer(815301076,1909f56bfc062723c751e8b465ee728b)
Start importing Assets/LocalFightManager.cs using Guid(323f0bb31ee9c4942a449e677f3392fc) Importer(815301076,1909f56bfc062723c751e8b465ee728b) (PreviewImporter) -> (artifact id: '00000000000000000000000000000000') in 0.000511541 seconds
Import Error Code:(4)
Message: Build asset version error: assets/localfightmanager.cs in SourceAssetDB has modification time of '2025-08-27T13:34:31Z' while content on disk has modification time of '2025-08-27T13:35:26Z'
  ERROR: Build asset version error: assets/localfightmanager.cs in SourceAssetDB has modification time of '2025-08-27T13:34:31Z' while content on disk has modification time of '2025-08-27T13:35:26Z'
Number of updated asset objects reloaded before import = 0Number of asset objects unloaded after import = 0

========================================================================
Received Import Request.
  Time since last request: 0.099739 seconds.
  path: Assets/LocalFightManager.cs
  artifactKey: Guid(323f0bb31ee9c4942a449e677f3392fc) Importer(815301076,1909f56bfc062723c751e8b465ee728b)
Start importing Assets/LocalFightManager.cs using Guid(323f0bb31ee9c4942a449e677f3392fc) Importer(815301076,1909f56bfc062723c751e8b465ee728b) (PreviewImporter) -> (artifact id: '00000000000000000000000000000000') in 0.000413709 seconds
Import Error Code:(4)
Message: Build asset version error: assets/localfightmanager.cs in SourceAssetDB has modification time of '2025-08-27T13:34:31Z' while content on disk has modification time of '2025-08-27T13:35:26Z'
  ERROR: Build asset version error: assets/localfightmanager.cs in SourceAssetDB has modification time of '2025-08-27T13:34:31Z' while content on disk has modification time of '2025-08-27T13:35:26Z'
Number of updated asset objects reloaded before import = 0Number of asset objects unloaded after import = 0

========================================================================
Received Import Request.
  Time since last request: 0.201719 seconds.
  path: Assets/LocalFightManager.cs
  artifactKey: Guid(323f0bb31ee9c4942a449e677f3392fc) Importer(815301076,1909f56bfc062723c751e8b465ee728b)
Start importing Assets/LocalFightManager.cs using Guid(323f0bb31ee9c4942a449e677f3392fc) Importer(815301076,1909f56bfc062723c751e8b465ee728b) (PreviewImporter) -> (artifact id: '00000000000000000000000000000000') in 0.0003705 seconds
Import Error Code:(4)
Message: Build asset version error: assets/localfightmanager.cs in SourceAssetDB has modification time of '2025-08-27T13:34:31Z' while content on disk has modification time of '2025-08-27T13:35:26Z'
  ERROR: Build asset version error: assets/localfightmanager.cs in SourceAssetDB has modification time of '2025-08-27T13:34:31Z' while content on disk has modification time of '2025-08-27T13:35:26Z'
Number of updated asset objects reloaded before import = 0Number of asset objects unloaded after import = 0

========================================================================
Received Import Request.
  Time since last request: 0.105113 seconds.
  path: Assets/LocalFightManager.cs
  artifactKey: Guid(323f0bb31ee9c4942a449e677f3392fc) Importer(815301076,1909f56bfc062723c751e8b465ee728b)
Start importing Assets/LocalFightManager.cs using Guid(323f0bb31ee9c4942a449e677f3392fc) Importer(815301076,1909f56bfc062723c751e8b465ee728b) (PreviewImporter) -> (artifact id: '00000000000000000000000000000000') in 0.000296083 seconds
Import Error Code:(4)
Message: Build asset version error: assets/localfightmanager.cs in SourceAssetDB has modification time of '2025-08-27T13:34:31Z' while content on disk has modification time of '2025-08-27T13:35:26Z'
  ERROR: Build asset version error: assets/localfightmanager.cs in SourceAssetDB has modification time of '2025-08-27T13:34:31Z' while content on disk has modification time of '2025-08-27T13:35:26Z'
Number of updated asset objects reloaded before import = 0Number of asset objects unloaded after import = 0

========================================================================
Received Import Request.
  Time since last request: 0.183007 seconds.
  path: Assets/LocalFightManager.cs
  artifactKey: Guid(323f0bb31ee9c4942a449e677f3392fc) Importer(815301076,1909f56bfc062723c751e8b465ee728b)
Start importing Assets/LocalFightManager.cs using Guid(323f0bb31ee9c4942a449e677f3392fc) Importer(815301076,1909f56bfc062723c751e8b465ee728b) (PreviewImporter) -> (artifact id: '00000000000000000000000000000000') in 0.000309292 seconds
Import Error Code:(4)
Message: Build asset version error: assets/localfightmanager.cs in SourceAssetDB has modification time of '2025-08-27T13:34:31Z' while content on disk has modification time of '2025-08-27T13:35:26Z'
  ERROR: Build asset version error: assets/localfightmanager.cs in SourceAssetDB has modification time of '2025-08-27T13:34:31Z' while content on disk has modification time of '2025-08-27T13:35:26Z'
Number of updated asset objects reloaded before import = 0Number of asset objects unloaded after import = 0

========================================================================
Received Import Request.
  Time since last request: 0.099541 seconds.
  path: Assets/LocalFightManager.cs
  artifactKey: Guid(323f0bb31ee9c4942a449e677f3392fc) Importer(815301076,1909f56bfc062723c751e8b465ee728b)
Start importing Assets/LocalFightManager.cs using Guid(323f0bb31ee9c4942a449e677f3392fc) Importer(815301076,1909f56bfc062723c751e8b465ee728b) (PreviewImporter) -> (artifact id: '00000000000000000000000000000000') in 0.000396292 seconds
Import Error Code:(4)
Message: Build asset version error: assets/localfightmanager.cs in SourceAssetDB has modification time of '2025-08-27T13:34:31Z' while content on disk has modification time of '2025-08-27T13:35:26Z'
  ERROR: Build asset version error: assets/localfightmanager.cs in SourceAssetDB has modification time of '2025-08-27T13:34:31Z' while content on disk has modification time of '2025-08-27T13:35:26Z'
Number of updated asset objects reloaded before import = 0Number of asset objects unloaded after import = 0

========================================================================
Received Import Request.
  Time since last request: 0.205652 seconds.
  path: Assets/LocalFightManager.cs
  artifactKey: Guid(323f0bb31ee9c4942a449e677f3392fc) Importer(815301076,1909f56bfc062723c751e8b465ee728b)
Start importing Assets/LocalFightManager.cs using Guid(323f0bb31ee9c4942a449e677f3392fc) Importer(815301076,1909f56bfc062723c751e8b465ee728b) (PreviewImporter) -> (artifact id: '00000000000000000000000000000000') in 0.000521417 seconds
Import Error Code:(4)
Message: Build asset version error: assets/localfightmanager.cs in SourceAssetDB has modification time of '2025-08-27T13:34:31Z' while content on disk has modification time of '2025-08-27T13:35:26Z'
  ERROR: Build asset version error: assets/localfightmanager.cs in SourceAssetDB has modification time of '2025-08-27T13:34:31Z' while content on disk has modification time of '2025-08-27T13:35:26Z'
Number of updated asset objects reloaded before import = 0Number of asset objects unloaded after import = 0

========================================================================
Received Prepare
Begin MonoManager ReloadAssembly
Thread 0x16deff000 may have been prematurely finalized
- Loaded All Assemblies, in  0.369 seconds
Script 'CharacterController' has the same name as built-in Unity component.
AddComponent and GetComponent will not work with this script.
OnLevelWasLoaded was found on UserPrefs
This message has been deprecated and will be removed in a later version of Unity.
Add a delegate to SceneManager.sceneLoaded instead to get notifications after scene loading has completed
Refreshing native plugins compatible for Editor in 0.35 ms, found 3 plugins.
OnLevelWasLoaded was found on UserPrefs
This message has been deprecated and will be removed in a later version of Unity.
Add a delegate to SceneManager.sceneLoaded instead to get notifications after scene loading has completed
Native extension for OSXStandalone target not found
[Package Manager] Failed to launch server process. Reason: Unity was launched with the -noUpm command-line argument
[Package Manager] Unable to send message (not connected to server process).
[Package Manager] Cannot connect to Unity Package Manager local server
Mono: successfully reloaded assembly
- Finished resetting the current domain, in  0.366 seconds
Domain Reload Profiling: 736ms
	BeginReloadAssembly (133ms)
		ExecutionOrderSort (0ms)
		DisableScriptedObjects (10ms)
		BackupInstance (0ms)
		ReleaseScriptingObjects (0ms)
		CreateAndSetChildDomain (54ms)
	RebuildCommonClasses (26ms)
	RebuildNativeTypeToScriptingClass (9ms)
	initialDomainReloadingComplete (15ms)
	LoadAllAssembliesAndSetupDomain (188ms)
		LoadAssemblies (144ms)
		RebuildTransferFunctionScriptingTraits (0ms)
		AnalyzeDomain (77ms)
			TypeCache.Refresh (6ms)
				TypeCache.ScanAssembly (1ms)
			BuildScriptInfoCaches (67ms)
			ResolveRequiredComponents (3ms)
	FinalizeReload (366ms)
		ReleaseScriptCaches (0ms)
		RebuildScriptCaches (0ms)
		SetupLoadedEditorAssemblies (300ms)
			LogAssemblyErrors (0ms)
			InitializePlatformSupportModulesInManaged (1ms)
			SetLoadedEditorAssemblies (2ms)
			BeforeProcessingInitializeOnLoad (71ms)
			ProcessInitializeOnLoadAttributes (199ms)
			ProcessInitializeOnLoadMethodAttributes (26ms)
			AfterProcessingInitializeOnLoad (1ms)
			EditorAssembliesLoaded (0ms)
		ExecutionOrderSort2 (0ms)
		AwakeInstancesAfterBackupRestoration (2ms)
Refreshing native plugins compatible for Editor in 0.38 ms, found 3 plugins.
Preloading 0 native plugins for Editor in 0.00 ms.
Unloading 0 Unused Serialized files (Serialized files now loaded: 0)
Unloading 3579 unused Assets / (0.8 MB). Loaded Objects now: 4245.
Memory consumption went from 91.9 MB to 91.1 MB.
Total: 4.256583 ms (FindLiveObjects: 0.178667 ms CreateObjectMapping: 0.067500 ms MarkObjects: 3.626708 ms  DeleteObjects: 0.383292 ms)

Prepare: number of updated asset objects reloaded= 0
========================================================================
Received Import Request.
  Time since last request: 64.559057 seconds.
  path: Assets/ScriptableObjects/LocalFightManager.asset
  artifactKey: Guid(c8fca9ffd41c64621a652c2714bc2843) Importer(815301076,1909f56bfc062723c751e8b465ee728b)
Start importing Assets/ScriptableObjects/LocalFightManager.asset using Guid(c8fca9ffd41c64621a652c2714bc2843) Importer(815301076,1909f56bfc062723c751e8b465ee728b) (PreviewImporter) -> (artifact id: '5718a63b1bfad7bb255a30e0c5480948') in 0.010685291 seconds
Number of updated asset objects reloaded before import = 0Number of asset objects unloaded after import = 1

========================================================================
Received Import Request.
  Time since last request: 3.154387 seconds.
  path: Assets/Scenes/LocalPlay.unity
  artifactKey: Guid(9c8ef5f1408b4422297538962984a742) Importer(815301076,1909f56bfc062723c751e8b465ee728b)
Start importing Assets/Scenes/LocalPlay.unity using Guid(9c8ef5f1408b4422297538962984a742) Importer(815301076,1909f56bfc062723c751e8b465ee728b) (PreviewImporter) -> (artifact id: 'bb87cc98c1621558f6c5b0b422a97af5') in 0.000276583 seconds
Number of updated asset objects reloaded before import = 0Number of asset objects unloaded after import = 0

========================================================================
Received Prepare
Script 'CharacterController' has the same name as built-in Unity component.
AddComponent and GetComponent will not work with this script.
OnLevelWasLoaded was found on UserPrefs
This message has been deprecated and will be removed in a later version of Unity.
Add a delegate to SceneManager.sceneLoaded instead to get notifications after scene loading has completed
Refreshing native plugins compatible for Editor in 0.51 ms, found 3 plugins.
Preloading 0 native plugins for Editor in 0.00 ms.
Unloading 0 Unused Serialized files (Serialized files now loaded: 0)
Unloading 3568 unused Assets / (0.8 MB). Loaded Objects now: 4245.
Memory consumption went from 84.4 MB to 83.7 MB.
Total: 7.094083 ms (FindLiveObjects: 0.157750 ms CreateObjectMapping: 0.074584 ms MarkObjects: 6.278875 ms  DeleteObjects: 0.582209 ms)

Prepare: number of updated asset objects reloaded= 0
========================================================================
Received Import Request.
  Time since last request: 296.135808 seconds.
  path: Assets/Prefabs/NetworkPlayer.prefab
  artifactKey: Guid(be325f5d22074694ab71970cc11c1b98) Importer(815301076,1909f56bfc062723c751e8b465ee728b)
Start importing Assets/Prefabs/NetworkPlayer.prefab using Guid(be325f5d22074694ab71970cc11c1b98) Importer(815301076,1909f56bfc062723c751e8b465ee728b) (PreviewImporter) -> (artifact id: '79e1b41e508b9d34da1918c397721527') in 0.450126666 seconds
Number of updated asset objects reloaded before import = 0Number of asset objects unloaded after import = 339

========================================================================
Received Import Request.
  Time since last request: 0.000039 seconds.
  path: Assets/Prefabs/Player.prefab
  artifactKey: Guid(08dfc29cc312946438a4149e9c58579a) Importer(815301076,1909f56bfc062723c751e8b465ee728b)
Start importing Assets/Prefabs/Player.prefab using Guid(08dfc29cc312946438a4149e9c58579a) Importer(815301076,1909f56bfc062723c751e8b465ee728b) (PreviewImporter) -> (artifact id: 'ead0f5981f18a23209adaa572a03e441') in 0.026823 seconds
Number of updated asset objects reloaded before import = 0Number of asset objects unloaded after import = 196

========================================================================
Received Prepare
Script 'CharacterController' has the same name as built-in Unity component.
AddComponent and GetComponent will not work with this script.
OnLevelWasLoaded was found on UserPrefs
This message has been deprecated and will be removed in a later version of Unity.
Add a delegate to SceneManager.sceneLoaded instead to get notifications after scene loading has completed
Refreshing native plugins compatible for Editor in 0.35 ms, found 3 plugins.
Preloading 0 native plugins for Editor in 0.00 ms.
Unloading 0 Unused Serialized files (Serialized files now loaded: 0)
Unloading 3572 unused Assets / (0.8 MB). Loaded Objects now: 4255.
Memory consumption went from 86.4 MB to 85.5 MB.
Total: 4.623917 ms (FindLiveObjects: 0.174250 ms CreateObjectMapping: 0.085917 ms MarkObjects: 3.917833 ms  DeleteObjects: 0.445458 ms)

Prepare: number of updated asset objects reloaded= 0
========================================================================
Received Import Request.
  Time since last request: 25.123055 seconds.
  path: Assets/PlayerAppearance.cs
  artifactKey: Guid(5c333e8e3f9744b11814616acd0b149a) Importer(815301076,1909f56bfc062723c751e8b465ee728b)
Start importing Assets/PlayerAppearance.cs using Guid(5c333e8e3f9744b11814616acd0b149a) Importer(815301076,1909f56bfc062723c751e8b465ee728b) (PreviewImporter) -> (artifact id: 'dba9e2bace958e44e42166941296cc06') in 0.0003465 seconds
Number of updated asset objects reloaded before import = 0Number of asset objects unloaded after import = 0

========================================================================
Received Prepare
Script 'CharacterController' has the same name as built-in Unity component.
AddComponent and GetComponent will not work with this script.
OnLevelWasLoaded was found on UserPrefs
This message has been deprecated and will be removed in a later version of Unity.
Add a delegate to SceneManager.sceneLoaded instead to get notifications after scene loading has completed
Refreshing native plugins compatible for Editor in 0.37 ms, found 3 plugins.
Preloading 0 native plugins for Editor in 0.00 ms.
Unloading 0 Unused Serialized files (Serialized files now loaded: 0)
Unloading 3569 unused Assets / (396.1 KB). Loaded Objects now: 4255.
Memory consumption went from 86.3 MB to 85.9 MB.
Total: 4.861625 ms (FindLiveObjects: 0.182917 ms CreateObjectMapping: 0.069250 ms MarkObjects: 4.137583 ms  DeleteObjects: 0.471500 ms)

Prepare: number of updated asset objects reloaded= 0
========================================================================
Received Prepare
Begin MonoManager ReloadAssembly
[Licensing::Client] Successfully resolved entitlement details
[Licensing::Module] License group:
  Id: SC-Z3YQ-WUSF-P4AN-EAMM-XXXX
  Product: Unity Pro
  Type: ULF
  Expiration: 2026-06-16T00:00:00Z
[Licensing::Module] License group:
  Id: 7972300754960-playvalve-UnityGamesPrXXXX
  Product: Unity Enterprise
  Type: Assigned
  Expiration: 2026-06-10T00:00:00Z
Thread 0x16deff000 may have been prematurely finalized
- Loaded All Assemblies, in  0.389 seconds
Script 'CharacterController' has the same name as built-in Unity component.
AddComponent and GetComponent will not work with this script.
OnLevelWasLoaded was found on UserPrefs
This message has been deprecated and will be removed in a later version of Unity.
Add a delegate to SceneManager.sceneLoaded instead to get notifications after scene loading has completed
Refreshing native plugins compatible for Editor in 0.50 ms, found 3 plugins.
OnLevelWasLoaded was found on UserPrefs
This message has been deprecated and will be removed in a later version of Unity.
Add a delegate to SceneManager.sceneLoaded instead to get notifications after scene loading has completed
Native extension for OSXStandalone target not found
[Package Manager] Failed to launch server process. Reason: Unity was launched with the -noUpm command-line argument
[Package Manager] Unable to send message (not connected to server process).
[Package Manager] Cannot connect to Unity Package Manager local server
Mono: successfully reloaded assembly
- Finished resetting the current domain, in  0.374 seconds
Domain Reload Profiling: 764ms
	BeginReloadAssembly (126ms)
		ExecutionOrderSort (0ms)
		DisableScriptedObjects (15ms)
		BackupInstance (0ms)
		ReleaseScriptingObjects (0ms)
		CreateAndSetChildDomain (42ms)
	RebuildCommonClasses (24ms)
	RebuildNativeTypeToScriptingClass (9ms)
	initialDomainReloadingComplete (15ms)
	LoadAllAssembliesAndSetupDomain (216ms)
		LoadAssemblies (174ms)
		RebuildTransferFunctionScriptingTraits (0ms)
		AnalyzeDomain (80ms)
			TypeCache.Refresh (8ms)
				TypeCache.ScanAssembly (1ms)
			BuildScriptInfoCaches (67ms)
			ResolveRequiredComponents (3ms)
	FinalizeReload (374ms)
		ReleaseScriptCaches (0ms)
		RebuildScriptCaches (0ms)
		SetupLoadedEditorAssemblies (307ms)
			LogAssemblyErrors (0ms)
			InitializePlatformSupportModulesInManaged (1ms)
			SetLoadedEditorAssemblies (2ms)
			BeforeProcessingInitializeOnLoad (74ms)
			ProcessInitializeOnLoadAttributes (204ms)
			ProcessInitializeOnLoadMethodAttributes (25ms)
			AfterProcessingInitializeOnLoad (1ms)
			EditorAssembliesLoaded (0ms)
		ExecutionOrderSort2 (0ms)
		AwakeInstancesAfterBackupRestoration (2ms)
Refreshing native plugins compatible for Editor in 0.40 ms, found 3 plugins.
Preloading 0 native plugins for Editor in 0.00 ms.
Unloading 0 Unused Serialized files (Serialized files now loaded: 0)
Unloading 3580 unused Assets / (0.8 MB). Loaded Objects now: 4256.
Memory consumption went from 92.8 MB to 92.1 MB.
Total: 4.202750 ms (FindLiveObjects: 0.179500 ms CreateObjectMapping: 0.068041 ms MarkObjects: 3.536625 ms  DeleteObjects: 0.418250 ms)

Prepare: number of updated asset objects reloaded= 0
========================================================================
Received Prepare
Begin MonoManager ReloadAssembly
[Licensing::Client] Successfully resolved entitlement details
[Licensing::Module] License group:
  Id: SC-Z3YQ-WUSF-P4AN-EAMM-XXXX
  Product: Unity Pro
  Type: ULF
  Expiration: 2026-06-16T00:00:00Z
[Licensing::Module] License group:
  Id: 7972300754960-playvalve-UnityGamesPrXXXX
  Product: Unity Enterprise
  Type: Assigned
  Expiration: 2026-06-10T00:00:00Z
Thread 0x16da9f000 may have been prematurely finalized
- Loaded All Assemblies, in  0.393 seconds
Script 'CharacterController' has the same name as built-in Unity component.
AddComponent and GetComponent will not work with this script.
OnLevelWasLoaded was found on UserPrefs
This message has been deprecated and will be removed in a later version of Unity.
Add a delegate to SceneManager.sceneLoaded instead to get notifications after scene loading has completed
Refreshing native plugins compatible for Editor in 0.34 ms, found 3 plugins.
OnLevelWasLoaded was found on UserPrefs
This message has been deprecated and will be removed in a later version of Unity.
Add a delegate to SceneManager.sceneLoaded instead to get notifications after scene loading has completed
Native extension for OSXStandalone target not found
[Package Manager] Failed to launch server process. Reason: Unity was launched with the -noUpm command-line argument
[Package Manager] Unable to send message (not connected to server process).
[Package Manager] Cannot connect to Unity Package Manager local server
Mono: successfully reloaded assembly
- Finished resetting the current domain, in  0.360 seconds
Domain Reload Profiling: 754ms
	BeginReloadAssembly (140ms)
		ExecutionOrderSort (0ms)
		DisableScriptedObjects (12ms)
		BackupInstance (0ms)
		ReleaseScriptingObjects (0ms)
		CreateAndSetChildDomain (55ms)
	RebuildCommonClasses (26ms)
	RebuildNativeTypeToScriptingClass (9ms)
	initialDomainReloadingComplete (19ms)
	LoadAllAssembliesAndSetupDomain (200ms)
		LoadAssemblies (153ms)
		RebuildTransferFunctionScriptingTraits (0ms)
		AnalyzeDomain (82ms)
			TypeCache.Refresh (8ms)
				TypeCache.ScanAssembly (1ms)
			BuildScriptInfoCaches (69ms)
			ResolveRequiredComponents (3ms)
	FinalizeReload (360ms)
		ReleaseScriptCaches (0ms)
		RebuildScriptCaches (0ms)
		SetupLoadedEditorAssemblies (296ms)
			LogAssemblyErrors (0ms)
			InitializePlatformSupportModulesInManaged (1ms)
			SetLoadedEditorAssemblies (2ms)
			BeforeProcessingInitializeOnLoad (69ms)
			ProcessInitializeOnLoadAttributes (197ms)
			ProcessInitializeOnLoadMethodAttributes (26ms)
			AfterProcessingInitializeOnLoad (1ms)
			EditorAssembliesLoaded (0ms)
		ExecutionOrderSort2 (0ms)
		AwakeInstancesAfterBackupRestoration (2ms)
Refreshing native plugins compatible for Editor in 0.39 ms, found 3 plugins.
Preloading 0 native plugins for Editor in 0.00 ms.
Unloading 0 Unused Serialized files (Serialized files now loaded: 0)
Unloading 3580 unused Assets / (0.7 MB). Loaded Objects now: 4258.
Memory consumption went from 92.8 MB to 92.1 MB.
Total: 4.845708 ms (FindLiveObjects: 0.205250 ms CreateObjectMapping: 0.070666 ms MarkObjects: 4.067083 ms  DeleteObjects: 0.502375 ms)

Prepare: number of updated asset objects reloaded= 0
========================================================================
Received Import Request.
  Time since last request: 1463.018979 seconds.
  path: Assets/InputDevice.cs
  artifactKey: Guid(b54e624beac204774aea714ab963b568) Importer(815301076,1909f56bfc062723c751e8b465ee728b)
Start importing Assets/InputDevice.cs using Guid(b54e624beac204774aea714ab963b568) Importer(815301076,1909f56bfc062723c751e8b465ee728b) (PreviewImporter) -> (artifact id: 'ce1ca00d19b8e2b027ee9a1814e90d5f') in 0.000907167 seconds
Number of updated asset objects reloaded before import = 0Number of asset objects unloaded after import = 0

========================================================================
Received Prepare
Begin MonoManager ReloadAssembly
[Licensing::Client] Successfully resolved entitlement details
[Licensing::Module] License group:
  Id: SC-Z3YQ-WUSF-P4AN-EAMM-XXXX
  Product: Unity Pro
  Type: ULF
  Expiration: 2026-06-16T00:00:00Z
[Licensing::Module] License group:
  Id: 7972300754960-playvalve-UnityGamesPrXXXX
  Product: Unity Enterprise
  Type: Assigned
  Expiration: 2026-06-10T00:00:00Z
Thread 0x16da9f000 may have been prematurely finalized
- Loaded All Assemblies, in  0.448 seconds
Script 'CharacterController' has the same name as built-in Unity component.
AddComponent and GetComponent will not work with this script.
OnLevelWasLoaded was found on UserPrefs
This message has been deprecated and will be removed in a later version of Unity.
Add a delegate to SceneManager.sceneLoaded instead to get notifications after scene loading has completed
Refreshing native plugins compatible for Editor in 0.33 ms, found 3 plugins.
OnLevelWasLoaded was found on UserPrefs
This message has been deprecated and will be removed in a later version of Unity.
Add a delegate to SceneManager.sceneLoaded instead to get notifications after scene loading has completed
Native extension for OSXStandalone target not found
[Package Manager] Failed to launch server process. Reason: Unity was launched with the -noUpm command-line argument
[Package Manager] Unable to send message (not connected to server process).
[Package Manager] Cannot connect to Unity Package Manager local server
Mono: successfully reloaded assembly
- Finished resetting the current domain, in  0.373 seconds
Domain Reload Profiling: 822ms
	BeginReloadAssembly (180ms)
		ExecutionOrderSort (0ms)
		DisableScriptedObjects (13ms)
		BackupInstance (0ms)
		ReleaseScriptingObjects (0ms)
		CreateAndSetChildDomain (53ms)
	RebuildCommonClasses (26ms)
	RebuildNativeTypeToScriptingClass (9ms)
	initialDomainReloadingComplete (19ms)
	LoadAllAssembliesAndSetupDomain (215ms)
		LoadAssemblies (178ms)
		RebuildTransferFunctionScriptingTraits (0ms)
		AnalyzeDomain (91ms)
			TypeCache.Refresh (9ms)
				TypeCache.ScanAssembly (1ms)
			BuildScriptInfoCaches (77ms)
			ResolveRequiredComponents (3ms)
	FinalizeReload (374ms)
		ReleaseScriptCaches (0ms)
		RebuildScriptCaches (0ms)
		SetupLoadedEditorAssemblies (305ms)
			LogAssemblyErrors (0ms)
			InitializePlatformSupportModulesInManaged (1ms)
			SetLoadedEditorAssemblies (2ms)
			BeforeProcessingInitializeOnLoad (69ms)
			ProcessInitializeOnLoadAttributes (207ms)
			ProcessInitializeOnLoadMethodAttributes (25ms)
			AfterProcessingInitializeOnLoad (1ms)
			EditorAssembliesLoaded (0ms)
		ExecutionOrderSort2 (0ms)
		AwakeInstancesAfterBackupRestoration (2ms)
Refreshing native plugins compatible for Editor in 0.39 ms, found 3 plugins.
Preloading 0 native plugins for Editor in 0.00 ms.
Unloading 0 Unused Serialized files (Serialized files now loaded: 0)
Unloading 3580 unused Assets / (0.8 MB). Loaded Objects now: 4260.
Memory consumption went from 92.8 MB to 92.0 MB.
Total: 4.481208 ms (FindLiveObjects: 0.207416 ms CreateObjectMapping: 0.071375 ms MarkObjects: 3.795875 ms  DeleteObjects: 0.405916 ms)

Prepare: number of updated asset objects reloaded= 0
========================================================================
Received Import Request.
  Time since last request: 577.180961 seconds.
  path: Assets/LocalFightManager.cs
  artifactKey: Guid(323f0bb31ee9c4942a449e677f3392fc) Importer(815301076,1909f56bfc062723c751e8b465ee728b)
Start importing Assets/LocalFightManager.cs using Guid(323f0bb31ee9c4942a449e677f3392fc) Importer(815301076,1909f56bfc062723c751e8b465ee728b) (PreviewImporter) -> (artifact id: '6fabf3cebca88c8a61d37d4abbc640bb') in 0.000855208 seconds
Number of updated asset objects reloaded before import = 0Number of asset objects unloaded after import = 0

========================================================================
Received Import Request.
  Time since last request: 2.476281 seconds.
  path: Assets/MainMenuActions.cs
  artifactKey: Guid(ce91d6a5bdff94e09b2fa063bb9f823d) Importer(815301076,1909f56bfc062723c751e8b465ee728b)
Start importing Assets/MainMenuActions.cs using Guid(ce91d6a5bdff94e09b2fa063bb9f823d) Importer(815301076,1909f56bfc062723c751e8b465ee728b) (PreviewImporter) -> (artifact id: '3298e3c825202f193ce39aa51375f08c') in 0.000252292 seconds
Number of updated asset objects reloaded before import = 0Number of asset objects unloaded after import = 0

========================================================================
Received Import Request.
  Time since last request: 1.273855 seconds.
  path: Assets/InputDeviceManager.cs
  artifactKey: Guid(7b603e5fba6b64803a73b034a8d72a08) Importer(815301076,1909f56bfc062723c751e8b465ee728b)
Start importing Assets/InputDeviceManager.cs using Guid(7b603e5fba6b64803a73b034a8d72a08) Importer(815301076,1909f56bfc062723c751e8b465ee728b) (PreviewImporter) -> (artifact id: '4ef645752b5c818eba710f30cb090700') in 0.000254458 seconds
Number of updated asset objects reloaded before import = 0Number of asset objects unloaded after import = 0

========================================================================
Received Prepare
Script 'CharacterController' has the same name as built-in Unity component.
AddComponent and GetComponent will not work with this script.
OnLevelWasLoaded was found on UserPrefs
This message has been deprecated and will be removed in a later version of Unity.
Add a delegate to SceneManager.sceneLoaded instead to get notifications after scene loading has completed
Refreshing native plugins compatible for Editor in 0.41 ms, found 3 plugins.
Preloading 0 native plugins for Editor in 0.00 ms.
Unloading 0 Unused Serialized files (Serialized files now loaded: 0)
Unloading 3570 unused Assets / (384.6 KB). Loaded Objects now: 4261.
Memory consumption went from 85.5 MB to 85.1 MB.
Total: 4.859417 ms (FindLiveObjects: 0.206709 ms CreateObjectMapping: 0.064833 ms MarkObjects: 4.163875 ms  DeleteObjects: 0.423333 ms)

Prepare: number of updated asset objects reloaded= 0
========================================================================
Received Import Request.
  Time since last request: 21.299598 seconds.
  path: Assets/IUpdateable.cs
  artifactKey: Guid(5b0bd400735634244b2a912b906e746f) Importer(815301076,1909f56bfc062723c751e8b465ee728b)
Start importing Assets/IUpdateable.cs using Guid(5b0bd400735634244b2a912b906e746f) Importer(815301076,1909f56bfc062723c751e8b465ee728b) (PreviewImporter) -> (artifact id: 'b712106b4600c3e1bb26b0159c9c8714') in 0.000315833 seconds
Number of updated asset objects reloaded before import = 0Number of asset objects unloaded after import = 0

========================================================================
Received Prepare
Begin MonoManager ReloadAssembly
[Licensing::Client] Successfully resolved entitlement details
[Licensing::Module] License group:
  Id: SC-Z3YQ-WUSF-P4AN-EAMM-XXXX
  Product: Unity Pro
  Type: ULF
  Expiration: 2026-06-16T00:00:00Z
[Licensing::Module] License group:
  Id: 7972300754960-playvalve-UnityGamesPrXXXX
  Product: Unity Enterprise
  Type: Assigned
  Expiration: 2026-06-10T00:00:00Z
Thread 0x16da9f000 may have been prematurely finalized
- Loaded All Assemblies, in  0.479 seconds
Script 'CharacterController' has the same name as built-in Unity component.
AddComponent and GetComponent will not work with this script.
OnLevelWasLoaded was found on UserPrefs
This message has been deprecated and will be removed in a later version of Unity.
Add a delegate to SceneManager.sceneLoaded instead to get notifications after scene loading has completed
Refreshing native plugins compatible for Editor in 0.33 ms, found 3 plugins.
OnLevelWasLoaded was found on UserPrefs
This message has been deprecated and will be removed in a later version of Unity.
Add a delegate to SceneManager.sceneLoaded instead to get notifications after scene loading has completed
Native extension for OSXStandalone target not found
[Package Manager] Failed to launch server process. Reason: Unity was launched with the -noUpm command-line argument
[Package Manager] Unable to send message (not connected to server process).
[Package Manager] Cannot connect to Unity Package Manager local server
Mono: successfully reloaded assembly
- Finished resetting the current domain, in  0.388 seconds
Domain Reload Profiling: 868ms
	BeginReloadAssembly (197ms)
		ExecutionOrderSort (0ms)
		DisableScriptedObjects (13ms)
		BackupInstance (0ms)
		ReleaseScriptingObjects (0ms)
		CreateAndSetChildDomain (77ms)
	RebuildCommonClasses (27ms)
	RebuildNativeTypeToScriptingClass (9ms)
	initialDomainReloadingComplete (18ms)
	LoadAllAssembliesAndSetupDomain (229ms)
		LoadAssemblies (210ms)
		RebuildTransferFunctionScriptingTraits (0ms)
		AnalyzeDomain (89ms)
			TypeCache.Refresh (9ms)
				TypeCache.ScanAssembly (1ms)
			BuildScriptInfoCaches (74ms)
			ResolveRequiredComponents (3ms)
	FinalizeReload (388ms)
		ReleaseScriptCaches (0ms)
		RebuildScriptCaches (0ms)
		SetupLoadedEditorAssemblies (318ms)
			LogAssemblyErrors (0ms)
			InitializePlatformSupportModulesInManaged (1ms)
			SetLoadedEditorAssemblies (2ms)
			BeforeProcessingInitializeOnLoad (73ms)
			ProcessInitializeOnLoadAttributes (211ms)
			ProcessInitializeOnLoadMethodAttributes (30ms)
			AfterProcessingInitializeOnLoad (1ms)
			EditorAssembliesLoaded (0ms)
		ExecutionOrderSort2 (0ms)
		AwakeInstancesAfterBackupRestoration (2ms)
Refreshing native plugins compatible for Editor in 0.41 ms, found 3 plugins.
Preloading 0 native plugins for Editor in 0.00 ms.
Unloading 0 Unused Serialized files (Serialized files now loaded: 0)
Unloading 3581 unused Assets / (0.7 MB). Loaded Objects now: 4263.
Memory consumption went from 92.7 MB to 92.0 MB.
Total: 4.384542 ms (FindLiveObjects: 0.219833 ms CreateObjectMapping: 0.066250 ms MarkObjects: 3.665334 ms  DeleteObjects: 0.432792 ms)

Prepare: number of updated asset objects reloaded= 0
========================================================================
Received Prepare
Script 'CharacterController' has the same name as built-in Unity component.
AddComponent and GetComponent will not work with this script.
OnLevelWasLoaded was found on UserPrefs
This message has been deprecated and will be removed in a later version of Unity.
Add a delegate to SceneManager.sceneLoaded instead to get notifications after scene loading has completed
Refreshing native plugins compatible for Editor in 0.41 ms, found 3 plugins.
Preloading 0 native plugins for Editor in 0.00 ms.
Unloading 0 Unused Serialized files (Serialized files now loaded: 0)
Unloading 3571 unused Assets / (0.8 MB). Loaded Objects now: 4264.
Memory consumption went from 85.5 MB to 84.7 MB.
Total: 4.625959 ms (FindLiveObjects: 0.182291 ms CreateObjectMapping: 0.067917 ms MarkObjects: 3.913209 ms  DeleteObjects: 0.462000 ms)

Prepare: number of updated asset objects reloaded= 0
========================================================================
Received Prepare
Begin MonoManager ReloadAssembly
Thread 0x16da9f000 may have been prematurely finalized
- Loaded All Assemblies, in  0.430 seconds
Script 'CharacterController' has the same name as built-in Unity component.
AddComponent and GetComponent will not work with this script.
OnLevelWasLoaded was found on UserPrefs
This message has been deprecated and will be removed in a later version of Unity.
Add a delegate to SceneManager.sceneLoaded instead to get notifications after scene loading has completed
Refreshing native plugins compatible for Editor in 0.51 ms, found 3 plugins.
OnLevelWasLoaded was found on UserPrefs
This message has been deprecated and will be removed in a later version of Unity.
Add a delegate to SceneManager.sceneLoaded instead to get notifications after scene loading has completed
Native extension for OSXStandalone target not found
[Package Manager] Failed to launch server process. Reason: Unity was launched with the -noUpm command-line argument
[Package Manager] Unable to send message (not connected to server process).
[Package Manager] Cannot connect to Unity Package Manager local server
Mono: successfully reloaded assembly
- Finished resetting the current domain, in  0.362 seconds
Domain Reload Profiling: 793ms
	BeginReloadAssembly (173ms)
		ExecutionOrderSort (0ms)
		DisableScriptedObjects (26ms)
		BackupInstance (0ms)
		ReleaseScriptingObjects (0ms)
		CreateAndSetChildDomain (65ms)
	RebuildCommonClasses (27ms)
	RebuildNativeTypeToScriptingClass (9ms)
	initialDomainReloadingComplete (17ms)
	LoadAllAssembliesAndSetupDomain (204ms)
		LoadAssemblies (161ms)
		RebuildTransferFunctionScriptingTraits (0ms)
		AnalyzeDomain (85ms)
			TypeCache.Refresh (8ms)
				TypeCache.ScanAssembly (1ms)
			BuildScriptInfoCaches (71ms)
			ResolveRequiredComponents (3ms)
	FinalizeReload (363ms)
		ReleaseScriptCaches (0ms)
		RebuildScriptCaches (0ms)
		SetupLoadedEditorAssemblies (294ms)
			LogAssemblyErrors (0ms)
			InitializePlatformSupportModulesInManaged (1ms)
			SetLoadedEditorAssemblies (2ms)
			BeforeProcessingInitializeOnLoad (67ms)
			ProcessInitializeOnLoadAttributes (195ms)
			ProcessInitializeOnLoadMethodAttributes (28ms)
			AfterProcessingInitializeOnLoad (1ms)
			EditorAssembliesLoaded (0ms)
		ExecutionOrderSort2 (0ms)
		AwakeInstancesAfterBackupRestoration (2ms)
Refreshing native plugins compatible for Editor in 0.35 ms, found 3 plugins.
Preloading 0 native plugins for Editor in 0.00 ms.
Unloading 0 Unused Serialized files (Serialized files now loaded: 0)
Unloading 3582 unused Assets / (0.7 MB). Loaded Objects now: 4266.
Memory consumption went from 92.6 MB to 91.9 MB.
Total: 4.225250 ms (FindLiveObjects: 0.164167 ms CreateObjectMapping: 0.078375 ms MarkObjects: 3.582375 ms  DeleteObjects: 0.399750 ms)

Prepare: number of updated asset objects reloaded= 0
========================================================================
Received Import Request.
  Time since last request: 95.213492 seconds.
  path: Assets/ScriptableObjectUpdater.cs
  artifactKey: Guid(0a4e03a74410f42b3a821493fedbe849) Importer(815301076,1909f56bfc062723c751e8b465ee728b)
Start importing Assets/ScriptableObjectUpdater.cs using Guid(0a4e03a74410f42b3a821493fedbe849) Importer(815301076,1909f56bfc062723c751e8b465ee728b) (PreviewImporter) -> (artifact id: '00000000000000000000000000000000') in 0.000930959 seconds
Import Error Code:(4)
Message: Build asset version error: assets/scriptableobjectupdater.cs in SourceAssetDB has modification time of '2025-08-27T14:17:16Z' while content on disk has modification time of '2025-08-27T14:17:51Z'
  ERROR: Build asset version error: assets/scriptableobjectupdater.cs in SourceAssetDB has modification time of '2025-08-27T14:17:16Z' while content on disk has modification time of '2025-08-27T14:17:51Z'
Number of updated asset objects reloaded before import = 0Number of asset objects unloaded after import = 0

========================================================================
Received Import Request.
  Time since last request: 0.201481 seconds.
  path: Assets/ScriptableObjectUpdater.cs
  artifactKey: Guid(0a4e03a74410f42b3a821493fedbe849) Importer(815301076,1909f56bfc062723c751e8b465ee728b)
Start importing Assets/ScriptableObjectUpdater.cs using Guid(0a4e03a74410f42b3a821493fedbe849) Importer(815301076,1909f56bfc062723c751e8b465ee728b) (PreviewImporter) -> (artifact id: '00000000000000000000000000000000') in 0.000248292 seconds
Import Error Code:(4)
Message: Build asset version error: assets/scriptableobjectupdater.cs in SourceAssetDB has modification time of '2025-08-27T14:17:16Z' while content on disk has modification time of '2025-08-27T14:17:51Z'
  ERROR: Build asset version error: assets/scriptableobjectupdater.cs in SourceAssetDB has modification time of '2025-08-27T14:17:16Z' while content on disk has modification time of '2025-08-27T14:17:51Z'
Number of updated asset objects reloaded before import = 0Number of asset objects unloaded after import = 0

========================================================================
Received Import Request.
  Time since last request: 0.192391 seconds.
  path: Assets/ScriptableObjectUpdater.cs
  artifactKey: Guid(0a4e03a74410f42b3a821493fedbe849) Importer(815301076,1909f56bfc062723c751e8b465ee728b)
Start importing Assets/ScriptableObjectUpdater.cs using Guid(0a4e03a74410f42b3a821493fedbe849) Importer(815301076,1909f56bfc062723c751e8b465ee728b) (PreviewImporter) -> (artifact id: '00000000000000000000000000000000') in 0.000238541 seconds
Import Error Code:(4)
Message: Build asset version error: assets/scriptableobjectupdater.cs in SourceAssetDB has modification time of '2025-08-27T14:17:16Z' while content on disk has modification time of '2025-08-27T14:17:51Z'
  ERROR: Build asset version error: assets/scriptableobjectupdater.cs in SourceAssetDB has modification time of '2025-08-27T14:17:16Z' while content on disk has modification time of '2025-08-27T14:17:51Z'
Number of updated asset objects reloaded before import = 0Number of asset objects unloaded after import = 0

========================================================================
Received Import Request.
  Time since last request: 0.199013 seconds.
  path: Assets/ScriptableObjectUpdater.cs
  artifactKey: Guid(0a4e03a74410f42b3a821493fedbe849) Importer(815301076,1909f56bfc062723c751e8b465ee728b)
Start importing Assets/ScriptableObjectUpdater.cs using Guid(0a4e03a74410f42b3a821493fedbe849) Importer(815301076,1909f56bfc062723c751e8b465ee728b) (PreviewImporter) -> (artifact id: '00000000000000000000000000000000') in 0.000230041 seconds
Import Error Code:(4)
Message: Build asset version error: assets/scriptableobjectupdater.cs in SourceAssetDB has modification time of '2025-08-27T14:17:16Z' while content on disk has modification time of '2025-08-27T14:17:51Z'
  ERROR: Build asset version error: assets/scriptableobjectupdater.cs in SourceAssetDB has modification time of '2025-08-27T14:17:16Z' while content on disk has modification time of '2025-08-27T14:17:51Z'
Number of updated asset objects reloaded before import = 0Number of asset objects unloaded after import = 0

========================================================================
Received Import Request.
  Time since last request: 0.196504 seconds.
  path: Assets/ScriptableObjectUpdater.cs
  artifactKey: Guid(0a4e03a74410f42b3a821493fedbe849) Importer(815301076,1909f56bfc062723c751e8b465ee728b)
Start importing Assets/ScriptableObjectUpdater.cs using Guid(0a4e03a74410f42b3a821493fedbe849) Importer(815301076,1909f56bfc062723c751e8b465ee728b) (PreviewImporter) -> (artifact id: '00000000000000000000000000000000') in 0.000253042 seconds
Import Error Code:(4)
Message: Build asset version error: assets/scriptableobjectupdater.cs in SourceAssetDB has modification time of '2025-08-27T14:17:16Z' while content on disk has modification time of '2025-08-27T14:17:51Z'
  ERROR: Build asset version error: assets/scriptableobjectupdater.cs in SourceAssetDB has modification time of '2025-08-27T14:17:16Z' while content on disk has modification time of '2025-08-27T14:17:51Z'
Number of updated asset objects reloaded before import = 0Number of asset objects unloaded after import = 0

========================================================================
Received Import Request.
  Time since last request: 0.221477 seconds.
  path: Assets/ScriptableObjectUpdater.cs
  artifactKey: Guid(0a4e03a74410f42b3a821493fedbe849) Importer(815301076,1909f56bfc062723c751e8b465ee728b)
Start importing Assets/ScriptableObjectUpdater.cs using Guid(0a4e03a74410f42b3a821493fedbe849) Importer(815301076,1909f56bfc062723c751e8b465ee728b) (PreviewImporter) -> (artifact id: '00000000000000000000000000000000') in 0.000264208 seconds
Import Error Code:(4)
Message: Build asset version error: assets/scriptableobjectupdater.cs in SourceAssetDB has modification time of '2025-08-27T14:17:16Z' while content on disk has modification time of '2025-08-27T14:17:51Z'
  ERROR: Build asset version error: assets/scriptableobjectupdater.cs in SourceAssetDB has modification time of '2025-08-27T14:17:16Z' while content on disk has modification time of '2025-08-27T14:17:51Z'
Number of updated asset objects reloaded before import = 0Number of asset objects unloaded after import = 0

========================================================================
Received Import Request.
  Time since last request: 0.078720 seconds.
  path: Assets/ScriptableObjectUpdater.cs
  artifactKey: Guid(0a4e03a74410f42b3a821493fedbe849) Importer(815301076,1909f56bfc062723c751e8b465ee728b)
Start importing Assets/ScriptableObjectUpdater.cs using Guid(0a4e03a74410f42b3a821493fedbe849) Importer(815301076,1909f56bfc062723c751e8b465ee728b) (PreviewImporter) -> (artifact id: '00000000000000000000000000000000') in 0.000234208 seconds
Import Error Code:(4)
Message: Build asset version error: assets/scriptableobjectupdater.cs in SourceAssetDB has modification time of '2025-08-27T14:17:16Z' while content on disk has modification time of '2025-08-27T14:17:51Z'
  ERROR: Build asset version error: assets/scriptableobjectupdater.cs in SourceAssetDB has modification time of '2025-08-27T14:17:16Z' while content on disk has modification time of '2025-08-27T14:17:51Z'
Number of updated asset objects reloaded before import = 0Number of asset objects unloaded after import = 0

========================================================================
Received Import Request.
  Time since last request: 0.199259 seconds.
  path: Assets/ScriptableObjectUpdater.cs
  artifactKey: Guid(0a4e03a74410f42b3a821493fedbe849) Importer(815301076,1909f56bfc062723c751e8b465ee728b)
Start importing Assets/ScriptableObjectUpdater.cs using Guid(0a4e03a74410f42b3a821493fedbe849) Importer(815301076,1909f56bfc062723c751e8b465ee728b) (PreviewImporter) -> (artifact id: '00000000000000000000000000000000') in 0.000222583 seconds
Import Error Code:(4)
Message: Build asset version error: assets/scriptableobjectupdater.cs in SourceAssetDB has modification time of '2025-08-27T14:17:16Z' while content on disk has modification time of '2025-08-27T14:17:51Z'
  ERROR: Build asset version error: assets/scriptableobjectupdater.cs in SourceAssetDB has modification time of '2025-08-27T14:17:16Z' while content on disk has modification time of '2025-08-27T14:17:51Z'
Number of updated asset objects reloaded before import = 0Number of asset objects unloaded after import = 0

========================================================================
Received Import Request.
  Time since last request: 0.201921 seconds.
  path: Assets/ScriptableObjectUpdater.cs
  artifactKey: Guid(0a4e03a74410f42b3a821493fedbe849) Importer(815301076,1909f56bfc062723c751e8b465ee728b)
Start importing Assets/ScriptableObjectUpdater.cs using Guid(0a4e03a74410f42b3a821493fedbe849) Importer(815301076,1909f56bfc062723c751e8b465ee728b) (PreviewImporter) -> (artifact id: '00000000000000000000000000000000') in 0.000263083 seconds
Import Error Code:(4)
Message: Build asset version error: assets/scriptableobjectupdater.cs in SourceAssetDB has modification time of '2025-08-27T14:17:16Z' while content on disk has modification time of '2025-08-27T14:17:51Z'
  ERROR: Build asset version error: assets/scriptableobjectupdater.cs in SourceAssetDB has modification time of '2025-08-27T14:17:16Z' while content on disk has modification time of '2025-08-27T14:17:51Z'
Number of updated asset objects reloaded before import = 0Number of asset objects unloaded after import = 0

========================================================================
Received Import Request.
  Time since last request: 0.201559 seconds.
  path: Assets/ScriptableObjectUpdater.cs
  artifactKey: Guid(0a4e03a74410f42b3a821493fedbe849) Importer(815301076,1909f56bfc062723c751e8b465ee728b)
Start importing Assets/ScriptableObjectUpdater.cs using Guid(0a4e03a74410f42b3a821493fedbe849) Importer(815301076,1909f56bfc062723c751e8b465ee728b) (PreviewImporter) -> (artifact id: '00000000000000000000000000000000') in 0.000252792 seconds
Import Error Code:(4)
Message: Build asset version error: assets/scriptableobjectupdater.cs in SourceAssetDB has modification time of '2025-08-27T14:17:16Z' while content on disk has modification time of '2025-08-27T14:17:51Z'
  ERROR: Build asset version error: assets/scriptableobjectupdater.cs in SourceAssetDB has modification time of '2025-08-27T14:17:16Z' while content on disk has modification time of '2025-08-27T14:17:51Z'
Number of updated asset objects reloaded before import = 0Number of asset objects unloaded after import = 0

========================================================================
Received Import Request.
  Time since last request: 0.202201 seconds.
  path: Assets/ScriptableObjectUpdater.cs
  artifactKey: Guid(0a4e03a74410f42b3a821493fedbe849) Importer(815301076,1909f56bfc062723c751e8b465ee728b)
Start importing Assets/ScriptableObjectUpdater.cs using Guid(0a4e03a74410f42b3a821493fedbe849) Importer(815301076,1909f56bfc062723c751e8b465ee728b) (PreviewImporter) -> (artifact id: '00000000000000000000000000000000') in 0.000247708 seconds
Import Error Code:(4)
Message: Build asset version error: assets/scriptableobjectupdater.cs in SourceAssetDB has modification time of '2025-08-27T14:17:16Z' while content on disk has modification time of '2025-08-27T14:17:51Z'
  ERROR: Build asset version error: assets/scriptableobjectupdater.cs in SourceAssetDB has modification time of '2025-08-27T14:17:16Z' while content on disk has modification time of '2025-08-27T14:17:51Z'
Number of updated asset objects reloaded before import = 0Number of asset objects unloaded after import = 0

========================================================================
Received Import Request.
  Time since last request: 0.195181 seconds.
  path: Assets/ScriptableObjectUpdater.cs
  artifactKey: Guid(0a4e03a74410f42b3a821493fedbe849) Importer(815301076,1909f56bfc062723c751e8b465ee728b)
Start importing Assets/ScriptableObjectUpdater.cs using Guid(0a4e03a74410f42b3a821493fedbe849) Importer(815301076,1909f56bfc062723c751e8b465ee728b) (PreviewImporter) -> (artifact id: '00000000000000000000000000000000') in 0.000260666 seconds
Import Error Code:(4)
Message: Build asset version error: assets/scriptableobjectupdater.cs in SourceAssetDB has modification time of '2025-08-27T14:17:16Z' while content on disk has modification time of '2025-08-27T14:17:51Z'
  ERROR: Build asset version error: assets/scriptableobjectupdater.cs in SourceAssetDB has modification time of '2025-08-27T14:17:16Z' while content on disk has modification time of '2025-08-27T14:17:51Z'
Number of updated asset objects reloaded before import = 0Number of asset objects unloaded after import = 0

========================================================================
Received Import Request.
  Time since last request: 0.198104 seconds.
  path: Assets/ScriptableObjectUpdater.cs
  artifactKey: Guid(0a4e03a74410f42b3a821493fedbe849) Importer(815301076,1909f56bfc062723c751e8b465ee728b)
Start importing Assets/ScriptableObjectUpdater.cs using Guid(0a4e03a74410f42b3a821493fedbe849) Importer(815301076,1909f56bfc062723c751e8b465ee728b) (PreviewImporter) -> (artifact id: '00000000000000000000000000000000') in 0.000256042 seconds
Import Error Code:(4)
Message: Build asset version error: assets/scriptableobjectupdater.cs in SourceAssetDB has modification time of '2025-08-27T14:17:16Z' while content on disk has modification time of '2025-08-27T14:17:51Z'
  ERROR: Build asset version error: assets/scriptableobjectupdater.cs in SourceAssetDB has modification time of '2025-08-27T14:17:16Z' while content on disk has modification time of '2025-08-27T14:17:51Z'
Number of updated asset objects reloaded before import = 0Number of asset objects unloaded after import = 0

========================================================================
Received Import Request.
  Time since last request: 0.226008 seconds.
  path: Assets/ScriptableObjectUpdater.cs
  artifactKey: Guid(0a4e03a74410f42b3a821493fedbe849) Importer(815301076,1909f56bfc062723c751e8b465ee728b)
Start importing Assets/ScriptableObjectUpdater.cs using Guid(0a4e03a74410f42b3a821493fedbe849) Importer(815301076,1909f56bfc062723c751e8b465ee728b) (PreviewImporter) -> (artifact id: '00000000000000000000000000000000') in 0.000271458 seconds
Import Error Code:(4)
Message: Build asset version error: assets/scriptableobjectupdater.cs in SourceAssetDB has modification time of '2025-08-27T14:17:16Z' while content on disk has modification time of '2025-08-27T14:17:51Z'
  ERROR: Build asset version error: assets/scriptableobjectupdater.cs in SourceAssetDB has modification time of '2025-08-27T14:17:16Z' while content on disk has modification time of '2025-08-27T14:17:51Z'
Number of updated asset objects reloaded before import = 0Number of asset objects unloaded after import = 0

========================================================================
Received Import Request.
  Time since last request: 0.172160 seconds.
  path: Assets/ScriptableObjectUpdater.cs
  artifactKey: Guid(0a4e03a74410f42b3a821493fedbe849) Importer(815301076,1909f56bfc062723c751e8b465ee728b)
Start importing Assets/ScriptableObjectUpdater.cs using Guid(0a4e03a74410f42b3a821493fedbe849) Importer(815301076,1909f56bfc062723c751e8b465ee728b) (PreviewImporter) -> (artifact id: '00000000000000000000000000000000') in 0.000235042 seconds
Import Error Code:(4)
Message: Build asset version error: assets/scriptableobjectupdater.cs in SourceAssetDB has modification time of '2025-08-27T14:17:16Z' while content on disk has modification time of '2025-08-27T14:17:51Z'
  ERROR: Build asset version error: assets/scriptableobjectupdater.cs in SourceAssetDB has modification time of '2025-08-27T14:17:16Z' while content on disk has modification time of '2025-08-27T14:17:51Z'
Number of updated asset objects reloaded before import = 0Number of asset objects unloaded after import = 0

========================================================================
Received Import Request.
  Time since last request: 0.104529 seconds.
  path: Assets/ScriptableObjectUpdater.cs
  artifactKey: Guid(0a4e03a74410f42b3a821493fedbe849) Importer(815301076,1909f56bfc062723c751e8b465ee728b)
Start importing Assets/ScriptableObjectUpdater.cs using Guid(0a4e03a74410f42b3a821493fedbe849) Importer(815301076,1909f56bfc062723c751e8b465ee728b) (PreviewImporter) -> (artifact id: '00000000000000000000000000000000') in 0.000234084 seconds
Import Error Code:(4)
Message: Build asset version error: assets/scriptableobjectupdater.cs in SourceAssetDB has modification time of '2025-08-27T14:17:16Z' while content on disk has modification time of '2025-08-27T14:17:51Z'
  ERROR: Build asset version error: assets/scriptableobjectupdater.cs in SourceAssetDB has modification time of '2025-08-27T14:17:16Z' while content on disk has modification time of '2025-08-27T14:17:51Z'
Number of updated asset objects reloaded before import = 0Number of asset objects unloaded after import = 0

========================================================================
Received Import Request.
  Time since last request: 0.191957 seconds.
  path: Assets/ScriptableObjectUpdater.cs
  artifactKey: Guid(0a4e03a74410f42b3a821493fedbe849) Importer(815301076,1909f56bfc062723c751e8b465ee728b)
Start importing Assets/ScriptableObjectUpdater.cs using Guid(0a4e03a74410f42b3a821493fedbe849) Importer(815301076,1909f56bfc062723c751e8b465ee728b) (PreviewImporter) -> (artifact id: '00000000000000000000000000000000') in 0.000241417 seconds
Import Error Code:(4)
Message: Build asset version error: assets/scriptableobjectupdater.cs in SourceAssetDB has modification time of '2025-08-27T14:17:16Z' while content on disk has modification time of '2025-08-27T14:17:51Z'
  ERROR: Build asset version error: assets/scriptableobjectupdater.cs in SourceAssetDB has modification time of '2025-08-27T14:17:16Z' while content on disk has modification time of '2025-08-27T14:17:51Z'
Number of updated asset objects reloaded before import = 0Number of asset objects unloaded after import = 0

========================================================================
Received Import Request.
  Time since last request: 0.105061 seconds.
  path: Assets/ScriptableObjectUpdater.cs
  artifactKey: Guid(0a4e03a74410f42b3a821493fedbe849) Importer(815301076,1909f56bfc062723c751e8b465ee728b)
Start importing Assets/ScriptableObjectUpdater.cs using Guid(0a4e03a74410f42b3a821493fedbe849) Importer(815301076,1909f56bfc062723c751e8b465ee728b) (PreviewImporter) -> (artifact id: '00000000000000000000000000000000') in 0.000233459 seconds
Import Error Code:(4)
Message: Build asset version error: assets/scriptableobjectupdater.cs in SourceAssetDB has modification time of '2025-08-27T14:17:16Z' while content on disk has modification time of '2025-08-27T14:17:51Z'
  ERROR: Build asset version error: assets/scriptableobjectupdater.cs in SourceAssetDB has modification time of '2025-08-27T14:17:16Z' while content on disk has modification time of '2025-08-27T14:17:51Z'
Number of updated asset objects reloaded before import = 0Number of asset objects unloaded after import = 0

========================================================================
Received Import Request.
  Time since last request: 0.198340 seconds.
  path: Assets/ScriptableObjectUpdater.cs
  artifactKey: Guid(0a4e03a74410f42b3a821493fedbe849) Importer(815301076,1909f56bfc062723c751e8b465ee728b)
Start importing Assets/ScriptableObjectUpdater.cs using Guid(0a4e03a74410f42b3a821493fedbe849) Importer(815301076,1909f56bfc062723c751e8b465ee728b) (PreviewImporter) -> (artifact id: '00000000000000000000000000000000') in 0.000246 seconds
Import Error Code:(4)
Message: Build asset version error: assets/scriptableobjectupdater.cs in SourceAssetDB has modification time of '2025-08-27T14:17:16Z' while content on disk has modification time of '2025-08-27T14:17:51Z'
  ERROR: Build asset version error: assets/scriptableobjectupdater.cs in SourceAssetDB has modification time of '2025-08-27T14:17:16Z' while content on disk has modification time of '2025-08-27T14:17:51Z'
Number of updated asset objects reloaded before import = 0Number of asset objects unloaded after import = 0

========================================================================
Received Import Request.
  Time since last request: 0.201978 seconds.
  path: Assets/ScriptableObjectUpdater.cs
  artifactKey: Guid(0a4e03a74410f42b3a821493fedbe849) Importer(815301076,1909f56bfc062723c751e8b465ee728b)
Start importing Assets/ScriptableObjectUpdater.cs using Guid(0a4e03a74410f42b3a821493fedbe849) Importer(815301076,1909f56bfc062723c751e8b465ee728b) (PreviewImporter) -> (artifact id: '00000000000000000000000000000000') in 0.000247667 seconds
Import Error Code:(4)
Message: Build asset version error: assets/scriptableobjectupdater.cs in SourceAssetDB has modification time of '2025-08-27T14:17:16Z' while content on disk has modification time of '2025-08-27T14:17:51Z'
  ERROR: Build asset version error: assets/scriptableobjectupdater.cs in SourceAssetDB has modification time of '2025-08-27T14:17:16Z' while content on disk has modification time of '2025-08-27T14:17:51Z'
Number of updated asset objects reloaded before import = 0Number of asset objects unloaded after import = 0

========================================================================
Received Import Request.
  Time since last request: 0.200087 seconds.
  path: Assets/ScriptableObjectUpdater.cs
  artifactKey: Guid(0a4e03a74410f42b3a821493fedbe849) Importer(815301076,1909f56bfc062723c751e8b465ee728b)
Start importing Assets/ScriptableObjectUpdater.cs using Guid(0a4e03a74410f42b3a821493fedbe849) Importer(815301076,1909f56bfc062723c751e8b465ee728b) (PreviewImporter) -> (artifact id: '00000000000000000000000000000000') in 0.000263959 seconds
Import Error Code:(4)
Message: Build asset version error: assets/scriptableobjectupdater.cs in SourceAssetDB has modification time of '2025-08-27T14:17:16Z' while content on disk has modification time of '2025-08-27T14:17:51Z'
  ERROR: Build asset version error: assets/scriptableobjectupdater.cs in SourceAssetDB has modification time of '2025-08-27T14:17:16Z' while content on disk has modification time of '2025-08-27T14:17:51Z'
Number of updated asset objects reloaded before import = 0Number of asset objects unloaded after import = 0

========================================================================
Received Import Request.
  Time since last request: 0.238166 seconds.
  path: Assets/ScriptableObjectUpdater.cs
  artifactKey: Guid(0a4e03a74410f42b3a821493fedbe849) Importer(815301076,1909f56bfc062723c751e8b465ee728b)
Start importing Assets/ScriptableObjectUpdater.cs using Guid(0a4e03a74410f42b3a821493fedbe849) Importer(815301076,1909f56bfc062723c751e8b465ee728b) (PreviewImporter) -> (artifact id: '00000000000000000000000000000000') in 0.000263625 seconds
Import Error Code:(4)
Message: Build asset version error: assets/scriptableobjectupdater.cs in SourceAssetDB has modification time of '2025-08-27T14:17:16Z' while content on disk has modification time of '2025-08-27T14:17:51Z'
  ERROR: Build asset version error: assets/scriptableobjectupdater.cs in SourceAssetDB has modification time of '2025-08-27T14:17:16Z' while content on disk has modification time of '2025-08-27T14:17:51Z'
Number of updated asset objects reloaded before import = 0Number of asset objects unloaded after import = 0

========================================================================
Received Import Request.
  Time since last request: 0.063997 seconds.
  path: Assets/ScriptableObjectUpdater.cs
  artifactKey: Guid(0a4e03a74410f42b3a821493fedbe849) Importer(815301076,1909f56bfc062723c751e8b465ee728b)
Start importing Assets/ScriptableObjectUpdater.cs using Guid(0a4e03a74410f42b3a821493fedbe849) Importer(815301076,1909f56bfc062723c751e8b465ee728b) (PreviewImporter) -> (artifact id: '00000000000000000000000000000000') in 0.000244334 seconds
Import Error Code:(4)
Message: Build asset version error: assets/scriptableobjectupdater.cs in SourceAssetDB has modification time of '2025-08-27T14:17:16Z' while content on disk has modification time of '2025-08-27T14:17:51Z'
  ERROR: Build asset version error: assets/scriptableobjectupdater.cs in SourceAssetDB has modification time of '2025-08-27T14:17:16Z' while content on disk has modification time of '2025-08-27T14:17:51Z'
Number of updated asset objects reloaded before import = 0Number of asset objects unloaded after import = 0

========================================================================
Received Import Request.
  Time since last request: 0.200534 seconds.
  path: Assets/ScriptableObjectUpdater.cs
  artifactKey: Guid(0a4e03a74410f42b3a821493fedbe849) Importer(815301076,1909f56bfc062723c751e8b465ee728b)
Start importing Assets/ScriptableObjectUpdater.cs using Guid(0a4e03a74410f42b3a821493fedbe849) Importer(815301076,1909f56bfc062723c751e8b465ee728b) (PreviewImporter) -> (artifact id: '00000000000000000000000000000000') in 0.000229833 seconds
Import Error Code:(4)
Message: Build asset version error: assets/scriptableobjectupdater.cs in SourceAssetDB has modification time of '2025-08-27T14:17:16Z' while content on disk has modification time of '2025-08-27T14:17:51Z'
  ERROR: Build asset version error: assets/scriptableobjectupdater.cs in SourceAssetDB has modification time of '2025-08-27T14:17:16Z' while content on disk has modification time of '2025-08-27T14:17:51Z'
Number of updated asset objects reloaded before import = 0Number of asset objects unloaded after import = 0

========================================================================
Received Import Request.
  Time since last request: 0.090805 seconds.
  path: Assets/ScriptableObjectUpdater.cs
  artifactKey: Guid(0a4e03a74410f42b3a821493fedbe849) Importer(815301076,1909f56bfc062723c751e8b465ee728b)
Start importing Assets/ScriptableObjectUpdater.cs using Guid(0a4e03a74410f42b3a821493fedbe849) Importer(815301076,1909f56bfc062723c751e8b465ee728b) (PreviewImporter) -> (artifact id: '00000000000000000000000000000000') in 0.000218 seconds
Import Error Code:(4)
Message: Build asset version error: assets/scriptableobjectupdater.cs in SourceAssetDB has modification time of '2025-08-27T14:17:16Z' while content on disk has modification time of '2025-08-27T14:17:51Z'
  ERROR: Build asset version error: assets/scriptableobjectupdater.cs in SourceAssetDB has modification time of '2025-08-27T14:17:16Z' while content on disk has modification time of '2025-08-27T14:17:51Z'
Number of updated asset objects reloaded before import = 0Number of asset objects unloaded after import = 0

========================================================================
Received Import Request.
  Time since last request: 0.193707 seconds.
  path: Assets/ScriptableObjectUpdater.cs
  artifactKey: Guid(0a4e03a74410f42b3a821493fedbe849) Importer(815301076,1909f56bfc062723c751e8b465ee728b)
Start importing Assets/ScriptableObjectUpdater.cs using Guid(0a4e03a74410f42b3a821493fedbe849) Importer(815301076,1909f56bfc062723c751e8b465ee728b) (PreviewImporter) -> (artifact id: '00000000000000000000000000000000') in 0.000223709 seconds
Import Error Code:(4)
Message: Build asset version error: assets/scriptableobjectupdater.cs in SourceAssetDB has modification time of '2025-08-27T14:17:16Z' while content on disk has modification time of '2025-08-27T14:17:51Z'
  ERROR: Build asset version error: assets/scriptableobjectupdater.cs in SourceAssetDB has modification time of '2025-08-27T14:17:16Z' while content on disk has modification time of '2025-08-27T14:17:51Z'
Number of updated asset objects reloaded before import = 0Number of asset objects unloaded after import = 0

========================================================================
Received Import Request.
  Time since last request: 0.205557 seconds.
  path: Assets/ScriptableObjectUpdater.cs
  artifactKey: Guid(0a4e03a74410f42b3a821493fedbe849) Importer(815301076,1909f56bfc062723c751e8b465ee728b)
Start importing Assets/ScriptableObjectUpdater.cs using Guid(0a4e03a74410f42b3a821493fedbe849) Importer(815301076,1909f56bfc062723c751e8b465ee728b) (PreviewImporter) -> (artifact id: '00000000000000000000000000000000') in 0.000225291 seconds
Import Error Code:(4)
Message: Build asset version error: assets/scriptableobjectupdater.cs in SourceAssetDB has modification time of '2025-08-27T14:17:16Z' while content on disk has modification time of '2025-08-27T14:17:51Z'
  ERROR: Build asset version error: assets/scriptableobjectupdater.cs in SourceAssetDB has modification time of '2025-08-27T14:17:16Z' while content on disk has modification time of '2025-08-27T14:17:51Z'
Number of updated asset objects reloaded before import = 0Number of asset objects unloaded after import = 0

========================================================================
Received Import Request.
  Time since last request: 0.208272 seconds.
  path: Assets/ScriptableObjectUpdater.cs
  artifactKey: Guid(0a4e03a74410f42b3a821493fedbe849) Importer(815301076,1909f56bfc062723c751e8b465ee728b)
Start importing Assets/ScriptableObjectUpdater.cs using Guid(0a4e03a74410f42b3a821493fedbe849) Importer(815301076,1909f56bfc062723c751e8b465ee728b) (PreviewImporter) -> (artifact id: '00000000000000000000000000000000') in 0.000220959 seconds
Import Error Code:(4)
Message: Build asset version error: assets/scriptableobjectupdater.cs in SourceAssetDB has modification time of '2025-08-27T14:17:16Z' while content on disk has modification time of '2025-08-27T14:17:51Z'
  ERROR: Build asset version error: assets/scriptableobjectupdater.cs in SourceAssetDB has modification time of '2025-08-27T14:17:16Z' while content on disk has modification time of '2025-08-27T14:17:51Z'
Number of updated asset objects reloaded before import = 0Number of asset objects unloaded after import = 0

========================================================================
Received Import Request.
  Time since last request: 0.188702 seconds.
  path: Assets/ScriptableObjectUpdater.cs
  artifactKey: Guid(0a4e03a74410f42b3a821493fedbe849) Importer(815301076,1909f56bfc062723c751e8b465ee728b)
Start importing Assets/ScriptableObjectUpdater.cs using Guid(0a4e03a74410f42b3a821493fedbe849) Importer(815301076,1909f56bfc062723c751e8b465ee728b) (PreviewImporter) -> (artifact id: '00000000000000000000000000000000') in 0.000238125 seconds
Import Error Code:(4)
Message: Build asset version error: assets/scriptableobjectupdater.cs in SourceAssetDB has modification time of '2025-08-27T14:17:16Z' while content on disk has modification time of '2025-08-27T14:17:51Z'
  ERROR: Build asset version error: assets/scriptableobjectupdater.cs in SourceAssetDB has modification time of '2025-08-27T14:17:16Z' while content on disk has modification time of '2025-08-27T14:17:51Z'
Number of updated asset objects reloaded before import = 0Number of asset objects unloaded after import = 0

========================================================================
Received Import Request.
  Time since last request: 0.201752 seconds.
  path: Assets/ScriptableObjectUpdater.cs
  artifactKey: Guid(0a4e03a74410f42b3a821493fedbe849) Importer(815301076,1909f56bfc062723c751e8b465ee728b)
Start importing Assets/ScriptableObjectUpdater.cs using Guid(0a4e03a74410f42b3a821493fedbe849) Importer(815301076,1909f56bfc062723c751e8b465ee728b) (PreviewImporter) -> (artifact id: '00000000000000000000000000000000') in 0.000213334 seconds
Import Error Code:(4)
Message: Build asset version error: assets/scriptableobjectupdater.cs in SourceAssetDB has modification time of '2025-08-27T14:17:16Z' while content on disk has modification time of '2025-08-27T14:17:51Z'
  ERROR: Build asset version error: assets/scriptableobjectupdater.cs in SourceAssetDB has modification time of '2025-08-27T14:17:16Z' while content on disk has modification time of '2025-08-27T14:17:51Z'
Number of updated asset objects reloaded before import = 0Number of asset objects unloaded after import = 0

========================================================================
Received Import Request.
  Time since last request: 0.196855 seconds.
  path: Assets/ScriptableObjectUpdater.cs
  artifactKey: Guid(0a4e03a74410f42b3a821493fedbe849) Importer(815301076,1909f56bfc062723c751e8b465ee728b)
Start importing Assets/ScriptableObjectUpdater.cs using Guid(0a4e03a74410f42b3a821493fedbe849) Importer(815301076,1909f56bfc062723c751e8b465ee728b) (PreviewImporter) -> (artifact id: '00000000000000000000000000000000') in 0.000231125 seconds
Import Error Code:(4)
Message: Build asset version error: assets/scriptableobjectupdater.cs in SourceAssetDB has modification time of '2025-08-27T14:17:16Z' while content on disk has modification time of '2025-08-27T14:17:51Z'
  ERROR: Build asset version error: assets/scriptableobjectupdater.cs in SourceAssetDB has modification time of '2025-08-27T14:17:16Z' while content on disk has modification time of '2025-08-27T14:17:51Z'
Number of updated asset objects reloaded before import = 0Number of asset objects unloaded after import = 0

========================================================================
Received Import Request.
  Time since last request: 0.196890 seconds.
  path: Assets/ScriptableObjectUpdater.cs
  artifactKey: Guid(0a4e03a74410f42b3a821493fedbe849) Importer(815301076,1909f56bfc062723c751e8b465ee728b)
Start importing Assets/ScriptableObjectUpdater.cs using Guid(0a4e03a74410f42b3a821493fedbe849) Importer(815301076,1909f56bfc062723c751e8b465ee728b) (PreviewImporter) -> (artifact id: '00000000000000000000000000000000') in 0.000194292 seconds
Import Error Code:(4)
Message: Build asset version error: assets/scriptableobjectupdater.cs in SourceAssetDB has modification time of '2025-08-27T14:17:16Z' while content on disk has modification time of '2025-08-27T14:17:51Z'
  ERROR: Build asset version error: assets/scriptableobjectupdater.cs in SourceAssetDB has modification time of '2025-08-27T14:17:16Z' while content on disk has modification time of '2025-08-27T14:17:51Z'
Number of updated asset objects reloaded before import = 0Number of asset objects unloaded after import = 0

========================================================================
Received Import Request.
  Time since last request: 0.201080 seconds.
  path: Assets/ScriptableObjectUpdater.cs
  artifactKey: Guid(0a4e03a74410f42b3a821493fedbe849) Importer(815301076,1909f56bfc062723c751e8b465ee728b)
Start importing Assets/ScriptableObjectUpdater.cs using Guid(0a4e03a74410f42b3a821493fedbe849) Importer(815301076,1909f56bfc062723c751e8b465ee728b) (PreviewImporter) -> (artifact id: '00000000000000000000000000000000') in 0.000224958 seconds
Import Error Code:(4)
Message: Build asset version error: assets/scriptableobjectupdater.cs in SourceAssetDB has modification time of '2025-08-27T14:17:16Z' while content on disk has modification time of '2025-08-27T14:17:51Z'
  ERROR: Build asset version error: assets/scriptableobjectupdater.cs in SourceAssetDB has modification time of '2025-08-27T14:17:16Z' while content on disk has modification time of '2025-08-27T14:17:51Z'
Number of updated asset objects reloaded before import = 0Number of asset objects unloaded after import = 0

========================================================================
Received Import Request.
  Time since last request: 0.198030 seconds.
  path: Assets/ScriptableObjectUpdater.cs
  artifactKey: Guid(0a4e03a74410f42b3a821493fedbe849) Importer(815301076,1909f56bfc062723c751e8b465ee728b)
Start importing Assets/ScriptableObjectUpdater.cs using Guid(0a4e03a74410f42b3a821493fedbe849) Importer(815301076,1909f56bfc062723c751e8b465ee728b) (PreviewImporter) -> (artifact id: '00000000000000000000000000000000') in 0.000230833 seconds
Import Error Code:(4)
Message: Build asset version error: assets/scriptableobjectupdater.cs in SourceAssetDB has modification time of '2025-08-27T14:17:16Z' while content on disk has modification time of '2025-08-27T14:17:51Z'
  ERROR: Build asset version error: assets/scriptableobjectupdater.cs in SourceAssetDB has modification time of '2025-08-27T14:17:16Z' while content on disk has modification time of '2025-08-27T14:17:51Z'
Number of updated asset objects reloaded before import = 0Number of asset objects unloaded after import = 0

========================================================================
Received Import Request.
  Time since last request: 0.202379 seconds.
  path: Assets/ScriptableObjectUpdater.cs
  artifactKey: Guid(0a4e03a74410f42b3a821493fedbe849) Importer(815301076,1909f56bfc062723c751e8b465ee728b)
Start importing Assets/ScriptableObjectUpdater.cs using Guid(0a4e03a74410f42b3a821493fedbe849) Importer(815301076,1909f56bfc062723c751e8b465ee728b) (PreviewImporter) -> (artifact id: '00000000000000000000000000000000') in 0.000216042 seconds
Import Error Code:(4)
Message: Build asset version error: assets/scriptableobjectupdater.cs in SourceAssetDB has modification time of '2025-08-27T14:17:16Z' while content on disk has modification time of '2025-08-27T14:17:51Z'
  ERROR: Build asset version error: assets/scriptableobjectupdater.cs in SourceAssetDB has modification time of '2025-08-27T14:17:16Z' while content on disk has modification time of '2025-08-27T14:17:51Z'
Number of updated asset objects reloaded before import = 0Number of asset objects unloaded after import = 0

========================================================================
Received Import Request.
  Time since last request: 0.198797 seconds.
  path: Assets/ScriptableObjectUpdater.cs
  artifactKey: Guid(0a4e03a74410f42b3a821493fedbe849) Importer(815301076,1909f56bfc062723c751e8b465ee728b)
Start importing Assets/ScriptableObjectUpdater.cs using Guid(0a4e03a74410f42b3a821493fedbe849) Importer(815301076,1909f56bfc062723c751e8b465ee728b) (PreviewImporter) -> (artifact id: '00000000000000000000000000000000') in 0.000224792 seconds
Import Error Code:(4)
Message: Build asset version error: assets/scriptableobjectupdater.cs in SourceAssetDB has modification time of '2025-08-27T14:17:16Z' while content on disk has modification time of '2025-08-27T14:17:51Z'
  ERROR: Build asset version error: assets/scriptableobjectupdater.cs in SourceAssetDB has modification time of '2025-08-27T14:17:16Z' while content on disk has modification time of '2025-08-27T14:17:51Z'
Number of updated asset objects reloaded before import = 0Number of asset objects unloaded after import = 0

========================================================================
Received Import Request.
  Time since last request: 0.101083 seconds.
  path: Assets/ScriptableObjectUpdater.cs
  artifactKey: Guid(0a4e03a74410f42b3a821493fedbe849) Importer(815301076,1909f56bfc062723c751e8b465ee728b)
Start importing Assets/ScriptableObjectUpdater.cs using Guid(0a4e03a74410f42b3a821493fedbe849) Importer(815301076,1909f56bfc062723c751e8b465ee728b) (PreviewImporter) -> (artifact id: '00000000000000000000000000000000') in 0.000221625 seconds
Import Error Code:(4)
Message: Build asset version error: assets/scriptableobjectupdater.cs in SourceAssetDB has modification time of '2025-08-27T14:17:16Z' while content on disk has modification time of '2025-08-27T14:17:51Z'
  ERROR: Build asset version error: assets/scriptableobjectupdater.cs in SourceAssetDB has modification time of '2025-08-27T14:17:16Z' while content on disk has modification time of '2025-08-27T14:17:51Z'
Number of updated asset objects reloaded before import = 0Number of asset objects unloaded after import = 0

========================================================================
Received Import Request.
  Time since last request: 0.095459 seconds.
  path: Assets/ScriptableObjectUpdater.cs
  artifactKey: Guid(0a4e03a74410f42b3a821493fedbe849) Importer(815301076,1909f56bfc062723c751e8b465ee728b)
Start importing Assets/ScriptableObjectUpdater.cs using Guid(0a4e03a74410f42b3a821493fedbe849) Importer(815301076,1909f56bfc062723c751e8b465ee728b) (PreviewImporter) -> (artifact id: '00000000000000000000000000000000') in 0.0002255 seconds
Import Error Code:(4)
Message: Build asset version error: assets/scriptableobjectupdater.cs in SourceAssetDB has modification time of '2025-08-27T14:17:16Z' while content on disk has modification time of '2025-08-27T14:17:51Z'
  ERROR: Build asset version error: assets/scriptableobjectupdater.cs in SourceAssetDB has modification time of '2025-08-27T14:17:16Z' while content on disk has modification time of '2025-08-27T14:17:51Z'
Number of updated asset objects reloaded before import = 0Number of asset objects unloaded after import = 0

========================================================================
Received Import Request.
  Time since last request: 0.196877 seconds.
  path: Assets/ScriptableObjectUpdater.cs
  artifactKey: Guid(0a4e03a74410f42b3a821493fedbe849) Importer(815301076,1909f56bfc062723c751e8b465ee728b)
Start importing Assets/ScriptableObjectUpdater.cs using Guid(0a4e03a74410f42b3a821493fedbe849) Importer(815301076,1909f56bfc062723c751e8b465ee728b) (PreviewImporter) -> (artifact id: '00000000000000000000000000000000') in 0.000259625 seconds
Import Error Code:(4)
Message: Build asset version error: assets/scriptableobjectupdater.cs in SourceAssetDB has modification time of '2025-08-27T14:17:16Z' while content on disk has modification time of '2025-08-27T14:17:51Z'
  ERROR: Build asset version error: assets/scriptableobjectupdater.cs in SourceAssetDB has modification time of '2025-08-27T14:17:16Z' while content on disk has modification time of '2025-08-27T14:17:51Z'
Number of updated asset objects reloaded before import = 0Number of asset objects unloaded after import = 0

========================================================================
Received Import Request.
  Time since last request: 0.202562 seconds.
  path: Assets/ScriptableObjectUpdater.cs
  artifactKey: Guid(0a4e03a74410f42b3a821493fedbe849) Importer(815301076,1909f56bfc062723c751e8b465ee728b)
Start importing Assets/ScriptableObjectUpdater.cs using Guid(0a4e03a74410f42b3a821493fedbe849) Importer(815301076,1909f56bfc062723c751e8b465ee728b) (PreviewImporter) -> (artifact id: '00000000000000000000000000000000') in 0.000221667 seconds
Import Error Code:(4)
Message: Build asset version error: assets/scriptableobjectupdater.cs in SourceAssetDB has modification time of '2025-08-27T14:17:16Z' while content on disk has modification time of '2025-08-27T14:17:51Z'
  ERROR: Build asset version error: assets/scriptableobjectupdater.cs in SourceAssetDB has modification time of '2025-08-27T14:17:16Z' while content on disk has modification time of '2025-08-27T14:17:51Z'
Number of updated asset objects reloaded before import = 0Number of asset objects unloaded after import = 0

========================================================================
Received Import Request.
  Time since last request: 0.105248 seconds.
  path: Assets/ScriptableObjectUpdater.cs
  artifactKey: Guid(0a4e03a74410f42b3a821493fedbe849) Importer(815301076,1909f56bfc062723c751e8b465ee728b)
Start importing Assets/ScriptableObjectUpdater.cs using Guid(0a4e03a74410f42b3a821493fedbe849) Importer(815301076,1909f56bfc062723c751e8b465ee728b) (PreviewImporter) -> (artifact id: '00000000000000000000000000000000') in 0.00021175 seconds
Import Error Code:(4)
Message: Build asset version error: assets/scriptableobjectupdater.cs in SourceAssetDB has modification time of '2025-08-27T14:17:16Z' while content on disk has modification time of '2025-08-27T14:17:51Z'
  ERROR: Build asset version error: assets/scriptableobjectupdater.cs in SourceAssetDB has modification time of '2025-08-27T14:17:16Z' while content on disk has modification time of '2025-08-27T14:17:51Z'
Number of updated asset objects reloaded before import = 0Number of asset objects unloaded after import = 0

========================================================================
Received Import Request.
  Time since last request: 0.091734 seconds.
  path: Assets/ScriptableObjectUpdater.cs
  artifactKey: Guid(0a4e03a74410f42b3a821493fedbe849) Importer(815301076,1909f56bfc062723c751e8b465ee728b)
Start importing Assets/ScriptableObjectUpdater.cs using Guid(0a4e03a74410f42b3a821493fedbe849) Importer(815301076,1909f56bfc062723c751e8b465ee728b) (PreviewImporter) -> (artifact id: '00000000000000000000000000000000') in 0.000208292 seconds
Import Error Code:(4)
Message: Build asset version error: assets/scriptableobjectupdater.cs in SourceAssetDB has modification time of '2025-08-27T14:17:16Z' while content on disk has modification time of '2025-08-27T14:17:51Z'
  ERROR: Build asset version error: assets/scriptableobjectupdater.cs in SourceAssetDB has modification time of '2025-08-27T14:17:16Z' while content on disk has modification time of '2025-08-27T14:17:51Z'
Number of updated asset objects reloaded before import = 0Number of asset objects unloaded after import = 0

========================================================================
Received Import Request.
  Time since last request: 0.103281 seconds.
  path: Assets/ScriptableObjectUpdater.cs
  artifactKey: Guid(0a4e03a74410f42b3a821493fedbe849) Importer(815301076,1909f56bfc062723c751e8b465ee728b)
Start importing Assets/ScriptableObjectUpdater.cs using Guid(0a4e03a74410f42b3a821493fedbe849) Importer(815301076,1909f56bfc062723c751e8b465ee728b) (PreviewImporter) -> (artifact id: '00000000000000000000000000000000') in 0.000228667 seconds
Import Error Code:(4)
Message: Build asset version error: assets/scriptableobjectupdater.cs in SourceAssetDB has modification time of '2025-08-27T14:17:16Z' while content on disk has modification time of '2025-08-27T14:17:51Z'
  ERROR: Build asset version error: assets/scriptableobjectupdater.cs in SourceAssetDB has modification time of '2025-08-27T14:17:16Z' while content on disk has modification time of '2025-08-27T14:17:51Z'
Number of updated asset objects reloaded before import = 0Number of asset objects unloaded after import = 0

========================================================================
Received Import Request.
  Time since last request: 0.197039 seconds.
  path: Assets/ScriptableObjectUpdater.cs
  artifactKey: Guid(0a4e03a74410f42b3a821493fedbe849) Importer(815301076,1909f56bfc062723c751e8b465ee728b)
Start importing Assets/ScriptableObjectUpdater.cs using Guid(0a4e03a74410f42b3a821493fedbe849) Importer(815301076,1909f56bfc062723c751e8b465ee728b) (PreviewImporter) -> (artifact id: '00000000000000000000000000000000') in 0.000231083 seconds
Import Error Code:(4)
Message: Build asset version error: assets/scriptableobjectupdater.cs in SourceAssetDB has modification time of '2025-08-27T14:17:16Z' while content on disk has modification time of '2025-08-27T14:17:51Z'
  ERROR: Build asset version error: assets/scriptableobjectupdater.cs in SourceAssetDB has modification time of '2025-08-27T14:17:16Z' while content on disk has modification time of '2025-08-27T14:17:51Z'
Number of updated asset objects reloaded before import = 0Number of asset objects unloaded after import = 0

========================================================================
Received Import Request.
  Time since last request: 0.107033 seconds.
  path: Assets/ScriptableObjectUpdater.cs
  artifactKey: Guid(0a4e03a74410f42b3a821493fedbe849) Importer(815301076,1909f56bfc062723c751e8b465ee728b)
Start importing Assets/ScriptableObjectUpdater.cs using Guid(0a4e03a74410f42b3a821493fedbe849) Importer(815301076,1909f56bfc062723c751e8b465ee728b) (PreviewImporter) -> (artifact id: '00000000000000000000000000000000') in 0.000233541 seconds
Import Error Code:(4)
Message: Build asset version error: assets/scriptableobjectupdater.cs in SourceAssetDB has modification time of '2025-08-27T14:17:16Z' while content on disk has modification time of '2025-08-27T14:17:51Z'
  ERROR: Build asset version error: assets/scriptableobjectupdater.cs in SourceAssetDB has modification time of '2025-08-27T14:17:16Z' while content on disk has modification time of '2025-08-27T14:17:51Z'
Number of updated asset objects reloaded before import = 0Number of asset objects unloaded after import = 0

========================================================================
Received Import Request.
  Time since last request: 0.100808 seconds.
  path: Assets/ScriptableObjectUpdater.cs
  artifactKey: Guid(0a4e03a74410f42b3a821493fedbe849) Importer(815301076,1909f56bfc062723c751e8b465ee728b)
Start importing Assets/ScriptableObjectUpdater.cs using Guid(0a4e03a74410f42b3a821493fedbe849) Importer(815301076,1909f56bfc062723c751e8b465ee728b) (PreviewImporter) -> (artifact id: '00000000000000000000000000000000') in 0.000218458 seconds
Import Error Code:(4)
Message: Build asset version error: assets/scriptableobjectupdater.cs in SourceAssetDB has modification time of '2025-08-27T14:17:16Z' while content on disk has modification time of '2025-08-27T14:17:51Z'
  ERROR: Build asset version error: assets/scriptableobjectupdater.cs in SourceAssetDB has modification time of '2025-08-27T14:17:16Z' while content on disk has modification time of '2025-08-27T14:17:51Z'
Number of updated asset objects reloaded before import = 0Number of asset objects unloaded after import = 0

========================================================================
Received Import Request.
  Time since last request: 0.192626 seconds.
  path: Assets/ScriptableObjectUpdater.cs
  artifactKey: Guid(0a4e03a74410f42b3a821493fedbe849) Importer(815301076,1909f56bfc062723c751e8b465ee728b)
Start importing Assets/ScriptableObjectUpdater.cs using Guid(0a4e03a74410f42b3a821493fedbe849) Importer(815301076,1909f56bfc062723c751e8b465ee728b) (PreviewImporter) -> (artifact id: '00000000000000000000000000000000') in 0.00022675 seconds
Import Error Code:(4)
Message: Build asset version error: assets/scriptableobjectupdater.cs in SourceAssetDB has modification time of '2025-08-27T14:17:16Z' while content on disk has modification time of '2025-08-27T14:17:51Z'
  ERROR: Build asset version error: assets/scriptableobjectupdater.cs in SourceAssetDB has modification time of '2025-08-27T14:17:16Z' while content on disk has modification time of '2025-08-27T14:17:51Z'
Number of updated asset objects reloaded before import = 0Number of asset objects unloaded after import = 0

========================================================================
Received Import Request.
  Time since last request: 0.099272 seconds.
  path: Assets/ScriptableObjectUpdater.cs
  artifactKey: Guid(0a4e03a74410f42b3a821493fedbe849) Importer(815301076,1909f56bfc062723c751e8b465ee728b)
Start importing Assets/ScriptableObjectUpdater.cs using Guid(0a4e03a74410f42b3a821493fedbe849) Importer(815301076,1909f56bfc062723c751e8b465ee728b) (PreviewImporter) -> (artifact id: '00000000000000000000000000000000') in 0.000250542 seconds
Import Error Code:(4)
Message: Build asset version error: assets/scriptableobjectupdater.cs in SourceAssetDB has modification time of '2025-08-27T14:17:16Z' while content on disk has modification time of '2025-08-27T14:17:51Z'
  ERROR: Build asset version error: assets/scriptableobjectupdater.cs in SourceAssetDB has modification time of '2025-08-27T14:17:16Z' while content on disk has modification time of '2025-08-27T14:17:51Z'
Number of updated asset objects reloaded before import = 0Number of asset objects unloaded after import = 0

========================================================================
Received Import Request.
  Time since last request: 0.100851 seconds.
  path: Assets/ScriptableObjectUpdater.cs
  artifactKey: Guid(0a4e03a74410f42b3a821493fedbe849) Importer(815301076,1909f56bfc062723c751e8b465ee728b)
Start importing Assets/ScriptableObjectUpdater.cs using Guid(0a4e03a74410f42b3a821493fedbe849) Importer(815301076,1909f56bfc062723c751e8b465ee728b) (PreviewImporter) -> (artifact id: '00000000000000000000000000000000') in 0.000212917 seconds
Import Error Code:(4)
Message: Build asset version error: assets/scriptableobjectupdater.cs in SourceAssetDB has modification time of '2025-08-27T14:17:16Z' while content on disk has modification time of '2025-08-27T14:17:51Z'
  ERROR: Build asset version error: assets/scriptableobjectupdater.cs in SourceAssetDB has modification time of '2025-08-27T14:17:16Z' while content on disk has modification time of '2025-08-27T14:17:51Z'
Number of updated asset objects reloaded before import = 0Number of asset objects unloaded after import = 0

========================================================================
Received Import Request.
  Time since last request: 0.199601 seconds.
  path: Assets/ScriptableObjectUpdater.cs
  artifactKey: Guid(0a4e03a74410f42b3a821493fedbe849) Importer(815301076,1909f56bfc062723c751e8b465ee728b)
Start importing Assets/ScriptableObjectUpdater.cs using Guid(0a4e03a74410f42b3a821493fedbe849) Importer(815301076,1909f56bfc062723c751e8b465ee728b) (PreviewImporter) -> (artifact id: '00000000000000000000000000000000') in 0.000237416 seconds
Import Error Code:(4)
Message: Build asset version error: assets/scriptableobjectupdater.cs in SourceAssetDB has modification time of '2025-08-27T14:17:16Z' while content on disk has modification time of '2025-08-27T14:17:51Z'
  ERROR: Build asset version error: assets/scriptableobjectupdater.cs in SourceAssetDB has modification time of '2025-08-27T14:17:16Z' while content on disk has modification time of '2025-08-27T14:17:51Z'
Number of updated asset objects reloaded before import = 0Number of asset objects unloaded after import = 0

========================================================================
Received Import Request.
  Time since last request: 0.202925 seconds.
  path: Assets/ScriptableObjectUpdater.cs
  artifactKey: Guid(0a4e03a74410f42b3a821493fedbe849) Importer(815301076,1909f56bfc062723c751e8b465ee728b)
Start importing Assets/ScriptableObjectUpdater.cs using Guid(0a4e03a74410f42b3a821493fedbe849) Importer(815301076,1909f56bfc062723c751e8b465ee728b) (PreviewImporter) -> (artifact id: '00000000000000000000000000000000') in 0.000270958 seconds
Import Error Code:(4)
Message: Build asset version error: assets/scriptableobjectupdater.cs in SourceAssetDB has modification time of '2025-08-27T14:17:16Z' while content on disk has modification time of '2025-08-27T14:17:51Z'
  ERROR: Build asset version error: assets/scriptableobjectupdater.cs in SourceAssetDB has modification time of '2025-08-27T14:17:16Z' while content on disk has modification time of '2025-08-27T14:17:51Z'
Number of updated asset objects reloaded before import = 0Number of asset objects unloaded after import = 0

========================================================================
Received Import Request.
  Time since last request: 0.203965 seconds.
  path: Assets/ScriptableObjectUpdater.cs
  artifactKey: Guid(0a4e03a74410f42b3a821493fedbe849) Importer(815301076,1909f56bfc062723c751e8b465ee728b)
Start importing Assets/ScriptableObjectUpdater.cs using Guid(0a4e03a74410f42b3a821493fedbe849) Importer(815301076,1909f56bfc062723c751e8b465ee728b) (PreviewImporter) -> (artifact id: '00000000000000000000000000000000') in 0.000282875 seconds
Import Error Code:(4)
Message: Build asset version error: assets/scriptableobjectupdater.cs in SourceAssetDB has modification time of '2025-08-27T14:17:16Z' while content on disk has modification time of '2025-08-27T14:17:51Z'
  ERROR: Build asset version error: assets/scriptableobjectupdater.cs in SourceAssetDB has modification time of '2025-08-27T14:17:16Z' while content on disk has modification time of '2025-08-27T14:17:51Z'
Number of updated asset objects reloaded before import = 0Number of asset objects unloaded after import = 0

========================================================================
Received Import Request.
  Time since last request: 0.095797 seconds.
  path: Assets/ScriptableObjectUpdater.cs
  artifactKey: Guid(0a4e03a74410f42b3a821493fedbe849) Importer(815301076,1909f56bfc062723c751e8b465ee728b)
Start importing Assets/ScriptableObjectUpdater.cs using Guid(0a4e03a74410f42b3a821493fedbe849) Importer(815301076,1909f56bfc062723c751e8b465ee728b) (PreviewImporter) -> (artifact id: '00000000000000000000000000000000') in 0.000248208 seconds
Import Error Code:(4)
Message: Build asset version error: assets/scriptableobjectupdater.cs in SourceAssetDB has modification time of '2025-08-27T14:17:16Z' while content on disk has modification time of '2025-08-27T14:17:51Z'
  ERROR: Build asset version error: assets/scriptableobjectupdater.cs in SourceAssetDB has modification time of '2025-08-27T14:17:16Z' while content on disk has modification time of '2025-08-27T14:17:51Z'
Number of updated asset objects reloaded before import = 0Number of asset objects unloaded after import = 0

========================================================================
Received Import Request.
  Time since last request: 0.200004 seconds.
  path: Assets/ScriptableObjectUpdater.cs
  artifactKey: Guid(0a4e03a74410f42b3a821493fedbe849) Importer(815301076,1909f56bfc062723c751e8b465ee728b)
Start importing Assets/ScriptableObjectUpdater.cs using Guid(0a4e03a74410f42b3a821493fedbe849) Importer(815301076,1909f56bfc062723c751e8b465ee728b) (PreviewImporter) -> (artifact id: '00000000000000000000000000000000') in 0.000345125 seconds
Import Error Code:(4)
Message: Build asset version error: assets/scriptableobjectupdater.cs in SourceAssetDB has modification time of '2025-08-27T14:17:16Z' while content on disk has modification time of '2025-08-27T14:17:51Z'
  ERROR: Build asset version error: assets/scriptableobjectupdater.cs in SourceAssetDB has modification time of '2025-08-27T14:17:16Z' while content on disk has modification time of '2025-08-27T14:17:51Z'
Number of updated asset objects reloaded before import = 0Number of asset objects unloaded after import = 0

========================================================================
Received Import Request.
  Time since last request: 0.092643 seconds.
  path: Assets/ScriptableObjectUpdater.cs
  artifactKey: Guid(0a4e03a74410f42b3a821493fedbe849) Importer(815301076,1909f56bfc062723c751e8b465ee728b)
Start importing Assets/ScriptableObjectUpdater.cs using Guid(0a4e03a74410f42b3a821493fedbe849) Importer(815301076,1909f56bfc062723c751e8b465ee728b) (PreviewImporter) -> (artifact id: '00000000000000000000000000000000') in 0.00025 seconds
Import Error Code:(4)
Message: Build asset version error: assets/scriptableobjectupdater.cs in SourceAssetDB has modification time of '2025-08-27T14:17:16Z' while content on disk has modification time of '2025-08-27T14:17:51Z'
  ERROR: Build asset version error: assets/scriptableobjectupdater.cs in SourceAssetDB has modification time of '2025-08-27T14:17:16Z' while content on disk has modification time of '2025-08-27T14:17:51Z'
Number of updated asset objects reloaded before import = 0Number of asset objects unloaded after import = 0

========================================================================
Received Import Request.
  Time since last request: 0.208102 seconds.
  path: Assets/ScriptableObjectUpdater.cs
  artifactKey: Guid(0a4e03a74410f42b3a821493fedbe849) Importer(815301076,1909f56bfc062723c751e8b465ee728b)
Start importing Assets/ScriptableObjectUpdater.cs using Guid(0a4e03a74410f42b3a821493fedbe849) Importer(815301076,1909f56bfc062723c751e8b465ee728b) (PreviewImporter) -> (artifact id: '00000000000000000000000000000000') in 0.000353333 seconds
Import Error Code:(4)
Message: Build asset version error: assets/scriptableobjectupdater.cs in SourceAssetDB has modification time of '2025-08-27T14:17:16Z' while content on disk has modification time of '2025-08-27T14:17:51Z'
  ERROR: Build asset version error: assets/scriptableobjectupdater.cs in SourceAssetDB has modification time of '2025-08-27T14:17:16Z' while content on disk has modification time of '2025-08-27T14:17:51Z'
Number of updated asset objects reloaded before import = 0Number of asset objects unloaded after import = 0

========================================================================
Received Import Request.
  Time since last request: 0.095569 seconds.
  path: Assets/ScriptableObjectUpdater.cs
  artifactKey: Guid(0a4e03a74410f42b3a821493fedbe849) Importer(815301076,1909f56bfc062723c751e8b465ee728b)
Start importing Assets/ScriptableObjectUpdater.cs using Guid(0a4e03a74410f42b3a821493fedbe849) Importer(815301076,1909f56bfc062723c751e8b465ee728b) (PreviewImporter) -> (artifact id: '00000000000000000000000000000000') in 0.000253084 seconds
Import Error Code:(4)
Message: Build asset version error: assets/scriptableobjectupdater.cs in SourceAssetDB has modification time of '2025-08-27T14:17:16Z' while content on disk has modification time of '2025-08-27T14:17:51Z'
  ERROR: Build asset version error: assets/scriptableobjectupdater.cs in SourceAssetDB has modification time of '2025-08-27T14:17:16Z' while content on disk has modification time of '2025-08-27T14:17:51Z'
Number of updated asset objects reloaded before import = 0Number of asset objects unloaded after import = 0

========================================================================
Received Import Request.
  Time since last request: 0.202161 seconds.
  path: Assets/ScriptableObjectUpdater.cs
  artifactKey: Guid(0a4e03a74410f42b3a821493fedbe849) Importer(815301076,1909f56bfc062723c751e8b465ee728b)
Start importing Assets/ScriptableObjectUpdater.cs using Guid(0a4e03a74410f42b3a821493fedbe849) Importer(815301076,1909f56bfc062723c751e8b465ee728b) (PreviewImporter) -> (artifact id: '00000000000000000000000000000000') in 0.000414041 seconds
Import Error Code:(4)
Message: Build asset version error: assets/scriptableobjectupdater.cs in SourceAssetDB has modification time of '2025-08-27T14:17:16Z' while content on disk has modification time of '2025-08-27T14:17:51Z'
  ERROR: Build asset version error: assets/scriptableobjectupdater.cs in SourceAssetDB has modification time of '2025-08-27T14:17:16Z' while content on disk has modification time of '2025-08-27T14:17:51Z'
Number of updated asset objects reloaded before import = 0Number of asset objects unloaded after import = 0

========================================================================
Received Import Request.
  Time since last request: 0.095642 seconds.
  path: Assets/ScriptableObjectUpdater.cs
  artifactKey: Guid(0a4e03a74410f42b3a821493fedbe849) Importer(815301076,1909f56bfc062723c751e8b465ee728b)
Start importing Assets/ScriptableObjectUpdater.cs using Guid(0a4e03a74410f42b3a821493fedbe849) Importer(815301076,1909f56bfc062723c751e8b465ee728b) (PreviewImporter) -> (artifact id: '00000000000000000000000000000000') in 0.0003865 seconds
Import Error Code:(4)
Message: Build asset version error: assets/scriptableobjectupdater.cs in SourceAssetDB has modification time of '2025-08-27T14:17:16Z' while content on disk has modification time of '2025-08-27T14:17:51Z'
  ERROR: Build asset version error: assets/scriptableobjectupdater.cs in SourceAssetDB has modification time of '2025-08-27T14:17:16Z' while content on disk has modification time of '2025-08-27T14:17:51Z'
Number of updated asset objects reloaded before import = 0Number of asset objects unloaded after import = 0

========================================================================
Received Import Request.
  Time since last request: 0.098112 seconds.
  path: Assets/ScriptableObjectUpdater.cs
  artifactKey: Guid(0a4e03a74410f42b3a821493fedbe849) Importer(815301076,1909f56bfc062723c751e8b465ee728b)
Start importing Assets/ScriptableObjectUpdater.cs using Guid(0a4e03a74410f42b3a821493fedbe849) Importer(815301076,1909f56bfc062723c751e8b465ee728b) (PreviewImporter) -> (artifact id: '00000000000000000000000000000000') in 0.000263084 seconds
Import Error Code:(4)
Message: Build asset version error: assets/scriptableobjectupdater.cs in SourceAssetDB has modification time of '2025-08-27T14:17:16Z' while content on disk has modification time of '2025-08-27T14:17:51Z'
  ERROR: Build asset version error: assets/scriptableobjectupdater.cs in SourceAssetDB has modification time of '2025-08-27T14:17:16Z' while content on disk has modification time of '2025-08-27T14:17:51Z'
Number of updated asset objects reloaded before import = 0Number of asset objects unloaded after import = 0

========================================================================
Received Import Request.
  Time since last request: 0.203000 seconds.
  path: Assets/ScriptableObjectUpdater.cs
  artifactKey: Guid(0a4e03a74410f42b3a821493fedbe849) Importer(815301076,1909f56bfc062723c751e8b465ee728b)
Start importing Assets/ScriptableObjectUpdater.cs using Guid(0a4e03a74410f42b3a821493fedbe849) Importer(815301076,1909f56bfc062723c751e8b465ee728b) (PreviewImporter) -> (artifact id: '00000000000000000000000000000000') in 0.000370167 seconds
Import Error Code:(4)
Message: Build asset version error: assets/scriptableobjectupdater.cs in SourceAssetDB has modification time of '2025-08-27T14:17:16Z' while content on disk has modification time of '2025-08-27T14:17:51Z'
  ERROR: Build asset version error: assets/scriptableobjectupdater.cs in SourceAssetDB has modification time of '2025-08-27T14:17:16Z' while content on disk has modification time of '2025-08-27T14:17:51Z'
Number of updated asset objects reloaded before import = 0Number of asset objects unloaded after import = 0

========================================================================
Received Import Request.
  Time since last request: 0.097673 seconds.
  path: Assets/ScriptableObjectUpdater.cs
  artifactKey: Guid(0a4e03a74410f42b3a821493fedbe849) Importer(815301076,1909f56bfc062723c751e8b465ee728b)
Start importing Assets/ScriptableObjectUpdater.cs using Guid(0a4e03a74410f42b3a821493fedbe849) Importer(815301076,1909f56bfc062723c751e8b465ee728b) (PreviewImporter) -> (artifact id: '00000000000000000000000000000000') in 0.000380708 seconds
Import Error Code:(4)
Message: Build asset version error: assets/scriptableobjectupdater.cs in SourceAssetDB has modification time of '2025-08-27T14:17:16Z' while content on disk has modification time of '2025-08-27T14:17:51Z'
  ERROR: Build asset version error: assets/scriptableobjectupdater.cs in SourceAssetDB has modification time of '2025-08-27T14:17:16Z' while content on disk has modification time of '2025-08-27T14:17:51Z'
Number of updated asset objects reloaded before import = 0Number of asset objects unloaded after import = 0

========================================================================
Received Import Request.
  Time since last request: 0.201692 seconds.
  path: Assets/ScriptableObjectUpdater.cs
  artifactKey: Guid(0a4e03a74410f42b3a821493fedbe849) Importer(815301076,1909f56bfc062723c751e8b465ee728b)
Start importing Assets/ScriptableObjectUpdater.cs using Guid(0a4e03a74410f42b3a821493fedbe849) Importer(815301076,1909f56bfc062723c751e8b465ee728b) (PreviewImporter) -> (artifact id: '00000000000000000000000000000000') in 0.000527834 seconds
Import Error Code:(4)
Message: Build asset version error: assets/scriptableobjectupdater.cs in SourceAssetDB has modification time of '2025-08-27T14:17:16Z' while content on disk has modification time of '2025-08-27T14:17:51Z'
  ERROR: Build asset version error: assets/scriptableobjectupdater.cs in SourceAssetDB has modification time of '2025-08-27T14:17:16Z' while content on disk has modification time of '2025-08-27T14:17:51Z'
Number of updated asset objects reloaded before import = 0Number of asset objects unloaded after import = 0

========================================================================
Received Import Request.
  Time since last request: 0.199280 seconds.
  path: Assets/ScriptableObjectUpdater.cs
  artifactKey: Guid(0a4e03a74410f42b3a821493fedbe849) Importer(815301076,1909f56bfc062723c751e8b465ee728b)
Start importing Assets/ScriptableObjectUpdater.cs using Guid(0a4e03a74410f42b3a821493fedbe849) Importer(815301076,1909f56bfc062723c751e8b465ee728b) (PreviewImporter) -> (artifact id: '00000000000000000000000000000000') in 0.000370708 seconds
Import Error Code:(4)
Message: Build asset version error: assets/scriptableobjectupdater.cs in SourceAssetDB has modification time of '2025-08-27T14:17:16Z' while content on disk has modification time of '2025-08-27T14:17:51Z'
  ERROR: Build asset version error: assets/scriptableobjectupdater.cs in SourceAssetDB has modification time of '2025-08-27T14:17:16Z' while content on disk has modification time of '2025-08-27T14:17:51Z'
Number of updated asset objects reloaded before import = 0Number of asset objects unloaded after import = 0

========================================================================
Received Import Request.
  Time since last request: 0.094143 seconds.
  path: Assets/ScriptableObjectUpdater.cs
  artifactKey: Guid(0a4e03a74410f42b3a821493fedbe849) Importer(815301076,1909f56bfc062723c751e8b465ee728b)
Start importing Assets/ScriptableObjectUpdater.cs using Guid(0a4e03a74410f42b3a821493fedbe849) Importer(815301076,1909f56bfc062723c751e8b465ee728b) (PreviewImporter) -> (artifact id: '00000000000000000000000000000000') in 0.00031975 seconds
Import Error Code:(4)
Message: Build asset version error: assets/scriptableobjectupdater.cs in SourceAssetDB has modification time of '2025-08-27T14:17:16Z' while content on disk has modification time of '2025-08-27T14:17:51Z'
  ERROR: Build asset version error: assets/scriptableobjectupdater.cs in SourceAssetDB has modification time of '2025-08-27T14:17:16Z' while content on disk has modification time of '2025-08-27T14:17:51Z'
Number of updated asset objects reloaded before import = 0Number of asset objects unloaded after import = 0

========================================================================
Received Import Request.
  Time since last request: 0.203638 seconds.
  path: Assets/ScriptableObjectUpdater.cs
  artifactKey: Guid(0a4e03a74410f42b3a821493fedbe849) Importer(815301076,1909f56bfc062723c751e8b465ee728b)
Start importing Assets/ScriptableObjectUpdater.cs using Guid(0a4e03a74410f42b3a821493fedbe849) Importer(815301076,1909f56bfc062723c751e8b465ee728b) (PreviewImporter) -> (artifact id: '00000000000000000000000000000000') in 0.000363334 seconds
Import Error Code:(4)
Message: Build asset version error: assets/scriptableobjectupdater.cs in SourceAssetDB has modification time of '2025-08-27T14:17:16Z' while content on disk has modification time of '2025-08-27T14:17:51Z'
  ERROR: Build asset version error: assets/scriptableobjectupdater.cs in SourceAssetDB has modification time of '2025-08-27T14:17:16Z' while content on disk has modification time of '2025-08-27T14:17:51Z'
Number of updated asset objects reloaded before import = 0Number of asset objects unloaded after import = 0

========================================================================
Received Import Request.
  Time since last request: 0.200443 seconds.
  path: Assets/ScriptableObjectUpdater.cs
  artifactKey: Guid(0a4e03a74410f42b3a821493fedbe849) Importer(815301076,1909f56bfc062723c751e8b465ee728b)
Start importing Assets/ScriptableObjectUpdater.cs using Guid(0a4e03a74410f42b3a821493fedbe849) Importer(815301076,1909f56bfc062723c751e8b465ee728b) (PreviewImporter) -> (artifact id: '00000000000000000000000000000000') in 0.000324792 seconds
Import Error Code:(4)
Message: Build asset version error: assets/scriptableobjectupdater.cs in SourceAssetDB has modification time of '2025-08-27T14:17:16Z' while content on disk has modification time of '2025-08-27T14:17:51Z'
  ERROR: Build asset version error: assets/scriptableobjectupdater.cs in SourceAssetDB has modification time of '2025-08-27T14:17:16Z' while content on disk has modification time of '2025-08-27T14:17:51Z'
Number of updated asset objects reloaded before import = 0Number of asset objects unloaded after import = 0

========================================================================
Received Import Request.
  Time since last request: 0.095239 seconds.
  path: Assets/ScriptableObjectUpdater.cs
  artifactKey: Guid(0a4e03a74410f42b3a821493fedbe849) Importer(815301076,1909f56bfc062723c751e8b465ee728b)
Start importing Assets/ScriptableObjectUpdater.cs using Guid(0a4e03a74410f42b3a821493fedbe849) Importer(815301076,1909f56bfc062723c751e8b465ee728b) (PreviewImporter) -> (artifact id: '00000000000000000000000000000000') in 0.000296084 seconds
Import Error Code:(4)
Message: Build asset version error: assets/scriptableobjectupdater.cs in SourceAssetDB has modification time of '2025-08-27T14:17:16Z' while content on disk has modification time of '2025-08-27T14:17:51Z'
  ERROR: Build asset version error: assets/scriptableobjectupdater.cs in SourceAssetDB has modification time of '2025-08-27T14:17:16Z' while content on disk has modification time of '2025-08-27T14:17:51Z'
Number of updated asset objects reloaded before import = 0Number of asset objects unloaded after import = 0

========================================================================
Received Import Request.
  Time since last request: 0.202947 seconds.
  path: Assets/ScriptableObjectUpdater.cs
  artifactKey: Guid(0a4e03a74410f42b3a821493fedbe849) Importer(815301076,1909f56bfc062723c751e8b465ee728b)
Start importing Assets/ScriptableObjectUpdater.cs using Guid(0a4e03a74410f42b3a821493fedbe849) Importer(815301076,1909f56bfc062723c751e8b465ee728b) (PreviewImporter) -> (artifact id: '00000000000000000000000000000000') in 0.000319 seconds
Import Error Code:(4)
Message: Build asset version error: assets/scriptableobjectupdater.cs in SourceAssetDB has modification time of '2025-08-27T14:17:16Z' while content on disk has modification time of '2025-08-27T14:17:51Z'
  ERROR: Build asset version error: assets/scriptableobjectupdater.cs in SourceAssetDB has modification time of '2025-08-27T14:17:16Z' while content on disk has modification time of '2025-08-27T14:17:51Z'
Number of updated asset objects reloaded before import = 0Number of asset objects unloaded after import = 0

========================================================================
Received Import Request.
  Time since last request: 0.093651 seconds.
  path: Assets/ScriptableObjectUpdater.cs
  artifactKey: Guid(0a4e03a74410f42b3a821493fedbe849) Importer(815301076,1909f56bfc062723c751e8b465ee728b)
Start importing Assets/ScriptableObjectUpdater.cs using Guid(0a4e03a74410f42b3a821493fedbe849) Importer(815301076,1909f56bfc062723c751e8b465ee728b) (PreviewImporter) -> (artifact id: '00000000000000000000000000000000') in 0.000354625 seconds
Import Error Code:(4)
Message: Build asset version error: assets/scriptableobjectupdater.cs in SourceAssetDB has modification time of '2025-08-27T14:17:16Z' while content on disk has modification time of '2025-08-27T14:17:51Z'
  ERROR: Build asset version error: assets/scriptableobjectupdater.cs in SourceAssetDB has modification time of '2025-08-27T14:17:16Z' while content on disk has modification time of '2025-08-27T14:17:51Z'
Number of updated asset objects reloaded before import = 0Number of asset objects unloaded after import = 0

========================================================================
Received Import Request.
  Time since last request: 0.100188 seconds.
  path: Assets/ScriptableObjectUpdater.cs
  artifactKey: Guid(0a4e03a74410f42b3a821493fedbe849) Importer(815301076,1909f56bfc062723c751e8b465ee728b)
Start importing Assets/ScriptableObjectUpdater.cs using Guid(0a4e03a74410f42b3a821493fedbe849) Importer(815301076,1909f56bfc062723c751e8b465ee728b) (PreviewImporter) -> (artifact id: '00000000000000000000000000000000') in 0.0002155 seconds
Import Error Code:(4)
Message: Build asset version error: assets/scriptableobjectupdater.cs in SourceAssetDB has modification time of '2025-08-27T14:17:16Z' while content on disk has modification time of '2025-08-27T14:17:51Z'
  ERROR: Build asset version error: assets/scriptableobjectupdater.cs in SourceAssetDB has modification time of '2025-08-27T14:17:16Z' while content on disk has modification time of '2025-08-27T14:17:51Z'
Number of updated asset objects reloaded before import = 0Number of asset objects unloaded after import = 0

========================================================================
Received Import Request.
  Time since last request: 0.201662 seconds.
  path: Assets/ScriptableObjectUpdater.cs
  artifactKey: Guid(0a4e03a74410f42b3a821493fedbe849) Importer(815301076,1909f56bfc062723c751e8b465ee728b)
Start importing Assets/ScriptableObjectUpdater.cs using Guid(0a4e03a74410f42b3a821493fedbe849) Importer(815301076,1909f56bfc062723c751e8b465ee728b) (PreviewImporter) -> (artifact id: '00000000000000000000000000000000') in 0.000229916 seconds
Import Error Code:(4)
Message: Build asset version error: assets/scriptableobjectupdater.cs in SourceAssetDB has modification time of '2025-08-27T14:17:16Z' while content on disk has modification time of '2025-08-27T14:17:51Z'
  ERROR: Build asset version error: assets/scriptableobjectupdater.cs in SourceAssetDB has modification time of '2025-08-27T14:17:16Z' while content on disk has modification time of '2025-08-27T14:17:51Z'
Number of updated asset objects reloaded before import = 0Number of asset objects unloaded after import = 0

========================================================================
Received Import Request.
  Time since last request: 0.202963 seconds.
  path: Assets/ScriptableObjectUpdater.cs
  artifactKey: Guid(0a4e03a74410f42b3a821493fedbe849) Importer(815301076,1909f56bfc062723c751e8b465ee728b)
Start importing Assets/ScriptableObjectUpdater.cs using Guid(0a4e03a74410f42b3a821493fedbe849) Importer(815301076,1909f56bfc062723c751e8b465ee728b) (PreviewImporter) -> (artifact id: '00000000000000000000000000000000') in 0.000203709 seconds
Import Error Code:(4)
Message: Build asset version error: assets/scriptableobjectupdater.cs in SourceAssetDB has modification time of '2025-08-27T14:17:16Z' while content on disk has modification time of '2025-08-27T14:17:51Z'
  ERROR: Build asset version error: assets/scriptableobjectupdater.cs in SourceAssetDB has modification time of '2025-08-27T14:17:16Z' while content on disk has modification time of '2025-08-27T14:17:51Z'
Number of updated asset objects reloaded before import = 0Number of asset objects unloaded after import = 0

========================================================================
Received Import Request.
  Time since last request: 0.090246 seconds.
  path: Assets/ScriptableObjectUpdater.cs
  artifactKey: Guid(0a4e03a74410f42b3a821493fedbe849) Importer(815301076,1909f56bfc062723c751e8b465ee728b)
Start importing Assets/ScriptableObjectUpdater.cs using Guid(0a4e03a74410f42b3a821493fedbe849) Importer(815301076,1909f56bfc062723c751e8b465ee728b) (PreviewImporter) -> (artifact id: '00000000000000000000000000000000') in 0.000322583 seconds
Import Error Code:(4)
Message: Build asset version error: assets/scriptableobjectupdater.cs in SourceAssetDB has modification time of '2025-08-27T14:17:16Z' while content on disk has modification time of '2025-08-27T14:17:51Z'
  ERROR: Build asset version error: assets/scriptableobjectupdater.cs in SourceAssetDB has modification time of '2025-08-27T14:17:16Z' while content on disk has modification time of '2025-08-27T14:17:51Z'
Number of updated asset objects reloaded before import = 0Number of asset objects unloaded after import = 0

========================================================================
Received Import Request.
  Time since last request: 0.206310 seconds.
  path: Assets/ScriptableObjectUpdater.cs
  artifactKey: Guid(0a4e03a74410f42b3a821493fedbe849) Importer(815301076,1909f56bfc062723c751e8b465ee728b)
Start importing Assets/ScriptableObjectUpdater.cs using Guid(0a4e03a74410f42b3a821493fedbe849) Importer(815301076,1909f56bfc062723c751e8b465ee728b) (PreviewImporter) -> (artifact id: '00000000000000000000000000000000') in 0.000496917 seconds
Import Error Code:(4)
Message: Build asset version error: assets/scriptableobjectupdater.cs in SourceAssetDB has modification time of '2025-08-27T14:17:16Z' while content on disk has modification time of '2025-08-27T14:17:51Z'
  ERROR: Build asset version error: assets/scriptableobjectupdater.cs in SourceAssetDB has modification time of '2025-08-27T14:17:16Z' while content on disk has modification time of '2025-08-27T14:17:51Z'
Number of updated asset objects reloaded before import = 0Number of asset objects unloaded after import = 0

========================================================================
Received Import Request.
  Time since last request: 0.093044 seconds.
  path: Assets/ScriptableObjectUpdater.cs
  artifactKey: Guid(0a4e03a74410f42b3a821493fedbe849) Importer(815301076,1909f56bfc062723c751e8b465ee728b)
Start importing Assets/ScriptableObjectUpdater.cs using Guid(0a4e03a74410f42b3a821493fedbe849) Importer(815301076,1909f56bfc062723c751e8b465ee728b) (PreviewImporter) -> (artifact id: '00000000000000000000000000000000') in 0.000327625 seconds
Import Error Code:(4)
Message: Build asset version error: assets/scriptableobjectupdater.cs in SourceAssetDB has modification time of '2025-08-27T14:17:16Z' while content on disk has modification time of '2025-08-27T14:17:51Z'
  ERROR: Build asset version error: assets/scriptableobjectupdater.cs in SourceAssetDB has modification time of '2025-08-27T14:17:16Z' while content on disk has modification time of '2025-08-27T14:17:51Z'
Number of updated asset objects reloaded before import = 0Number of asset objects unloaded after import = 0

========================================================================
Received Import Request.
  Time since last request: 0.201220 seconds.
  path: Assets/ScriptableObjectUpdater.cs
  artifactKey: Guid(0a4e03a74410f42b3a821493fedbe849) Importer(815301076,1909f56bfc062723c751e8b465ee728b)
Start importing Assets/ScriptableObjectUpdater.cs using Guid(0a4e03a74410f42b3a821493fedbe849) Importer(815301076,1909f56bfc062723c751e8b465ee728b) (PreviewImporter) -> (artifact id: '00000000000000000000000000000000') in 0.000400917 seconds
Import Error Code:(4)
Message: Build asset version error: assets/scriptableobjectupdater.cs in SourceAssetDB has modification time of '2025-08-27T14:17:16Z' while content on disk has modification time of '2025-08-27T14:17:51Z'
  ERROR: Build asset version error: assets/scriptableobjectupdater.cs in SourceAssetDB has modification time of '2025-08-27T14:17:16Z' while content on disk has modification time of '2025-08-27T14:17:51Z'
Number of updated asset objects reloaded before import = 0Number of asset objects unloaded after import = 0

========================================================================
Received Import Request.
  Time since last request: 0.197089 seconds.
  path: Assets/ScriptableObjectUpdater.cs
  artifactKey: Guid(0a4e03a74410f42b3a821493fedbe849) Importer(815301076,1909f56bfc062723c751e8b465ee728b)
Start importing Assets/ScriptableObjectUpdater.cs using Guid(0a4e03a74410f42b3a821493fedbe849) Importer(815301076,1909f56bfc062723c751e8b465ee728b) (PreviewImporter) -> (artifact id: '00000000000000000000000000000000') in 0.000362292 seconds
Import Error Code:(4)
Message: Build asset version error: assets/scriptableobjectupdater.cs in SourceAssetDB has modification time of '2025-08-27T14:17:16Z' while content on disk has modification time of '2025-08-27T14:17:51Z'
  ERROR: Build asset version error: assets/scriptableobjectupdater.cs in SourceAssetDB has modification time of '2025-08-27T14:17:16Z' while content on disk has modification time of '2025-08-27T14:17:51Z'
Number of updated asset objects reloaded before import = 0Number of asset objects unloaded after import = 0

========================================================================
Received Import Request.
  Time since last request: 0.199889 seconds.
  path: Assets/ScriptableObjectUpdater.cs
  artifactKey: Guid(0a4e03a74410f42b3a821493fedbe849) Importer(815301076,1909f56bfc062723c751e8b465ee728b)
Start importing Assets/ScriptableObjectUpdater.cs using Guid(0a4e03a74410f42b3a821493fedbe849) Importer(815301076,1909f56bfc062723c751e8b465ee728b) (PreviewImporter) -> (artifact id: '00000000000000000000000000000000') in 0.000326917 seconds
Import Error Code:(4)
Message: Build asset version error: assets/scriptableobjectupdater.cs in SourceAssetDB has modification time of '2025-08-27T14:17:16Z' while content on disk has modification time of '2025-08-27T14:17:51Z'
  ERROR: Build asset version error: assets/scriptableobjectupdater.cs in SourceAssetDB has modification time of '2025-08-27T14:17:16Z' while content on disk has modification time of '2025-08-27T14:17:51Z'
Number of updated asset objects reloaded before import = 0Number of asset objects unloaded after import = 0

========================================================================
Received Import Request.
  Time since last request: 0.200835 seconds.
  path: Assets/ScriptableObjectUpdater.cs
  artifactKey: Guid(0a4e03a74410f42b3a821493fedbe849) Importer(815301076,1909f56bfc062723c751e8b465ee728b)
Start importing Assets/ScriptableObjectUpdater.cs using Guid(0a4e03a74410f42b3a821493fedbe849) Importer(815301076,1909f56bfc062723c751e8b465ee728b) (PreviewImporter) -> (artifact id: '00000000000000000000000000000000') in 0.000365208 seconds
Import Error Code:(4)
Message: Build asset version error: assets/scriptableobjectupdater.cs in SourceAssetDB has modification time of '2025-08-27T14:17:16Z' while content on disk has modification time of '2025-08-27T14:17:51Z'
  ERROR: Build asset version error: assets/scriptableobjectupdater.cs in SourceAssetDB has modification time of '2025-08-27T14:17:16Z' while content on disk has modification time of '2025-08-27T14:17:51Z'
Number of updated asset objects reloaded before import = 0Number of asset objects unloaded after import = 0

========================================================================
Received Import Request.
  Time since last request: 0.099092 seconds.
  path: Assets/ScriptableObjectUpdater.cs
  artifactKey: Guid(0a4e03a74410f42b3a821493fedbe849) Importer(815301076,1909f56bfc062723c751e8b465ee728b)
Start importing Assets/ScriptableObjectUpdater.cs using Guid(0a4e03a74410f42b3a821493fedbe849) Importer(815301076,1909f56bfc062723c751e8b465ee728b) (PreviewImporter) -> (artifact id: '00000000000000000000000000000000') in 0.000285 seconds
Import Error Code:(4)
Message: Build asset version error: assets/scriptableobjectupdater.cs in SourceAssetDB has modification time of '2025-08-27T14:17:16Z' while content on disk has modification time of '2025-08-27T14:17:51Z'
  ERROR: Build asset version error: assets/scriptableobjectupdater.cs in SourceAssetDB has modification time of '2025-08-27T14:17:16Z' while content on disk has modification time of '2025-08-27T14:17:51Z'
Number of updated asset objects reloaded before import = 0Number of asset objects unloaded after import = 0

========================================================================
Received Import Request.
  Time since last request: 0.200694 seconds.
  path: Assets/ScriptableObjectUpdater.cs
  artifactKey: Guid(0a4e03a74410f42b3a821493fedbe849) Importer(815301076,1909f56bfc062723c751e8b465ee728b)
Start importing Assets/ScriptableObjectUpdater.cs using Guid(0a4e03a74410f42b3a821493fedbe849) Importer(815301076,1909f56bfc062723c751e8b465ee728b) (PreviewImporter) -> (artifact id: '00000000000000000000000000000000') in 0.000406667 seconds
Import Error Code:(4)
Message: Build asset version error: assets/scriptableobjectupdater.cs in SourceAssetDB has modification time of '2025-08-27T14:17:16Z' while content on disk has modification time of '2025-08-27T14:18:12Z'
  ERROR: Build asset version error: assets/scriptableobjectupdater.cs in SourceAssetDB has modification time of '2025-08-27T14:17:16Z' while content on disk has modification time of '2025-08-27T14:18:12Z'
Number of updated asset objects reloaded before import = 0Number of asset objects unloaded after import = 0

========================================================================
Received Import Request.
  Time since last request: 0.200552 seconds.
  path: Assets/ScriptableObjectUpdater.cs
  artifactKey: Guid(0a4e03a74410f42b3a821493fedbe849) Importer(815301076,1909f56bfc062723c751e8b465ee728b)
Start importing Assets/ScriptableObjectUpdater.cs using Guid(0a4e03a74410f42b3a821493fedbe849) Importer(815301076,1909f56bfc062723c751e8b465ee728b) (PreviewImporter) -> (artifact id: '00000000000000000000000000000000') in 0.000389667 seconds
Import Error Code:(4)
Message: Build asset version error: assets/scriptableobjectupdater.cs in SourceAssetDB has modification time of '2025-08-27T14:17:16Z' while content on disk has modification time of '2025-08-27T14:18:12Z'
  ERROR: Build asset version error: assets/scriptableobjectupdater.cs in SourceAssetDB has modification time of '2025-08-27T14:17:16Z' while content on disk has modification time of '2025-08-27T14:18:12Z'
Number of updated asset objects reloaded before import = 0Number of asset objects unloaded after import = 0

========================================================================
Received Import Request.
  Time since last request: 0.199508 seconds.
  path: Assets/ScriptableObjectUpdater.cs
  artifactKey: Guid(0a4e03a74410f42b3a821493fedbe849) Importer(815301076,1909f56bfc062723c751e8b465ee728b)
Start importing Assets/ScriptableObjectUpdater.cs using Guid(0a4e03a74410f42b3a821493fedbe849) Importer(815301076,1909f56bfc062723c751e8b465ee728b) (PreviewImporter) -> (artifact id: '00000000000000000000000000000000') in 0.00048375 seconds
Import Error Code:(4)
Message: Build asset version error: assets/scriptableobjectupdater.cs in SourceAssetDB has modification time of '2025-08-27T14:17:16Z' while content on disk has modification time of '2025-08-27T14:18:12Z'
  ERROR: Build asset version error: assets/scriptableobjectupdater.cs in SourceAssetDB has modification time of '2025-08-27T14:17:16Z' while content on disk has modification time of '2025-08-27T14:18:12Z'
Number of updated asset objects reloaded before import = 0Number of asset objects unloaded after import = 0

========================================================================
Received Import Request.
  Time since last request: 0.098264 seconds.
  path: Assets/ScriptableObjectUpdater.cs
  artifactKey: Guid(0a4e03a74410f42b3a821493fedbe849) Importer(815301076,1909f56bfc062723c751e8b465ee728b)
Start importing Assets/ScriptableObjectUpdater.cs using Guid(0a4e03a74410f42b3a821493fedbe849) Importer(815301076,1909f56bfc062723c751e8b465ee728b) (PreviewImporter) -> (artifact id: '00000000000000000000000000000000') in 0.000270708 seconds
Import Error Code:(4)
Message: Build asset version error: assets/scriptableobjectupdater.cs in SourceAssetDB has modification time of '2025-08-27T14:17:16Z' while content on disk has modification time of '2025-08-27T14:18:12Z'
  ERROR: Build asset version error: assets/scriptableobjectupdater.cs in SourceAssetDB has modification time of '2025-08-27T14:17:16Z' while content on disk has modification time of '2025-08-27T14:18:12Z'
Number of updated asset objects reloaded before import = 0Number of asset objects unloaded after import = 0

========================================================================
Received Import Request.
  Time since last request: 0.091693 seconds.
  path: Assets/ScriptableObjectUpdater.cs
  artifactKey: Guid(0a4e03a74410f42b3a821493fedbe849) Importer(815301076,1909f56bfc062723c751e8b465ee728b)
Start importing Assets/ScriptableObjectUpdater.cs using Guid(0a4e03a74410f42b3a821493fedbe849) Importer(815301076,1909f56bfc062723c751e8b465ee728b) (PreviewImporter) -> (artifact id: '00000000000000000000000000000000') in 0.000236 seconds
Import Error Code:(4)
Message: Build asset version error: assets/scriptableobjectupdater.cs in SourceAssetDB has modification time of '2025-08-27T14:17:16Z' while content on disk has modification time of '2025-08-27T14:18:12Z'
  ERROR: Build asset version error: assets/scriptableobjectupdater.cs in SourceAssetDB has modification time of '2025-08-27T14:17:16Z' while content on disk has modification time of '2025-08-27T14:18:12Z'
Number of updated asset objects reloaded before import = 0Number of asset objects unloaded after import = 0

========================================================================
Received Import Request.
  Time since last request: 0.205868 seconds.
  path: Assets/ScriptableObjectUpdater.cs
  artifactKey: Guid(0a4e03a74410f42b3a821493fedbe849) Importer(815301076,1909f56bfc062723c751e8b465ee728b)
Start importing Assets/ScriptableObjectUpdater.cs using Guid(0a4e03a74410f42b3a821493fedbe849) Importer(815301076,1909f56bfc062723c751e8b465ee728b) (PreviewImporter) -> (artifact id: '00000000000000000000000000000000') in 0.000307166 seconds
Import Error Code:(4)
Message: Build asset version error: assets/scriptableobjectupdater.cs in SourceAssetDB has modification time of '2025-08-27T14:17:16Z' while content on disk has modification time of '2025-08-27T14:18:12Z'
  ERROR: Build asset version error: assets/scriptableobjectupdater.cs in SourceAssetDB has modification time of '2025-08-27T14:17:16Z' while content on disk has modification time of '2025-08-27T14:18:12Z'
Number of updated asset objects reloaded before import = 0Number of asset objects unloaded after import = 0

========================================================================
Received Import Request.
  Time since last request: 0.196752 seconds.
  path: Assets/ScriptableObjectUpdater.cs
  artifactKey: Guid(0a4e03a74410f42b3a821493fedbe849) Importer(815301076,1909f56bfc062723c751e8b465ee728b)
Start importing Assets/ScriptableObjectUpdater.cs using Guid(0a4e03a74410f42b3a821493fedbe849) Importer(815301076,1909f56bfc062723c751e8b465ee728b) (PreviewImporter) -> (artifact id: '00000000000000000000000000000000') in 0.000369625 seconds
Import Error Code:(4)
Message: Build asset version error: assets/scriptableobjectupdater.cs in SourceAssetDB has modification time of '2025-08-27T14:17:16Z' while content on disk has modification time of '2025-08-27T14:18:12Z'
  ERROR: Build asset version error: assets/scriptableobjectupdater.cs in SourceAssetDB has modification time of '2025-08-27T14:17:16Z' while content on disk has modification time of '2025-08-27T14:18:12Z'
Number of updated asset objects reloaded before import = 0Number of asset objects unloaded after import = 0

========================================================================
Received Import Request.
  Time since last request: 0.096604 seconds.
  path: Assets/ScriptableObjectUpdater.cs
  artifactKey: Guid(0a4e03a74410f42b3a821493fedbe849) Importer(815301076,1909f56bfc062723c751e8b465ee728b)
Start importing Assets/ScriptableObjectUpdater.cs using Guid(0a4e03a74410f42b3a821493fedbe849) Importer(815301076,1909f56bfc062723c751e8b465ee728b) (PreviewImporter) -> (artifact id: '00000000000000000000000000000000') in 0.000452542 seconds
Import Error Code:(4)
Message: Build asset version error: assets/scriptableobjectupdater.cs in SourceAssetDB has modification time of '2025-08-27T14:17:16Z' while content on disk has modification time of '2025-08-27T14:18:12Z'
  ERROR: Build asset version error: assets/scriptableobjectupdater.cs in SourceAssetDB has modification time of '2025-08-27T14:17:16Z' while content on disk has modification time of '2025-08-27T14:18:12Z'
Number of updated asset objects reloaded before import = 0Number of asset objects unloaded after import = 0

========================================================================
Received Import Request.
  Time since last request: 0.099817 seconds.
  path: Assets/ScriptableObjectUpdater.cs
  artifactKey: Guid(0a4e03a74410f42b3a821493fedbe849) Importer(815301076,1909f56bfc062723c751e8b465ee728b)
Start importing Assets/ScriptableObjectUpdater.cs using Guid(0a4e03a74410f42b3a821493fedbe849) Importer(815301076,1909f56bfc062723c751e8b465ee728b) (PreviewImporter) -> (artifact id: '00000000000000000000000000000000') in 0.000369458 seconds
Import Error Code:(4)
Message: Build asset version error: assets/scriptableobjectupdater.cs in SourceAssetDB has modification time of '2025-08-27T14:17:16Z' while content on disk has modification time of '2025-08-27T14:18:12Z'
  ERROR: Build asset version error: assets/scriptableobjectupdater.cs in SourceAssetDB has modification time of '2025-08-27T14:17:16Z' while content on disk has modification time of '2025-08-27T14:18:12Z'
Number of updated asset objects reloaded before import = 0Number of asset objects unloaded after import = 0

========================================================================
Received Import Request.
  Time since last request: 0.198781 seconds.
  path: Assets/ScriptableObjectUpdater.cs
  artifactKey: Guid(0a4e03a74410f42b3a821493fedbe849) Importer(815301076,1909f56bfc062723c751e8b465ee728b)
Start importing Assets/ScriptableObjectUpdater.cs using Guid(0a4e03a74410f42b3a821493fedbe849) Importer(815301076,1909f56bfc062723c751e8b465ee728b) (PreviewImporter) -> (artifact id: '00000000000000000000000000000000') in 0.000269583 seconds
Import Error Code:(4)
Message: Build asset version error: assets/scriptableobjectupdater.cs in SourceAssetDB has modification time of '2025-08-27T14:17:16Z' while content on disk has modification time of '2025-08-27T14:18:12Z'
  ERROR: Build asset version error: assets/scriptableobjectupdater.cs in SourceAssetDB has modification time of '2025-08-27T14:17:16Z' while content on disk has modification time of '2025-08-27T14:18:12Z'
Number of updated asset objects reloaded before import = 0Number of asset objects unloaded after import = 0

========================================================================
Received Import Request.
  Time since last request: 0.202835 seconds.
  path: Assets/ScriptableObjectUpdater.cs
  artifactKey: Guid(0a4e03a74410f42b3a821493fedbe849) Importer(815301076,1909f56bfc062723c751e8b465ee728b)
Start importing Assets/ScriptableObjectUpdater.cs using Guid(0a4e03a74410f42b3a821493fedbe849) Importer(815301076,1909f56bfc062723c751e8b465ee728b) (PreviewImporter) -> (artifact id: '00000000000000000000000000000000') in 0.000346458 seconds
Import Error Code:(4)
Message: Build asset version error: assets/scriptableobjectupdater.cs in SourceAssetDB has modification time of '2025-08-27T14:17:16Z' while content on disk has modification time of '2025-08-27T14:18:12Z'
  ERROR: Build asset version error: assets/scriptableobjectupdater.cs in SourceAssetDB has modification time of '2025-08-27T14:17:16Z' while content on disk has modification time of '2025-08-27T14:18:12Z'
Number of updated asset objects reloaded before import = 0Number of asset objects unloaded after import = 0

========================================================================
Received Import Request.
  Time since last request: 0.197210 seconds.
  path: Assets/ScriptableObjectUpdater.cs
  artifactKey: Guid(0a4e03a74410f42b3a821493fedbe849) Importer(815301076,1909f56bfc062723c751e8b465ee728b)
Start importing Assets/ScriptableObjectUpdater.cs using Guid(0a4e03a74410f42b3a821493fedbe849) Importer(815301076,1909f56bfc062723c751e8b465ee728b) (PreviewImporter) -> (artifact id: '00000000000000000000000000000000') in 0.000347459 seconds
Import Error Code:(4)
Message: Build asset version error: assets/scriptableobjectupdater.cs in SourceAssetDB has modification time of '2025-08-27T14:17:16Z' while content on disk has modification time of '2025-08-27T14:18:12Z'
  ERROR: Build asset version error: assets/scriptableobjectupdater.cs in SourceAssetDB has modification time of '2025-08-27T14:17:16Z' while content on disk has modification time of '2025-08-27T14:18:12Z'
Number of updated asset objects reloaded before import = 0Number of asset objects unloaded after import = 0

========================================================================
Received Import Request.
  Time since last request: 0.194148 seconds.
  path: Assets/ScriptableObjectUpdater.cs
  artifactKey: Guid(0a4e03a74410f42b3a821493fedbe849) Importer(815301076,1909f56bfc062723c751e8b465ee728b)
Start importing Assets/ScriptableObjectUpdater.cs using Guid(0a4e03a74410f42b3a821493fedbe849) Importer(815301076,1909f56bfc062723c751e8b465ee728b) (PreviewImporter) -> (artifact id: '00000000000000000000000000000000') in 0.000257083 seconds
Import Error Code:(4)
Message: Build asset version error: assets/scriptableobjectupdater.cs in SourceAssetDB has modification time of '2025-08-27T14:17:16Z' while content on disk has modification time of '2025-08-27T14:18:12Z'
  ERROR: Build asset version error: assets/scriptableobjectupdater.cs in SourceAssetDB has modification time of '2025-08-27T14:17:16Z' while content on disk has modification time of '2025-08-27T14:18:12Z'
Number of updated asset objects reloaded before import = 0Number of asset objects unloaded after import = 0

========================================================================
Received Import Request.
  Time since last request: 0.100180 seconds.
  path: Assets/ScriptableObjectUpdater.cs
  artifactKey: Guid(0a4e03a74410f42b3a821493fedbe849) Importer(815301076,1909f56bfc062723c751e8b465ee728b)
Start importing Assets/ScriptableObjectUpdater.cs using Guid(0a4e03a74410f42b3a821493fedbe849) Importer(815301076,1909f56bfc062723c751e8b465ee728b) (PreviewImporter) -> (artifact id: '00000000000000000000000000000000') in 0.000253083 seconds
Import Error Code:(4)
Message: Build asset version error: assets/scriptableobjectupdater.cs in SourceAssetDB has modification time of '2025-08-27T14:17:16Z' while content on disk has modification time of '2025-08-27T14:18:12Z'
  ERROR: Build asset version error: assets/scriptableobjectupdater.cs in SourceAssetDB has modification time of '2025-08-27T14:17:16Z' while content on disk has modification time of '2025-08-27T14:18:12Z'
Number of updated asset objects reloaded before import = 0Number of asset objects unloaded after import = 0

========================================================================
Received Import Request.
  Time since last request: 0.203681 seconds.
  path: Assets/ScriptableObjectUpdater.cs
  artifactKey: Guid(0a4e03a74410f42b3a821493fedbe849) Importer(815301076,1909f56bfc062723c751e8b465ee728b)
Start importing Assets/ScriptableObjectUpdater.cs using Guid(0a4e03a74410f42b3a821493fedbe849) Importer(815301076,1909f56bfc062723c751e8b465ee728b) (PreviewImporter) -> (artifact id: '00000000000000000000000000000000') in 0.000343667 seconds
Import Error Code:(4)
Message: Build asset version error: assets/scriptableobjectupdater.cs in SourceAssetDB has modification time of '2025-08-27T14:17:16Z' while content on disk has modification time of '2025-08-27T14:18:12Z'
  ERROR: Build asset version error: assets/scriptableobjectupdater.cs in SourceAssetDB has modification time of '2025-08-27T14:17:16Z' while content on disk has modification time of '2025-08-27T14:18:12Z'
Number of updated asset objects reloaded before import = 0Number of asset objects unloaded after import = 0

========================================================================
Received Import Request.
  Time since last request: 0.197902 seconds.
  path: Assets/ScriptableObjectUpdater.cs
  artifactKey: Guid(0a4e03a74410f42b3a821493fedbe849) Importer(815301076,1909f56bfc062723c751e8b465ee728b)
Start importing Assets/ScriptableObjectUpdater.cs using Guid(0a4e03a74410f42b3a821493fedbe849) Importer(815301076,1909f56bfc062723c751e8b465ee728b) (PreviewImporter) -> (artifact id: '00000000000000000000000000000000') in 0.000328125 seconds
Import Error Code:(4)
Message: Build asset version error: assets/scriptableobjectupdater.cs in SourceAssetDB has modification time of '2025-08-27T14:17:16Z' while content on disk has modification time of '2025-08-27T14:18:12Z'
  ERROR: Build asset version error: assets/scriptableobjectupdater.cs in SourceAssetDB has modification time of '2025-08-27T14:17:16Z' while content on disk has modification time of '2025-08-27T14:18:12Z'
Number of updated asset objects reloaded before import = 0Number of asset objects unloaded after import = 0

========================================================================
Received Import Request.
  Time since last request: 0.201111 seconds.
  path: Assets/ScriptableObjectUpdater.cs
  artifactKey: Guid(0a4e03a74410f42b3a821493fedbe849) Importer(815301076,1909f56bfc062723c751e8b465ee728b)
Start importing Assets/ScriptableObjectUpdater.cs using Guid(0a4e03a74410f42b3a821493fedbe849) Importer(815301076,1909f56bfc062723c751e8b465ee728b) (PreviewImporter) -> (artifact id: '00000000000000000000000000000000') in 0.000382083 seconds
Import Error Code:(4)
Message: Build asset version error: assets/scriptableobjectupdater.cs in SourceAssetDB has modification time of '2025-08-27T14:17:16Z' while content on disk has modification time of '2025-08-27T14:18:12Z'
  ERROR: Build asset version error: assets/scriptableobjectupdater.cs in SourceAssetDB has modification time of '2025-08-27T14:17:16Z' while content on disk has modification time of '2025-08-27T14:18:12Z'
Number of updated asset objects reloaded before import = 0Number of asset objects unloaded after import = 0

========================================================================
Received Import Request.
  Time since last request: 0.194733 seconds.
  path: Assets/ScriptableObjectUpdater.cs
  artifactKey: Guid(0a4e03a74410f42b3a821493fedbe849) Importer(815301076,1909f56bfc062723c751e8b465ee728b)
Start importing Assets/ScriptableObjectUpdater.cs using Guid(0a4e03a74410f42b3a821493fedbe849) Importer(815301076,1909f56bfc062723c751e8b465ee728b) (PreviewImporter) -> (artifact id: '00000000000000000000000000000000') in 0.000249791 seconds
Import Error Code:(4)
Message: Build asset version error: assets/scriptableobjectupdater.cs in SourceAssetDB has modification time of '2025-08-27T14:17:16Z' while content on disk has modification time of '2025-08-27T14:18:12Z'
  ERROR: Build asset version error: assets/scriptableobjectupdater.cs in SourceAssetDB has modification time of '2025-08-27T14:17:16Z' while content on disk has modification time of '2025-08-27T14:18:12Z'
Number of updated asset objects reloaded before import = 0Number of asset objects unloaded after import = 0

========================================================================
Received Import Request.
  Time since last request: 0.104302 seconds.
  path: Assets/ScriptableObjectUpdater.cs
  artifactKey: Guid(0a4e03a74410f42b3a821493fedbe849) Importer(815301076,1909f56bfc062723c751e8b465ee728b)
Start importing Assets/ScriptableObjectUpdater.cs using Guid(0a4e03a74410f42b3a821493fedbe849) Importer(815301076,1909f56bfc062723c751e8b465ee728b) (PreviewImporter) -> (artifact id: '00000000000000000000000000000000') in 0.000366209 seconds
Import Error Code:(4)
Message: Build asset version error: assets/scriptableobjectupdater.cs in SourceAssetDB has modification time of '2025-08-27T14:17:16Z' while content on disk has modification time of '2025-08-27T14:18:12Z'
  ERROR: Build asset version error: assets/scriptableobjectupdater.cs in SourceAssetDB has modification time of '2025-08-27T14:17:16Z' while content on disk has modification time of '2025-08-27T14:18:12Z'
Number of updated asset objects reloaded before import = 0Number of asset objects unloaded after import = 0

========================================================================
Received Import Request.
  Time since last request: 0.200180 seconds.
  path: Assets/ScriptableObjectUpdater.cs
  artifactKey: Guid(0a4e03a74410f42b3a821493fedbe849) Importer(815301076,1909f56bfc062723c751e8b465ee728b)
Start importing Assets/ScriptableObjectUpdater.cs using Guid(0a4e03a74410f42b3a821493fedbe849) Importer(815301076,1909f56bfc062723c751e8b465ee728b) (PreviewImporter) -> (artifact id: '00000000000000000000000000000000') in 0.000329291 seconds
Import Error Code:(4)
Message: Build asset version error: assets/scriptableobjectupdater.cs in SourceAssetDB has modification time of '2025-08-27T14:17:16Z' while content on disk has modification time of '2025-08-27T14:18:12Z'
  ERROR: Build asset version error: assets/scriptableobjectupdater.cs in SourceAssetDB has modification time of '2025-08-27T14:17:16Z' while content on disk has modification time of '2025-08-27T14:18:12Z'
Number of updated asset objects reloaded before import = 0Number of asset objects unloaded after import = 0

========================================================================
Received Import Request.
  Time since last request: 0.198318 seconds.
  path: Assets/ScriptableObjectUpdater.cs
  artifactKey: Guid(0a4e03a74410f42b3a821493fedbe849) Importer(815301076,1909f56bfc062723c751e8b465ee728b)
Start importing Assets/ScriptableObjectUpdater.cs using Guid(0a4e03a74410f42b3a821493fedbe849) Importer(815301076,1909f56bfc062723c751e8b465ee728b) (PreviewImporter) -> (artifact id: '00000000000000000000000000000000') in 0.0002395 seconds
Import Error Code:(4)
Message: Build asset version error: assets/scriptableobjectupdater.cs in SourceAssetDB has modification time of '2025-08-27T14:17:16Z' while content on disk has modification time of '2025-08-27T14:18:12Z'
  ERROR: Build asset version error: assets/scriptableobjectupdater.cs in SourceAssetDB has modification time of '2025-08-27T14:17:16Z' while content on disk has modification time of '2025-08-27T14:18:12Z'
Number of updated asset objects reloaded before import = 0Number of asset objects unloaded after import = 0

========================================================================
Received Import Request.
  Time since last request: 0.092322 seconds.
  path: Assets/ScriptableObjectUpdater.cs
  artifactKey: Guid(0a4e03a74410f42b3a821493fedbe849) Importer(815301076,1909f56bfc062723c751e8b465ee728b)
Start importing Assets/ScriptableObjectUpdater.cs using Guid(0a4e03a74410f42b3a821493fedbe849) Importer(815301076,1909f56bfc062723c751e8b465ee728b) (PreviewImporter) -> (artifact id: '00000000000000000000000000000000') in 0.000250584 seconds
Import Error Code:(4)
Message: Build asset version error: assets/scriptableobjectupdater.cs in SourceAssetDB has modification time of '2025-08-27T14:17:16Z' while content on disk has modification time of '2025-08-27T14:18:12Z'
  ERROR: Build asset version error: assets/scriptableobjectupdater.cs in SourceAssetDB has modification time of '2025-08-27T14:17:16Z' while content on disk has modification time of '2025-08-27T14:18:12Z'
Number of updated asset objects reloaded before import = 0Number of asset objects unloaded after import = 0

========================================================================
Received Import Request.
  Time since last request: 0.204343 seconds.
  path: Assets/ScriptableObjectUpdater.cs
  artifactKey: Guid(0a4e03a74410f42b3a821493fedbe849) Importer(815301076,1909f56bfc062723c751e8b465ee728b)
Start importing Assets/ScriptableObjectUpdater.cs using Guid(0a4e03a74410f42b3a821493fedbe849) Importer(815301076,1909f56bfc062723c751e8b465ee728b) (PreviewImporter) -> (artifact id: '00000000000000000000000000000000') in 0.000325375 seconds
Import Error Code:(4)
Message: Build asset version error: assets/scriptableobjectupdater.cs in SourceAssetDB has modification time of '2025-08-27T14:17:16Z' while content on disk has modification time of '2025-08-27T14:18:12Z'
  ERROR: Build asset version error: assets/scriptableobjectupdater.cs in SourceAssetDB has modification time of '2025-08-27T14:17:16Z' while content on disk has modification time of '2025-08-27T14:18:12Z'
Number of updated asset objects reloaded before import = 0Number of asset objects unloaded after import = 0

========================================================================
Received Import Request.
  Time since last request: 0.205542 seconds.
  path: Assets/ScriptableObjectUpdater.cs
  artifactKey: Guid(0a4e03a74410f42b3a821493fedbe849) Importer(815301076,1909f56bfc062723c751e8b465ee728b)
Start importing Assets/ScriptableObjectUpdater.cs using Guid(0a4e03a74410f42b3a821493fedbe849) Importer(815301076,1909f56bfc062723c751e8b465ee728b) (PreviewImporter) -> (artifact id: '00000000000000000000000000000000') in 0.000442208 seconds
Import Error Code:(4)
Message: Build asset version error: assets/scriptableobjectupdater.cs in SourceAssetDB has modification time of '2025-08-27T14:17:16Z' while content on disk has modification time of '2025-08-27T14:18:12Z'
  ERROR: Build asset version error: assets/scriptableobjectupdater.cs in SourceAssetDB has modification time of '2025-08-27T14:17:16Z' while content on disk has modification time of '2025-08-27T14:18:12Z'
Number of updated asset objects reloaded before import = 0Number of asset objects unloaded after import = 0

========================================================================
Received Import Request.
  Time since last request: 0.198885 seconds.
  path: Assets/ScriptableObjectUpdater.cs
  artifactKey: Guid(0a4e03a74410f42b3a821493fedbe849) Importer(815301076,1909f56bfc062723c751e8b465ee728b)
Start importing Assets/ScriptableObjectUpdater.cs using Guid(0a4e03a74410f42b3a821493fedbe849) Importer(815301076,1909f56bfc062723c751e8b465ee728b) (PreviewImporter) -> (artifact id: '00000000000000000000000000000000') in 0.00028725 seconds
Import Error Code:(4)
Message: Build asset version error: assets/scriptableobjectupdater.cs in SourceAssetDB has modification time of '2025-08-27T14:17:16Z' while content on disk has modification time of '2025-08-27T14:18:12Z'
  ERROR: Build asset version error: assets/scriptableobjectupdater.cs in SourceAssetDB has modification time of '2025-08-27T14:17:16Z' while content on disk has modification time of '2025-08-27T14:18:12Z'
Number of updated asset objects reloaded before import = 0Number of asset objects unloaded after import = 0

========================================================================
Received Import Request.
  Time since last request: 0.195984 seconds.
  path: Assets/ScriptableObjectUpdater.cs
  artifactKey: Guid(0a4e03a74410f42b3a821493fedbe849) Importer(815301076,1909f56bfc062723c751e8b465ee728b)
Start importing Assets/ScriptableObjectUpdater.cs using Guid(0a4e03a74410f42b3a821493fedbe849) Importer(815301076,1909f56bfc062723c751e8b465ee728b) (PreviewImporter) -> (artifact id: '00000000000000000000000000000000') in 0.000374667 seconds
Import Error Code:(4)
Message: Build asset version error: assets/scriptableobjectupdater.cs in SourceAssetDB has modification time of '2025-08-27T14:17:16Z' while content on disk has modification time of '2025-08-27T14:18:12Z'
  ERROR: Build asset version error: assets/scriptableobjectupdater.cs in SourceAssetDB has modification time of '2025-08-27T14:17:16Z' while content on disk has modification time of '2025-08-27T14:18:12Z'
Number of updated asset objects reloaded before import = 0Number of asset objects unloaded after import = 0

========================================================================
Received Import Request.
  Time since last request: 0.191810 seconds.
  path: Assets/ScriptableObjectUpdater.cs
  artifactKey: Guid(0a4e03a74410f42b3a821493fedbe849) Importer(815301076,1909f56bfc062723c751e8b465ee728b)
Start importing Assets/ScriptableObjectUpdater.cs using Guid(0a4e03a74410f42b3a821493fedbe849) Importer(815301076,1909f56bfc062723c751e8b465ee728b) (PreviewImporter) -> (artifact id: '00000000000000000000000000000000') in 0.000228875 seconds
Import Error Code:(4)
Message: Build asset version error: assets/scriptableobjectupdater.cs in SourceAssetDB has modification time of '2025-08-27T14:17:16Z' while content on disk has modification time of '2025-08-27T14:18:12Z'
  ERROR: Build asset version error: assets/scriptableobjectupdater.cs in SourceAssetDB has modification time of '2025-08-27T14:17:16Z' while content on disk has modification time of '2025-08-27T14:18:12Z'
Number of updated asset objects reloaded before import = 0Number of asset objects unloaded after import = 0

========================================================================
Received Import Request.
  Time since last request: 0.104825 seconds.
  path: Assets/ScriptableObjectUpdater.cs
  artifactKey: Guid(0a4e03a74410f42b3a821493fedbe849) Importer(815301076,1909f56bfc062723c751e8b465ee728b)
Start importing Assets/ScriptableObjectUpdater.cs using Guid(0a4e03a74410f42b3a821493fedbe849) Importer(815301076,1909f56bfc062723c751e8b465ee728b) (PreviewImporter) -> (artifact id: '00000000000000000000000000000000') in 0.000331 seconds
Import Error Code:(4)
Message: Build asset version error: assets/scriptableobjectupdater.cs in SourceAssetDB has modification time of '2025-08-27T14:17:16Z' while content on disk has modification time of '2025-08-27T14:18:12Z'
  ERROR: Build asset version error: assets/scriptableobjectupdater.cs in SourceAssetDB has modification time of '2025-08-27T14:17:16Z' while content on disk has modification time of '2025-08-27T14:18:12Z'
Number of updated asset objects reloaded before import = 0Number of asset objects unloaded after import = 0

========================================================================
Received Import Request.
  Time since last request: 0.200726 seconds.
  path: Assets/ScriptableObjectUpdater.cs
  artifactKey: Guid(0a4e03a74410f42b3a821493fedbe849) Importer(815301076,1909f56bfc062723c751e8b465ee728b)
Start importing Assets/ScriptableObjectUpdater.cs using Guid(0a4e03a74410f42b3a821493fedbe849) Importer(815301076,1909f56bfc062723c751e8b465ee728b) (PreviewImporter) -> (artifact id: '00000000000000000000000000000000') in 0.000310542 seconds
Import Error Code:(4)
Message: Build asset version error: assets/scriptableobjectupdater.cs in SourceAssetDB has modification time of '2025-08-27T14:17:16Z' while content on disk has modification time of '2025-08-27T14:18:12Z'
  ERROR: Build asset version error: assets/scriptableobjectupdater.cs in SourceAssetDB has modification time of '2025-08-27T14:17:16Z' while content on disk has modification time of '2025-08-27T14:18:12Z'
Number of updated asset objects reloaded before import = 0Number of asset objects unloaded after import = 0

========================================================================
Received Import Request.
  Time since last request: 0.203254 seconds.
  path: Assets/ScriptableObjectUpdater.cs
  artifactKey: Guid(0a4e03a74410f42b3a821493fedbe849) Importer(815301076,1909f56bfc062723c751e8b465ee728b)
Start importing Assets/ScriptableObjectUpdater.cs using Guid(0a4e03a74410f42b3a821493fedbe849) Importer(815301076,1909f56bfc062723c751e8b465ee728b) (PreviewImporter) -> (artifact id: '00000000000000000000000000000000') in 0.000391375 seconds
Import Error Code:(4)
Message: Build asset version error: assets/scriptableobjectupdater.cs in SourceAssetDB has modification time of '2025-08-27T14:17:16Z' while content on disk has modification time of '2025-08-27T14:18:12Z'
  ERROR: Build asset version error: assets/scriptableobjectupdater.cs in SourceAssetDB has modification time of '2025-08-27T14:17:16Z' while content on disk has modification time of '2025-08-27T14:18:12Z'
Number of updated asset objects reloaded before import = 0Number of asset objects unloaded after import = 0

========================================================================
Received Import Request.
  Time since last request: 0.217595 seconds.
  path: Assets/ScriptableObjectUpdater.cs
  artifactKey: Guid(0a4e03a74410f42b3a821493fedbe849) Importer(815301076,1909f56bfc062723c751e8b465ee728b)
Start importing Assets/ScriptableObjectUpdater.cs using Guid(0a4e03a74410f42b3a821493fedbe849) Importer(815301076,1909f56bfc062723c751e8b465ee728b) (PreviewImporter) -> (artifact id: '00000000000000000000000000000000') in 0.000272416 seconds
Import Error Code:(4)
Message: Build asset version error: assets/scriptableobjectupdater.cs in SourceAssetDB has modification time of '2025-08-27T14:17:16Z' while content on disk has modification time of '2025-08-27T14:18:12Z'
  ERROR: Build asset version error: assets/scriptableobjectupdater.cs in SourceAssetDB has modification time of '2025-08-27T14:17:16Z' while content on disk has modification time of '2025-08-27T14:18:12Z'
Number of updated asset objects reloaded before import = 0Number of asset objects unloaded after import = 0

========================================================================
Received Import Request.
  Time since last request: 0.172951 seconds.
  path: Assets/ScriptableObjectUpdater.cs
  artifactKey: Guid(0a4e03a74410f42b3a821493fedbe849) Importer(815301076,1909f56bfc062723c751e8b465ee728b)
Start importing Assets/ScriptableObjectUpdater.cs using Guid(0a4e03a74410f42b3a821493fedbe849) Importer(815301076,1909f56bfc062723c751e8b465ee728b) (PreviewImporter) -> (artifact id: '00000000000000000000000000000000') in 0.000372667 seconds
Import Error Code:(4)
Message: Build asset version error: assets/scriptableobjectupdater.cs in SourceAssetDB has modification time of '2025-08-27T14:17:16Z' while content on disk has modification time of '2025-08-27T14:18:12Z'
  ERROR: Build asset version error: assets/scriptableobjectupdater.cs in SourceAssetDB has modification time of '2025-08-27T14:17:16Z' while content on disk has modification time of '2025-08-27T14:18:12Z'
Number of updated asset objects reloaded before import = 0Number of asset objects unloaded after import = 0

========================================================================
Received Import Request.
  Time since last request: 0.101657 seconds.
  path: Assets/ScriptableObjectUpdater.cs
  artifactKey: Guid(0a4e03a74410f42b3a821493fedbe849) Importer(815301076,1909f56bfc062723c751e8b465ee728b)
Start importing Assets/ScriptableObjectUpdater.cs using Guid(0a4e03a74410f42b3a821493fedbe849) Importer(815301076,1909f56bfc062723c751e8b465ee728b) (PreviewImporter) -> (artifact id: '00000000000000000000000000000000') in 0.000435333 seconds
Import Error Code:(4)
Message: Build asset version error: assets/scriptableobjectupdater.cs in SourceAssetDB has modification time of '2025-08-27T14:17:16Z' while content on disk has modification time of '2025-08-27T14:18:12Z'
  ERROR: Build asset version error: assets/scriptableobjectupdater.cs in SourceAssetDB has modification time of '2025-08-27T14:17:16Z' while content on disk has modification time of '2025-08-27T14:18:12Z'
Number of updated asset objects reloaded before import = 0Number of asset objects unloaded after import = 0

========================================================================
Received Import Request.
  Time since last request: 0.198942 seconds.
  path: Assets/ScriptableObjectUpdater.cs
  artifactKey: Guid(0a4e03a74410f42b3a821493fedbe849) Importer(815301076,1909f56bfc062723c751e8b465ee728b)
Start importing Assets/ScriptableObjectUpdater.cs using Guid(0a4e03a74410f42b3a821493fedbe849) Importer(815301076,1909f56bfc062723c751e8b465ee728b) (PreviewImporter) -> (artifact id: '00000000000000000000000000000000') in 0.0004085 seconds
Import Error Code:(4)
Message: Build asset version error: assets/scriptableobjectupdater.cs in SourceAssetDB has modification time of '2025-08-27T14:17:16Z' while content on disk has modification time of '2025-08-27T14:18:12Z'
  ERROR: Build asset version error: assets/scriptableobjectupdater.cs in SourceAssetDB has modification time of '2025-08-27T14:17:16Z' while content on disk has modification time of '2025-08-27T14:18:12Z'
Number of updated asset objects reloaded before import = 0Number of asset objects unloaded after import = 0

========================================================================
Received Import Request.
  Time since last request: 0.093139 seconds.
  path: Assets/ScriptableObjectUpdater.cs
  artifactKey: Guid(0a4e03a74410f42b3a821493fedbe849) Importer(815301076,1909f56bfc062723c751e8b465ee728b)
Start importing Assets/ScriptableObjectUpdater.cs using Guid(0a4e03a74410f42b3a821493fedbe849) Importer(815301076,1909f56bfc062723c751e8b465ee728b) (PreviewImporter) -> (artifact id: '00000000000000000000000000000000') in 0.000304542 seconds
Import Error Code:(4)
Message: Build asset version error: assets/scriptableobjectupdater.cs in SourceAssetDB has modification time of '2025-08-27T14:17:16Z' while content on disk has modification time of '2025-08-27T14:18:12Z'
  ERROR: Build asset version error: assets/scriptableobjectupdater.cs in SourceAssetDB has modification time of '2025-08-27T14:17:16Z' while content on disk has modification time of '2025-08-27T14:18:12Z'
Number of updated asset objects reloaded before import = 0Number of asset objects unloaded after import = 0

========================================================================
Received Import Request.
  Time since last request: 0.200278 seconds.
  path: Assets/ScriptableObjectUpdater.cs
  artifactKey: Guid(0a4e03a74410f42b3a821493fedbe849) Importer(815301076,1909f56bfc062723c751e8b465ee728b)
Start importing Assets/ScriptableObjectUpdater.cs using Guid(0a4e03a74410f42b3a821493fedbe849) Importer(815301076,1909f56bfc062723c751e8b465ee728b) (PreviewImporter) -> (artifact id: '00000000000000000000000000000000') in 0.000334083 seconds
Import Error Code:(4)
Message: Build asset version error: assets/scriptableobjectupdater.cs in SourceAssetDB has modification time of '2025-08-27T14:17:16Z' while content on disk has modification time of '2025-08-27T14:18:12Z'
  ERROR: Build asset version error: assets/scriptableobjectupdater.cs in SourceAssetDB has modification time of '2025-08-27T14:17:16Z' while content on disk has modification time of '2025-08-27T14:18:12Z'
Number of updated asset objects reloaded before import = 0Number of asset objects unloaded after import = 0

========================================================================
Received Import Request.
  Time since last request: 0.101895 seconds.
  path: Assets/ScriptableObjectUpdater.cs
  artifactKey: Guid(0a4e03a74410f42b3a821493fedbe849) Importer(815301076,1909f56bfc062723c751e8b465ee728b)
Start importing Assets/ScriptableObjectUpdater.cs using Guid(0a4e03a74410f42b3a821493fedbe849) Importer(815301076,1909f56bfc062723c751e8b465ee728b) (PreviewImporter) -> (artifact id: '00000000000000000000000000000000') in 0.000357875 seconds
Import Error Code:(4)
Message: Build asset version error: assets/scriptableobjectupdater.cs in SourceAssetDB has modification time of '2025-08-27T14:17:16Z' while content on disk has modification time of '2025-08-27T14:18:12Z'
  ERROR: Build asset version error: assets/scriptableobjectupdater.cs in SourceAssetDB has modification time of '2025-08-27T14:17:16Z' while content on disk has modification time of '2025-08-27T14:18:12Z'
Number of updated asset objects reloaded before import = 0Number of asset objects unloaded after import = 0

========================================================================
Received Import Request.
  Time since last request: 0.200942 seconds.
  path: Assets/ScriptableObjectUpdater.cs
  artifactKey: Guid(0a4e03a74410f42b3a821493fedbe849) Importer(815301076,1909f56bfc062723c751e8b465ee728b)
Start importing Assets/ScriptableObjectUpdater.cs using Guid(0a4e03a74410f42b3a821493fedbe849) Importer(815301076,1909f56bfc062723c751e8b465ee728b) (PreviewImporter) -> (artifact id: '00000000000000000000000000000000') in 0.000319417 seconds
Import Error Code:(4)
Message: Build asset version error: assets/scriptableobjectupdater.cs in SourceAssetDB has modification time of '2025-08-27T14:17:16Z' while content on disk has modification time of '2025-08-27T14:18:12Z'
  ERROR: Build asset version error: assets/scriptableobjectupdater.cs in SourceAssetDB has modification time of '2025-08-27T14:17:16Z' while content on disk has modification time of '2025-08-27T14:18:12Z'
Number of updated asset objects reloaded before import = 0Number of asset objects unloaded after import = 0

========================================================================
Received Import Request.
  Time since last request: 0.199546 seconds.
  path: Assets/ScriptableObjectUpdater.cs
  artifactKey: Guid(0a4e03a74410f42b3a821493fedbe849) Importer(815301076,1909f56bfc062723c751e8b465ee728b)
Start importing Assets/ScriptableObjectUpdater.cs using Guid(0a4e03a74410f42b3a821493fedbe849) Importer(815301076,1909f56bfc062723c751e8b465ee728b) (PreviewImporter) -> (artifact id: '00000000000000000000000000000000') in 0.000385167 seconds
Import Error Code:(4)
Message: Build asset version error: assets/scriptableobjectupdater.cs in SourceAssetDB has modification time of '2025-08-27T14:17:16Z' while content on disk has modification time of '2025-08-27T14:18:12Z'
  ERROR: Build asset version error: assets/scriptableobjectupdater.cs in SourceAssetDB has modification time of '2025-08-27T14:17:16Z' while content on disk has modification time of '2025-08-27T14:18:12Z'
Number of updated asset objects reloaded before import = 0Number of asset objects unloaded after import = 0

========================================================================
Received Import Request.
  Time since last request: 0.196922 seconds.
  path: Assets/ScriptableObjectUpdater.cs
  artifactKey: Guid(0a4e03a74410f42b3a821493fedbe849) Importer(815301076,1909f56bfc062723c751e8b465ee728b)
Start importing Assets/ScriptableObjectUpdater.cs using Guid(0a4e03a74410f42b3a821493fedbe849) Importer(815301076,1909f56bfc062723c751e8b465ee728b) (PreviewImporter) -> (artifact id: '00000000000000000000000000000000') in 0.00033325 seconds
Import Error Code:(4)
Message: Build asset version error: assets/scriptableobjectupdater.cs in SourceAssetDB has modification time of '2025-08-27T14:17:16Z' while content on disk has modification time of '2025-08-27T14:18:12Z'
  ERROR: Build asset version error: assets/scriptableobjectupdater.cs in SourceAssetDB has modification time of '2025-08-27T14:17:16Z' while content on disk has modification time of '2025-08-27T14:18:12Z'
Number of updated asset objects reloaded before import = 0Number of asset objects unloaded after import = 0

========================================================================
Received Import Request.
  Time since last request: 0.101027 seconds.
  path: Assets/ScriptableObjectUpdater.cs
  artifactKey: Guid(0a4e03a74410f42b3a821493fedbe849) Importer(815301076,1909f56bfc062723c751e8b465ee728b)
Start importing Assets/ScriptableObjectUpdater.cs using Guid(0a4e03a74410f42b3a821493fedbe849) Importer(815301076,1909f56bfc062723c751e8b465ee728b) (PreviewImporter) -> (artifact id: '00000000000000000000000000000000') in 0.000259042 seconds
Import Error Code:(4)
Message: Build asset version error: assets/scriptableobjectupdater.cs in SourceAssetDB has modification time of '2025-08-27T14:17:16Z' while content on disk has modification time of '2025-08-27T14:18:12Z'
  ERROR: Build asset version error: assets/scriptableobjectupdater.cs in SourceAssetDB has modification time of '2025-08-27T14:17:16Z' while content on disk has modification time of '2025-08-27T14:18:12Z'
Number of updated asset objects reloaded before import = 0Number of asset objects unloaded after import = 0

========================================================================
Received Import Request.
  Time since last request: 0.092091 seconds.
  path: Assets/ScriptableObjectUpdater.cs
  artifactKey: Guid(0a4e03a74410f42b3a821493fedbe849) Importer(815301076,1909f56bfc062723c751e8b465ee728b)
Start importing Assets/ScriptableObjectUpdater.cs using Guid(0a4e03a74410f42b3a821493fedbe849) Importer(815301076,1909f56bfc062723c751e8b465ee728b) (PreviewImporter) -> (artifact id: '00000000000000000000000000000000') in 0.00024625 seconds
Import Error Code:(4)
Message: Build asset version error: assets/scriptableobjectupdater.cs in SourceAssetDB has modification time of '2025-08-27T14:17:16Z' while content on disk has modification time of '2025-08-27T14:18:12Z'
  ERROR: Build asset version error: assets/scriptableobjectupdater.cs in SourceAssetDB has modification time of '2025-08-27T14:17:16Z' while content on disk has modification time of '2025-08-27T14:18:12Z'
Number of updated asset objects reloaded before import = 0Number of asset objects unloaded after import = 0

========================================================================
Received Import Request.
  Time since last request: 0.205262 seconds.
  path: Assets/ScriptableObjectUpdater.cs
  artifactKey: Guid(0a4e03a74410f42b3a821493fedbe849) Importer(815301076,1909f56bfc062723c751e8b465ee728b)
Start importing Assets/ScriptableObjectUpdater.cs using Guid(0a4e03a74410f42b3a821493fedbe849) Importer(815301076,1909f56bfc062723c751e8b465ee728b) (PreviewImporter) -> (artifact id: '00000000000000000000000000000000') in 0.000304959 seconds
Import Error Code:(4)
Message: Build asset version error: assets/scriptableobjectupdater.cs in SourceAssetDB has modification time of '2025-08-27T14:17:16Z' while content on disk has modification time of '2025-08-27T14:18:12Z'
  ERROR: Build asset version error: assets/scriptableobjectupdater.cs in SourceAssetDB has modification time of '2025-08-27T14:17:16Z' while content on disk has modification time of '2025-08-27T14:18:12Z'
Number of updated asset objects reloaded before import = 0Number of asset objects unloaded after import = 0

========================================================================
Received Import Request.
  Time since last request: 0.099858 seconds.
  path: Assets/ScriptableObjectUpdater.cs
  artifactKey: Guid(0a4e03a74410f42b3a821493fedbe849) Importer(815301076,1909f56bfc062723c751e8b465ee728b)
Start importing Assets/ScriptableObjectUpdater.cs using Guid(0a4e03a74410f42b3a821493fedbe849) Importer(815301076,1909f56bfc062723c751e8b465ee728b) (PreviewImporter) -> (artifact id: '00000000000000000000000000000000') in 0.000283917 seconds
Import Error Code:(4)
Message: Build asset version error: assets/scriptableobjectupdater.cs in SourceAssetDB has modification time of '2025-08-27T14:17:16Z' while content on disk has modification time of '2025-08-27T14:18:12Z'
  ERROR: Build asset version error: assets/scriptableobjectupdater.cs in SourceAssetDB has modification time of '2025-08-27T14:17:16Z' while content on disk has modification time of '2025-08-27T14:18:12Z'
Number of updated asset objects reloaded before import = 0Number of asset objects unloaded after import = 0

========================================================================
Received Import Request.
  Time since last request: 0.198115 seconds.
  path: Assets/ScriptableObjectUpdater.cs
  artifactKey: Guid(0a4e03a74410f42b3a821493fedbe849) Importer(815301076,1909f56bfc062723c751e8b465ee728b)
Start importing Assets/ScriptableObjectUpdater.cs using Guid(0a4e03a74410f42b3a821493fedbe849) Importer(815301076,1909f56bfc062723c751e8b465ee728b) (PreviewImporter) -> (artifact id: '00000000000000000000000000000000') in 0.000341542 seconds
Import Error Code:(4)
Message: Build asset version error: assets/scriptableobjectupdater.cs in SourceAssetDB has modification time of '2025-08-27T14:17:16Z' while content on disk has modification time of '2025-08-27T14:18:12Z'
  ERROR: Build asset version error: assets/scriptableobjectupdater.cs in SourceAssetDB has modification time of '2025-08-27T14:17:16Z' while content on disk has modification time of '2025-08-27T14:18:12Z'
Number of updated asset objects reloaded before import = 0Number of asset objects unloaded after import = 0

========================================================================
Received Import Request.
  Time since last request: 0.191810 seconds.
  path: Assets/ScriptableObjectUpdater.cs
  artifactKey: Guid(0a4e03a74410f42b3a821493fedbe849) Importer(815301076,1909f56bfc062723c751e8b465ee728b)
Start importing Assets/ScriptableObjectUpdater.cs using Guid(0a4e03a74410f42b3a821493fedbe849) Importer(815301076,1909f56bfc062723c751e8b465ee728b) (PreviewImporter) -> (artifact id: '00000000000000000000000000000000') in 0.000410291 seconds
Import Error Code:(4)
Message: Build asset version error: assets/scriptableobjectupdater.cs in SourceAssetDB has modification time of '2025-08-27T14:17:16Z' while content on disk has modification time of '2025-08-27T14:18:12Z'
  ERROR: Build asset version error: assets/scriptableobjectupdater.cs in SourceAssetDB has modification time of '2025-08-27T14:17:16Z' while content on disk has modification time of '2025-08-27T14:18:12Z'
Number of updated asset objects reloaded before import = 0Number of asset objects unloaded after import = 0

========================================================================
Received Import Request.
  Time since last request: 0.208370 seconds.
  path: Assets/ScriptableObjectUpdater.cs
  artifactKey: Guid(0a4e03a74410f42b3a821493fedbe849) Importer(815301076,1909f56bfc062723c751e8b465ee728b)
Start importing Assets/ScriptableObjectUpdater.cs using Guid(0a4e03a74410f42b3a821493fedbe849) Importer(815301076,1909f56bfc062723c751e8b465ee728b) (PreviewImporter) -> (artifact id: '00000000000000000000000000000000') in 0.000387208 seconds
Import Error Code:(4)
Message: Build asset version error: assets/scriptableobjectupdater.cs in SourceAssetDB has modification time of '2025-08-27T14:17:16Z' while content on disk has modification time of '2025-08-27T14:18:12Z'
  ERROR: Build asset version error: assets/scriptableobjectupdater.cs in SourceAssetDB has modification time of '2025-08-27T14:17:16Z' while content on disk has modification time of '2025-08-27T14:18:12Z'
Number of updated asset objects reloaded before import = 0Number of asset objects unloaded after import = 0

========================================================================
Received Import Request.
  Time since last request: 0.196863 seconds.
  path: Assets/ScriptableObjectUpdater.cs
  artifactKey: Guid(0a4e03a74410f42b3a821493fedbe849) Importer(815301076,1909f56bfc062723c751e8b465ee728b)
Start importing Assets/ScriptableObjectUpdater.cs using Guid(0a4e03a74410f42b3a821493fedbe849) Importer(815301076,1909f56bfc062723c751e8b465ee728b) (PreviewImporter) -> (artifact id: '00000000000000000000000000000000') in 0.000394083 seconds
Import Error Code:(4)
Message: Build asset version error: assets/scriptableobjectupdater.cs in SourceAssetDB has modification time of '2025-08-27T14:17:16Z' while content on disk has modification time of '2025-08-27T14:18:12Z'
  ERROR: Build asset version error: assets/scriptableobjectupdater.cs in SourceAssetDB has modification time of '2025-08-27T14:17:16Z' while content on disk has modification time of '2025-08-27T14:18:12Z'
Number of updated asset objects reloaded before import = 0Number of asset objects unloaded after import = 0

========================================================================
Received Import Request.
  Time since last request: 0.198917 seconds.
  path: Assets/ScriptableObjectUpdater.cs
  artifactKey: Guid(0a4e03a74410f42b3a821493fedbe849) Importer(815301076,1909f56bfc062723c751e8b465ee728b)
Start importing Assets/ScriptableObjectUpdater.cs using Guid(0a4e03a74410f42b3a821493fedbe849) Importer(815301076,1909f56bfc062723c751e8b465ee728b) (PreviewImporter) -> (artifact id: '00000000000000000000000000000000') in 0.0002895 seconds
Import Error Code:(4)
Message: Build asset version error: assets/scriptableobjectupdater.cs in SourceAssetDB has modification time of '2025-08-27T14:17:16Z' while content on disk has modification time of '2025-08-27T14:18:12Z'
  ERROR: Build asset version error: assets/scriptableobjectupdater.cs in SourceAssetDB has modification time of '2025-08-27T14:17:16Z' while content on disk has modification time of '2025-08-27T14:18:12Z'
Number of updated asset objects reloaded before import = 0Number of asset objects unloaded after import = 0

========================================================================
Received Import Request.
  Time since last request: 0.200732 seconds.
  path: Assets/ScriptableObjectUpdater.cs
  artifactKey: Guid(0a4e03a74410f42b3a821493fedbe849) Importer(815301076,1909f56bfc062723c751e8b465ee728b)
Start importing Assets/ScriptableObjectUpdater.cs using Guid(0a4e03a74410f42b3a821493fedbe849) Importer(815301076,1909f56bfc062723c751e8b465ee728b) (PreviewImporter) -> (artifact id: '00000000000000000000000000000000') in 0.000352666 seconds
Import Error Code:(4)
Message: Build asset version error: assets/scriptableobjectupdater.cs in SourceAssetDB has modification time of '2025-08-27T14:17:16Z' while content on disk has modification time of '2025-08-27T14:18:12Z'
  ERROR: Build asset version error: assets/scriptableobjectupdater.cs in SourceAssetDB has modification time of '2025-08-27T14:17:16Z' while content on disk has modification time of '2025-08-27T14:18:12Z'
Number of updated asset objects reloaded before import = 0Number of asset objects unloaded after import = 0

========================================================================
Received Import Request.
  Time since last request: 0.198175 seconds.
  path: Assets/ScriptableObjectUpdater.cs
  artifactKey: Guid(0a4e03a74410f42b3a821493fedbe849) Importer(815301076,1909f56bfc062723c751e8b465ee728b)
Start importing Assets/ScriptableObjectUpdater.cs using Guid(0a4e03a74410f42b3a821493fedbe849) Importer(815301076,1909f56bfc062723c751e8b465ee728b) (PreviewImporter) -> (artifact id: '00000000000000000000000000000000') in 0.000305292 seconds
Import Error Code:(4)
Message: Build asset version error: assets/scriptableobjectupdater.cs in SourceAssetDB has modification time of '2025-08-27T14:17:16Z' while content on disk has modification time of '2025-08-27T14:18:12Z'
  ERROR: Build asset version error: assets/scriptableobjectupdater.cs in SourceAssetDB has modification time of '2025-08-27T14:17:16Z' while content on disk has modification time of '2025-08-27T14:18:12Z'
Number of updated asset objects reloaded before import = 0Number of asset objects unloaded after import = 0

========================================================================
Received Import Request.
  Time since last request: 0.098433 seconds.
  path: Assets/ScriptableObjectUpdater.cs
  artifactKey: Guid(0a4e03a74410f42b3a821493fedbe849) Importer(815301076,1909f56bfc062723c751e8b465ee728b)
Start importing Assets/ScriptableObjectUpdater.cs using Guid(0a4e03a74410f42b3a821493fedbe849) Importer(815301076,1909f56bfc062723c751e8b465ee728b) (PreviewImporter) -> (artifact id: '00000000000000000000000000000000') in 0.000324416 seconds
Import Error Code:(4)
Message: Build asset version error: assets/scriptableobjectupdater.cs in SourceAssetDB has modification time of '2025-08-27T14:17:16Z' while content on disk has modification time of '2025-08-27T14:18:12Z'
  ERROR: Build asset version error: assets/scriptableobjectupdater.cs in SourceAssetDB has modification time of '2025-08-27T14:17:16Z' while content on disk has modification time of '2025-08-27T14:18:12Z'
Number of updated asset objects reloaded before import = 0Number of asset objects unloaded after import = 0

========================================================================
Received Import Request.
  Time since last request: 0.100221 seconds.
  path: Assets/ScriptableObjectUpdater.cs
  artifactKey: Guid(0a4e03a74410f42b3a821493fedbe849) Importer(815301076,1909f56bfc062723c751e8b465ee728b)
Start importing Assets/ScriptableObjectUpdater.cs using Guid(0a4e03a74410f42b3a821493fedbe849) Importer(815301076,1909f56bfc062723c751e8b465ee728b) (PreviewImporter) -> (artifact id: '00000000000000000000000000000000') in 0.000376416 seconds
Import Error Code:(4)
Message: Build asset version error: assets/scriptableobjectupdater.cs in SourceAssetDB has modification time of '2025-08-27T14:17:16Z' while content on disk has modification time of '2025-08-27T14:18:12Z'
  ERROR: Build asset version error: assets/scriptableobjectupdater.cs in SourceAssetDB has modification time of '2025-08-27T14:17:16Z' while content on disk has modification time of '2025-08-27T14:18:12Z'
Number of updated asset objects reloaded before import = 0Number of asset objects unloaded after import = 0

========================================================================
Received Import Request.
  Time since last request: 0.199663 seconds.
  path: Assets/ScriptableObjectUpdater.cs
  artifactKey: Guid(0a4e03a74410f42b3a821493fedbe849) Importer(815301076,1909f56bfc062723c751e8b465ee728b)
Start importing Assets/ScriptableObjectUpdater.cs using Guid(0a4e03a74410f42b3a821493fedbe849) Importer(815301076,1909f56bfc062723c751e8b465ee728b) (PreviewImporter) -> (artifact id: '00000000000000000000000000000000') in 0.000301334 seconds
Import Error Code:(4)
Message: Build asset version error: assets/scriptableobjectupdater.cs in SourceAssetDB has modification time of '2025-08-27T14:17:16Z' while content on disk has modification time of '2025-08-27T14:18:12Z'
  ERROR: Build asset version error: assets/scriptableobjectupdater.cs in SourceAssetDB has modification time of '2025-08-27T14:17:16Z' while content on disk has modification time of '2025-08-27T14:18:12Z'
Number of updated asset objects reloaded before import = 0Number of asset objects unloaded after import = 0

========================================================================
Received Import Request.
  Time since last request: 0.098962 seconds.
  path: Assets/ScriptableObjectUpdater.cs
  artifactKey: Guid(0a4e03a74410f42b3a821493fedbe849) Importer(815301076,1909f56bfc062723c751e8b465ee728b)
Start importing Assets/ScriptableObjectUpdater.cs using Guid(0a4e03a74410f42b3a821493fedbe849) Importer(815301076,1909f56bfc062723c751e8b465ee728b) (PreviewImporter) -> (artifact id: '00000000000000000000000000000000') in 0.000300833 seconds
Import Error Code:(4)
Message: Build asset version error: assets/scriptableobjectupdater.cs in SourceAssetDB has modification time of '2025-08-27T14:17:16Z' while content on disk has modification time of '2025-08-27T14:18:12Z'
  ERROR: Build asset version error: assets/scriptableobjectupdater.cs in SourceAssetDB has modification time of '2025-08-27T14:17:16Z' while content on disk has modification time of '2025-08-27T14:18:12Z'
Number of updated asset objects reloaded before import = 0Number of asset objects unloaded after import = 0

========================================================================
Received Import Request.
  Time since last request: 0.094174 seconds.
  path: Assets/ScriptableObjectUpdater.cs
  artifactKey: Guid(0a4e03a74410f42b3a821493fedbe849) Importer(815301076,1909f56bfc062723c751e8b465ee728b)
Start importing Assets/ScriptableObjectUpdater.cs using Guid(0a4e03a74410f42b3a821493fedbe849) Importer(815301076,1909f56bfc062723c751e8b465ee728b) (PreviewImporter) -> (artifact id: '00000000000000000000000000000000') in 0.000274584 seconds
Import Error Code:(4)
Message: Build asset version error: assets/scriptableobjectupdater.cs in SourceAssetDB has modification time of '2025-08-27T14:17:16Z' while content on disk has modification time of '2025-08-27T14:18:12Z'
  ERROR: Build asset version error: assets/scriptableobjectupdater.cs in SourceAssetDB has modification time of '2025-08-27T14:17:16Z' while content on disk has modification time of '2025-08-27T14:18:12Z'
Number of updated asset objects reloaded before import = 0Number of asset objects unloaded after import = 0

========================================================================
Received Import Request.
  Time since last request: 0.205092 seconds.
  path: Assets/ScriptableObjectUpdater.cs
  artifactKey: Guid(0a4e03a74410f42b3a821493fedbe849) Importer(815301076,1909f56bfc062723c751e8b465ee728b)
Start importing Assets/ScriptableObjectUpdater.cs using Guid(0a4e03a74410f42b3a821493fedbe849) Importer(815301076,1909f56bfc062723c751e8b465ee728b) (PreviewImporter) -> (artifact id: '00000000000000000000000000000000') in 0.000374083 seconds
Import Error Code:(4)
Message: Build asset version error: assets/scriptableobjectupdater.cs in SourceAssetDB has modification time of '2025-08-27T14:17:16Z' while content on disk has modification time of '2025-08-27T14:18:12Z'
  ERROR: Build asset version error: assets/scriptableobjectupdater.cs in SourceAssetDB has modification time of '2025-08-27T14:17:16Z' while content on disk has modification time of '2025-08-27T14:18:12Z'
Number of updated asset objects reloaded before import = 0Number of asset objects unloaded after import = 0

========================================================================
Received Import Request.
  Time since last request: 0.200094 seconds.
  path: Assets/ScriptableObjectUpdater.cs
  artifactKey: Guid(0a4e03a74410f42b3a821493fedbe849) Importer(815301076,1909f56bfc062723c751e8b465ee728b)
Start importing Assets/ScriptableObjectUpdater.cs using Guid(0a4e03a74410f42b3a821493fedbe849) Importer(815301076,1909f56bfc062723c751e8b465ee728b) (PreviewImporter) -> (artifact id: '00000000000000000000000000000000') in 0.000341083 seconds
Import Error Code:(4)
Message: Build asset version error: assets/scriptableobjectupdater.cs in SourceAssetDB has modification time of '2025-08-27T14:17:16Z' while content on disk has modification time of '2025-08-27T14:18:12Z'
  ERROR: Build asset version error: assets/scriptableobjectupdater.cs in SourceAssetDB has modification time of '2025-08-27T14:17:16Z' while content on disk has modification time of '2025-08-27T14:18:12Z'
Number of updated asset objects reloaded before import = 0Number of asset objects unloaded after import = 0

========================================================================
Received Import Request.
  Time since last request: 0.199895 seconds.
  path: Assets/ScriptableObjectUpdater.cs
  artifactKey: Guid(0a4e03a74410f42b3a821493fedbe849) Importer(815301076,1909f56bfc062723c751e8b465ee728b)
Start importing Assets/ScriptableObjectUpdater.cs using Guid(0a4e03a74410f42b3a821493fedbe849) Importer(815301076,1909f56bfc062723c751e8b465ee728b) (PreviewImporter) -> (artifact id: '00000000000000000000000000000000') in 0.000300542 seconds
Import Error Code:(4)
Message: Build asset version error: assets/scriptableobjectupdater.cs in SourceAssetDB has modification time of '2025-08-27T14:17:16Z' while content on disk has modification time of '2025-08-27T14:18:12Z'
  ERROR: Build asset version error: assets/scriptableobjectupdater.cs in SourceAssetDB has modification time of '2025-08-27T14:17:16Z' while content on disk has modification time of '2025-08-27T14:18:12Z'
Number of updated asset objects reloaded before import = 0Number of asset objects unloaded after import = 0

========================================================================
Received Import Request.
  Time since last request: 0.198405 seconds.
  path: Assets/ScriptableObjectUpdater.cs
  artifactKey: Guid(0a4e03a74410f42b3a821493fedbe849) Importer(815301076,1909f56bfc062723c751e8b465ee728b)
Start importing Assets/ScriptableObjectUpdater.cs using Guid(0a4e03a74410f42b3a821493fedbe849) Importer(815301076,1909f56bfc062723c751e8b465ee728b) (PreviewImporter) -> (artifact id: '00000000000000000000000000000000') in 0.00025175 seconds
Import Error Code:(4)
Message: Build asset version error: assets/scriptableobjectupdater.cs in SourceAssetDB has modification time of '2025-08-27T14:17:16Z' while content on disk has modification time of '2025-08-27T14:18:12Z'
  ERROR: Build asset version error: assets/scriptableobjectupdater.cs in SourceAssetDB has modification time of '2025-08-27T14:17:16Z' while content on disk has modification time of '2025-08-27T14:18:12Z'
Number of updated asset objects reloaded before import = 0Number of asset objects unloaded after import = 0

========================================================================
Received Import Request.
  Time since last request: 0.096859 seconds.
  path: Assets/ScriptableObjectUpdater.cs
  artifactKey: Guid(0a4e03a74410f42b3a821493fedbe849) Importer(815301076,1909f56bfc062723c751e8b465ee728b)
Start importing Assets/ScriptableObjectUpdater.cs using Guid(0a4e03a74410f42b3a821493fedbe849) Importer(815301076,1909f56bfc062723c751e8b465ee728b) (PreviewImporter) -> (artifact id: '00000000000000000000000000000000') in 0.000345708 seconds
Import Error Code:(4)
Message: Build asset version error: assets/scriptableobjectupdater.cs in SourceAssetDB has modification time of '2025-08-27T14:17:16Z' while content on disk has modification time of '2025-08-27T14:18:12Z'
  ERROR: Build asset version error: assets/scriptableobjectupdater.cs in SourceAssetDB has modification time of '2025-08-27T14:17:16Z' while content on disk has modification time of '2025-08-27T14:18:12Z'
Number of updated asset objects reloaded before import = 0Number of asset objects unloaded after import = 0

========================================================================
Received Import Request.
  Time since last request: 0.099096 seconds.
  path: Assets/ScriptableObjectUpdater.cs
  artifactKey: Guid(0a4e03a74410f42b3a821493fedbe849) Importer(815301076,1909f56bfc062723c751e8b465ee728b)
Start importing Assets/ScriptableObjectUpdater.cs using Guid(0a4e03a74410f42b3a821493fedbe849) Importer(815301076,1909f56bfc062723c751e8b465ee728b) (PreviewImporter) -> (artifact id: '00000000000000000000000000000000') in 0.0003665 seconds
Import Error Code:(4)
Message: Build asset version error: assets/scriptableobjectupdater.cs in SourceAssetDB has modification time of '2025-08-27T14:17:16Z' while content on disk has modification time of '2025-08-27T14:18:12Z'
  ERROR: Build asset version error: assets/scriptableobjectupdater.cs in SourceAssetDB has modification time of '2025-08-27T14:17:16Z' while content on disk has modification time of '2025-08-27T14:18:12Z'
Number of updated asset objects reloaded before import = 0Number of asset objects unloaded after import = 0

========================================================================
Received Import Request.
  Time since last request: 0.098758 seconds.
  path: Assets/ScriptableObjectUpdater.cs
  artifactKey: Guid(0a4e03a74410f42b3a821493fedbe849) Importer(815301076,1909f56bfc062723c751e8b465ee728b)
Start importing Assets/ScriptableObjectUpdater.cs using Guid(0a4e03a74410f42b3a821493fedbe849) Importer(815301076,1909f56bfc062723c751e8b465ee728b) (PreviewImporter) -> (artifact id: '00000000000000000000000000000000') in 0.000331625 seconds
Import Error Code:(4)
Message: Build asset version error: assets/scriptableobjectupdater.cs in SourceAssetDB has modification time of '2025-08-27T14:17:16Z' while content on disk has modification time of '2025-08-27T14:18:12Z'
  ERROR: Build asset version error: assets/scriptableobjectupdater.cs in SourceAssetDB has modification time of '2025-08-27T14:17:16Z' while content on disk has modification time of '2025-08-27T14:18:12Z'
Number of updated asset objects reloaded before import = 0Number of asset objects unloaded after import = 0

========================================================================
Received Import Request.
  Time since last request: 0.198271 seconds.
  path: Assets/ScriptableObjectUpdater.cs
  artifactKey: Guid(0a4e03a74410f42b3a821493fedbe849) Importer(815301076,1909f56bfc062723c751e8b465ee728b)
Start importing Assets/ScriptableObjectUpdater.cs using Guid(0a4e03a74410f42b3a821493fedbe849) Importer(815301076,1909f56bfc062723c751e8b465ee728b) (PreviewImporter) -> (artifact id: '00000000000000000000000000000000') in 0.000356417 seconds
Import Error Code:(4)
Message: Build asset version error: assets/scriptableobjectupdater.cs in SourceAssetDB has modification time of '2025-08-27T14:17:16Z' while content on disk has modification time of '2025-08-27T14:18:12Z'
  ERROR: Build asset version error: assets/scriptableobjectupdater.cs in SourceAssetDB has modification time of '2025-08-27T14:17:16Z' while content on disk has modification time of '2025-08-27T14:18:12Z'
Number of updated asset objects reloaded before import = 0Number of asset objects unloaded after import = 0

========================================================================
Received Import Request.
  Time since last request: 0.100927 seconds.
  path: Assets/ScriptableObjectUpdater.cs
  artifactKey: Guid(0a4e03a74410f42b3a821493fedbe849) Importer(815301076,1909f56bfc062723c751e8b465ee728b)
Start importing Assets/ScriptableObjectUpdater.cs using Guid(0a4e03a74410f42b3a821493fedbe849) Importer(815301076,1909f56bfc062723c751e8b465ee728b) (PreviewImporter) -> (artifact id: '00000000000000000000000000000000') in 0.0003635 seconds
Import Error Code:(4)
Message: Build asset version error: assets/scriptableobjectupdater.cs in SourceAssetDB has modification time of '2025-08-27T14:17:16Z' while content on disk has modification time of '2025-08-27T14:18:12Z'
  ERROR: Build asset version error: assets/scriptableobjectupdater.cs in SourceAssetDB has modification time of '2025-08-27T14:17:16Z' while content on disk has modification time of '2025-08-27T14:18:12Z'
Number of updated asset objects reloaded before import = 0Number of asset objects unloaded after import = 0

========================================================================
Received Import Request.
  Time since last request: 0.193851 seconds.
  path: Assets/ScriptableObjectUpdater.cs
  artifactKey: Guid(0a4e03a74410f42b3a821493fedbe849) Importer(815301076,1909f56bfc062723c751e8b465ee728b)
Start importing Assets/ScriptableObjectUpdater.cs using Guid(0a4e03a74410f42b3a821493fedbe849) Importer(815301076,1909f56bfc062723c751e8b465ee728b) (PreviewImporter) -> (artifact id: '00000000000000000000000000000000') in 0.000490125 seconds
Import Error Code:(4)
Message: Build asset version error: assets/scriptableobjectupdater.cs in SourceAssetDB has modification time of '2025-08-27T14:17:16Z' while content on disk has modification time of '2025-08-27T14:18:12Z'
  ERROR: Build asset version error: assets/scriptableobjectupdater.cs in SourceAssetDB has modification time of '2025-08-27T14:17:16Z' while content on disk has modification time of '2025-08-27T14:18:12Z'
Number of updated asset objects reloaded before import = 0Number of asset objects unloaded after import = 0

========================================================================
Received Import Request.
  Time since last request: 0.097856 seconds.
  path: Assets/ScriptableObjectUpdater.cs
  artifactKey: Guid(0a4e03a74410f42b3a821493fedbe849) Importer(815301076,1909f56bfc062723c751e8b465ee728b)
Start importing Assets/ScriptableObjectUpdater.cs using Guid(0a4e03a74410f42b3a821493fedbe849) Importer(815301076,1909f56bfc062723c751e8b465ee728b) (PreviewImporter) -> (artifact id: '00000000000000000000000000000000') in 0.000276917 seconds
Import Error Code:(4)
Message: Build asset version error: assets/scriptableobjectupdater.cs in SourceAssetDB has modification time of '2025-08-27T14:17:16Z' while content on disk has modification time of '2025-08-27T14:18:12Z'
  ERROR: Build asset version error: assets/scriptableobjectupdater.cs in SourceAssetDB has modification time of '2025-08-27T14:17:16Z' while content on disk has modification time of '2025-08-27T14:18:12Z'
Number of updated asset objects reloaded before import = 0Number of asset objects unloaded after import = 0

========================================================================
Received Import Request.
  Time since last request: 0.101120 seconds.
  path: Assets/ScriptableObjectUpdater.cs
  artifactKey: Guid(0a4e03a74410f42b3a821493fedbe849) Importer(815301076,1909f56bfc062723c751e8b465ee728b)
Start importing Assets/ScriptableObjectUpdater.cs using Guid(0a4e03a74410f42b3a821493fedbe849) Importer(815301076,1909f56bfc062723c751e8b465ee728b) (PreviewImporter) -> (artifact id: '00000000000000000000000000000000') in 0.000251917 seconds
Import Error Code:(4)
Message: Build asset version error: assets/scriptableobjectupdater.cs in SourceAssetDB has modification time of '2025-08-27T14:17:16Z' while content on disk has modification time of '2025-08-27T14:18:12Z'
  ERROR: Build asset version error: assets/scriptableobjectupdater.cs in SourceAssetDB has modification time of '2025-08-27T14:17:16Z' while content on disk has modification time of '2025-08-27T14:18:12Z'
Number of updated asset objects reloaded before import = 0Number of asset objects unloaded after import = 0

========================================================================
Received Import Request.
  Time since last request: 0.205879 seconds.
  path: Assets/ScriptableObjectUpdater.cs
  artifactKey: Guid(0a4e03a74410f42b3a821493fedbe849) Importer(815301076,1909f56bfc062723c751e8b465ee728b)
Start importing Assets/ScriptableObjectUpdater.cs using Guid(0a4e03a74410f42b3a821493fedbe849) Importer(815301076,1909f56bfc062723c751e8b465ee728b) (PreviewImporter) -> (artifact id: '00000000000000000000000000000000') in 0.000386041 seconds
Import Error Code:(4)
Message: Build asset version error: assets/scriptableobjectupdater.cs in SourceAssetDB has modification time of '2025-08-27T14:17:16Z' while content on disk has modification time of '2025-08-27T14:18:12Z'
  ERROR: Build asset version error: assets/scriptableobjectupdater.cs in SourceAssetDB has modification time of '2025-08-27T14:17:16Z' while content on disk has modification time of '2025-08-27T14:18:12Z'
Number of updated asset objects reloaded before import = 0Number of asset objects unloaded after import = 0

========================================================================
Received Import Request.
  Time since last request: 0.198422 seconds.
  path: Assets/ScriptableObjectUpdater.cs
  artifactKey: Guid(0a4e03a74410f42b3a821493fedbe849) Importer(815301076,1909f56bfc062723c751e8b465ee728b)
Start importing Assets/ScriptableObjectUpdater.cs using Guid(0a4e03a74410f42b3a821493fedbe849) Importer(815301076,1909f56bfc062723c751e8b465ee728b) (PreviewImporter) -> (artifact id: '00000000000000000000000000000000') in 0.000331709 seconds
Import Error Code:(4)
Message: Build asset version error: assets/scriptableobjectupdater.cs in SourceAssetDB has modification time of '2025-08-27T14:17:16Z' while content on disk has modification time of '2025-08-27T14:18:12Z'
  ERROR: Build asset version error: assets/scriptableobjectupdater.cs in SourceAssetDB has modification time of '2025-08-27T14:17:16Z' while content on disk has modification time of '2025-08-27T14:18:12Z'
Number of updated asset objects reloaded before import = 0Number of asset objects unloaded after import = 0

========================================================================
Received Import Request.
  Time since last request: 0.200451 seconds.
  path: Assets/ScriptableObjectUpdater.cs
  artifactKey: Guid(0a4e03a74410f42b3a821493fedbe849) Importer(815301076,1909f56bfc062723c751e8b465ee728b)
Start importing Assets/ScriptableObjectUpdater.cs using Guid(0a4e03a74410f42b3a821493fedbe849) Importer(815301076,1909f56bfc062723c751e8b465ee728b) (PreviewImporter) -> (artifact id: '00000000000000000000000000000000') in 0.0004025 seconds
Import Error Code:(4)
Message: Build asset version error: assets/scriptableobjectupdater.cs in SourceAssetDB has modification time of '2025-08-27T14:17:16Z' while content on disk has modification time of '2025-08-27T14:18:12Z'
  ERROR: Build asset version error: assets/scriptableobjectupdater.cs in SourceAssetDB has modification time of '2025-08-27T14:17:16Z' while content on disk has modification time of '2025-08-27T14:18:12Z'
Number of updated asset objects reloaded before import = 0Number of asset objects unloaded after import = 0

========================================================================
Received Import Request.
  Time since last request: 0.093349 seconds.
  path: Assets/ScriptableObjectUpdater.cs
  artifactKey: Guid(0a4e03a74410f42b3a821493fedbe849) Importer(815301076,1909f56bfc062723c751e8b465ee728b)
Start importing Assets/ScriptableObjectUpdater.cs using Guid(0a4e03a74410f42b3a821493fedbe849) Importer(815301076,1909f56bfc062723c751e8b465ee728b) (PreviewImporter) -> (artifact id: '00000000000000000000000000000000') in 0.000327708 seconds
Import Error Code:(4)
Message: Build asset version error: assets/scriptableobjectupdater.cs in SourceAssetDB has modification time of '2025-08-27T14:17:16Z' while content on disk has modification time of '2025-08-27T14:18:12Z'
  ERROR: Build asset version error: assets/scriptableobjectupdater.cs in SourceAssetDB has modification time of '2025-08-27T14:17:16Z' while content on disk has modification time of '2025-08-27T14:18:12Z'
Number of updated asset objects reloaded before import = 0Number of asset objects unloaded after import = 0

========================================================================
Received Import Request.
  Time since last request: 0.101509 seconds.
  path: Assets/ScriptableObjectUpdater.cs
  artifactKey: Guid(0a4e03a74410f42b3a821493fedbe849) Importer(815301076,1909f56bfc062723c751e8b465ee728b)
Start importing Assets/ScriptableObjectUpdater.cs using Guid(0a4e03a74410f42b3a821493fedbe849) Importer(815301076,1909f56bfc062723c751e8b465ee728b) (PreviewImporter) -> (artifact id: '00000000000000000000000000000000') in 0.000374125 seconds
Import Error Code:(4)
Message: Build asset version error: assets/scriptableobjectupdater.cs in SourceAssetDB has modification time of '2025-08-27T14:17:16Z' while content on disk has modification time of '2025-08-27T14:18:12Z'
  ERROR: Build asset version error: assets/scriptableobjectupdater.cs in SourceAssetDB has modification time of '2025-08-27T14:17:16Z' while content on disk has modification time of '2025-08-27T14:18:12Z'
Number of updated asset objects reloaded before import = 0Number of asset objects unloaded after import = 0

========================================================================
Received Import Request.
  Time since last request: 0.195861 seconds.
  path: Assets/ScriptableObjectUpdater.cs
  artifactKey: Guid(0a4e03a74410f42b3a821493fedbe849) Importer(815301076,1909f56bfc062723c751e8b465ee728b)
Start importing Assets/ScriptableObjectUpdater.cs using Guid(0a4e03a74410f42b3a821493fedbe849) Importer(815301076,1909f56bfc062723c751e8b465ee728b) (PreviewImporter) -> (artifact id: '00000000000000000000000000000000') in 0.000247542 seconds
Import Error Code:(4)
Message: Build asset version error: assets/scriptableobjectupdater.cs in SourceAssetDB has modification time of '2025-08-27T14:17:16Z' while content on disk has modification time of '2025-08-27T14:18:12Z'
  ERROR: Build asset version error: assets/scriptableobjectupdater.cs in SourceAssetDB has modification time of '2025-08-27T14:17:16Z' while content on disk has modification time of '2025-08-27T14:18:12Z'
Number of updated asset objects reloaded before import = 0Number of asset objects unloaded after import = 0

========================================================================
Received Import Request.
  Time since last request: 0.101048 seconds.
  path: Assets/ScriptableObjectUpdater.cs
  artifactKey: Guid(0a4e03a74410f42b3a821493fedbe849) Importer(815301076,1909f56bfc062723c751e8b465ee728b)
Start importing Assets/ScriptableObjectUpdater.cs using Guid(0a4e03a74410f42b3a821493fedbe849) Importer(815301076,1909f56bfc062723c751e8b465ee728b) (PreviewImporter) -> (artifact id: '00000000000000000000000000000000') in 0.000272541 seconds
Import Error Code:(4)
Message: Build asset version error: assets/scriptableobjectupdater.cs in SourceAssetDB has modification time of '2025-08-27T14:17:16Z' while content on disk has modification time of '2025-08-27T14:18:12Z'
  ERROR: Build asset version error: assets/scriptableobjectupdater.cs in SourceAssetDB has modification time of '2025-08-27T14:17:16Z' while content on disk has modification time of '2025-08-27T14:18:12Z'
Number of updated asset objects reloaded before import = 0Number of asset objects unloaded after import = 0

========================================================================
Received Import Request.
  Time since last request: 0.212677 seconds.
  path: Assets/ScriptableObjectUpdater.cs
  artifactKey: Guid(0a4e03a74410f42b3a821493fedbe849) Importer(815301076,1909f56bfc062723c751e8b465ee728b)
Start importing Assets/ScriptableObjectUpdater.cs using Guid(0a4e03a74410f42b3a821493fedbe849) Importer(815301076,1909f56bfc062723c751e8b465ee728b) (PreviewImporter) -> (artifact id: '00000000000000000000000000000000') in 0.000301084 seconds
Import Error Code:(4)
Message: Build asset version error: assets/scriptableobjectupdater.cs in SourceAssetDB has modification time of '2025-08-27T14:17:16Z' while content on disk has modification time of '2025-08-27T14:18:12Z'
  ERROR: Build asset version error: assets/scriptableobjectupdater.cs in SourceAssetDB has modification time of '2025-08-27T14:17:16Z' while content on disk has modification time of '2025-08-27T14:18:12Z'
Number of updated asset objects reloaded before import = 0Number of asset objects unloaded after import = 0

========================================================================
Received Import Request.
  Time since last request: 0.187741 seconds.
  path: Assets/ScriptableObjectUpdater.cs
  artifactKey: Guid(0a4e03a74410f42b3a821493fedbe849) Importer(815301076,1909f56bfc062723c751e8b465ee728b)
Start importing Assets/ScriptableObjectUpdater.cs using Guid(0a4e03a74410f42b3a821493fedbe849) Importer(815301076,1909f56bfc062723c751e8b465ee728b) (PreviewImporter) -> (artifact id: '00000000000000000000000000000000') in 0.00036075 seconds
Import Error Code:(4)
Message: Build asset version error: assets/scriptableobjectupdater.cs in SourceAssetDB has modification time of '2025-08-27T14:17:16Z' while content on disk has modification time of '2025-08-27T14:18:12Z'
  ERROR: Build asset version error: assets/scriptableobjectupdater.cs in SourceAssetDB has modification time of '2025-08-27T14:17:16Z' while content on disk has modification time of '2025-08-27T14:18:12Z'
Number of updated asset objects reloaded before import = 0Number of asset objects unloaded after import = 0

========================================================================
Received Import Request.
  Time since last request: 0.098607 seconds.
  path: Assets/ScriptableObjectUpdater.cs
  artifactKey: Guid(0a4e03a74410f42b3a821493fedbe849) Importer(815301076,1909f56bfc062723c751e8b465ee728b)
Start importing Assets/ScriptableObjectUpdater.cs using Guid(0a4e03a74410f42b3a821493fedbe849) Importer(815301076,1909f56bfc062723c751e8b465ee728b) (PreviewImporter) -> (artifact id: '00000000000000000000000000000000') in 0.000343125 seconds
Import Error Code:(4)
Message: Build asset version error: assets/scriptableobjectupdater.cs in SourceAssetDB has modification time of '2025-08-27T14:17:16Z' while content on disk has modification time of '2025-08-27T14:18:12Z'
  ERROR: Build asset version error: assets/scriptableobjectupdater.cs in SourceAssetDB has modification time of '2025-08-27T14:17:16Z' while content on disk has modification time of '2025-08-27T14:18:12Z'
Number of updated asset objects reloaded before import = 0Number of asset objects unloaded after import = 0

========================================================================
Received Import Request.
  Time since last request: 0.095785 seconds.
  path: Assets/ScriptableObjectUpdater.cs
  artifactKey: Guid(0a4e03a74410f42b3a821493fedbe849) Importer(815301076,1909f56bfc062723c751e8b465ee728b)
Start importing Assets/ScriptableObjectUpdater.cs using Guid(0a4e03a74410f42b3a821493fedbe849) Importer(815301076,1909f56bfc062723c751e8b465ee728b) (PreviewImporter) -> (artifact id: '00000000000000000000000000000000') in 0.000327917 seconds
Import Error Code:(4)
Message: Build asset version error: assets/scriptableobjectupdater.cs in SourceAssetDB has modification time of '2025-08-27T14:17:16Z' while content on disk has modification time of '2025-08-27T14:18:12Z'
  ERROR: Build asset version error: assets/scriptableobjectupdater.cs in SourceAssetDB has modification time of '2025-08-27T14:17:16Z' while content on disk has modification time of '2025-08-27T14:18:12Z'
Number of updated asset objects reloaded before import = 0Number of asset objects unloaded after import = 0

========================================================================
Received Import Request.
  Time since last request: 0.205625 seconds.
  path: Assets/ScriptableObjectUpdater.cs
  artifactKey: Guid(0a4e03a74410f42b3a821493fedbe849) Importer(815301076,1909f56bfc062723c751e8b465ee728b)
Start importing Assets/ScriptableObjectUpdater.cs using Guid(0a4e03a74410f42b3a821493fedbe849) Importer(815301076,1909f56bfc062723c751e8b465ee728b) (PreviewImporter) -> (artifact id: '00000000000000000000000000000000') in 0.000368542 seconds
Import Error Code:(4)
Message: Build asset version error: assets/scriptableobjectupdater.cs in SourceAssetDB has modification time of '2025-08-27T14:17:16Z' while content on disk has modification time of '2025-08-27T14:18:12Z'
  ERROR: Build asset version error: assets/scriptableobjectupdater.cs in SourceAssetDB has modification time of '2025-08-27T14:17:16Z' while content on disk has modification time of '2025-08-27T14:18:12Z'
Number of updated asset objects reloaded before import = 0Number of asset objects unloaded after import = 0

========================================================================
Received Import Request.
  Time since last request: 0.193499 seconds.
  path: Assets/ScriptableObjectUpdater.cs
  artifactKey: Guid(0a4e03a74410f42b3a821493fedbe849) Importer(815301076,1909f56bfc062723c751e8b465ee728b)
Start importing Assets/ScriptableObjectUpdater.cs using Guid(0a4e03a74410f42b3a821493fedbe849) Importer(815301076,1909f56bfc062723c751e8b465ee728b) (PreviewImporter) -> (artifact id: '00000000000000000000000000000000') in 0.000306458 seconds
Import Error Code:(4)
Message: Build asset version error: assets/scriptableobjectupdater.cs in SourceAssetDB has modification time of '2025-08-27T14:17:16Z' while content on disk has modification time of '2025-08-27T14:18:25Z'
  ERROR: Build asset version error: assets/scriptableobjectupdater.cs in SourceAssetDB has modification time of '2025-08-27T14:17:16Z' while content on disk has modification time of '2025-08-27T14:18:25Z'
Number of updated asset objects reloaded before import = 0Number of asset objects unloaded after import = 0

========================================================================
Received Import Request.
  Time since last request: 0.205438 seconds.
  path: Assets/ScriptableObjectUpdater.cs
  artifactKey: Guid(0a4e03a74410f42b3a821493fedbe849) Importer(815301076,1909f56bfc062723c751e8b465ee728b)
Start importing Assets/ScriptableObjectUpdater.cs using Guid(0a4e03a74410f42b3a821493fedbe849) Importer(815301076,1909f56bfc062723c751e8b465ee728b) (PreviewImporter) -> (artifact id: '00000000000000000000000000000000') in 0.00033525 seconds
Import Error Code:(4)
Message: Build asset version error: assets/scriptableobjectupdater.cs in SourceAssetDB has modification time of '2025-08-27T14:17:16Z' while content on disk has modification time of '2025-08-27T14:18:25Z'
  ERROR: Build asset version error: assets/scriptableobjectupdater.cs in SourceAssetDB has modification time of '2025-08-27T14:17:16Z' while content on disk has modification time of '2025-08-27T14:18:25Z'
Number of updated asset objects reloaded before import = 0Number of asset objects unloaded after import = 0

========================================================================
Received Import Request.
  Time since last request: 0.092933 seconds.
  path: Assets/ScriptableObjectUpdater.cs
  artifactKey: Guid(0a4e03a74410f42b3a821493fedbe849) Importer(815301076,1909f56bfc062723c751e8b465ee728b)
Start importing Assets/ScriptableObjectUpdater.cs using Guid(0a4e03a74410f42b3a821493fedbe849) Importer(815301076,1909f56bfc062723c751e8b465ee728b) (PreviewImporter) -> (artifact id: '00000000000000000000000000000000') in 0.0003375 seconds
Import Error Code:(4)
Message: Build asset version error: assets/scriptableobjectupdater.cs in SourceAssetDB has modification time of '2025-08-27T14:17:16Z' while content on disk has modification time of '2025-08-27T14:18:25Z'
  ERROR: Build asset version error: assets/scriptableobjectupdater.cs in SourceAssetDB has modification time of '2025-08-27T14:17:16Z' while content on disk has modification time of '2025-08-27T14:18:25Z'
Number of updated asset objects reloaded before import = 0Number of asset objects unloaded after import = 0

========================================================================
Received Import Request.
  Time since last request: 0.101747 seconds.
  path: Assets/ScriptableObjectUpdater.cs
  artifactKey: Guid(0a4e03a74410f42b3a821493fedbe849) Importer(815301076,1909f56bfc062723c751e8b465ee728b)
Start importing Assets/ScriptableObjectUpdater.cs using Guid(0a4e03a74410f42b3a821493fedbe849) Importer(815301076,1909f56bfc062723c751e8b465ee728b) (PreviewImporter) -> (artifact id: '00000000000000000000000000000000') in 0.000236666 seconds
Import Error Code:(4)
Message: Build asset version error: assets/scriptableobjectupdater.cs in SourceAssetDB has modification time of '2025-08-27T14:17:16Z' while content on disk has modification time of '2025-08-27T14:18:25Z'
  ERROR: Build asset version error: assets/scriptableobjectupdater.cs in SourceAssetDB has modification time of '2025-08-27T14:17:16Z' while content on disk has modification time of '2025-08-27T14:18:25Z'
Number of updated asset objects reloaded before import = 0Number of asset objects unloaded after import = 0

========================================================================
Received Import Request.
  Time since last request: 0.199484 seconds.
  path: Assets/ScriptableObjectUpdater.cs
  artifactKey: Guid(0a4e03a74410f42b3a821493fedbe849) Importer(815301076,1909f56bfc062723c751e8b465ee728b)
Start importing Assets/ScriptableObjectUpdater.cs using Guid(0a4e03a74410f42b3a821493fedbe849) Importer(815301076,1909f56bfc062723c751e8b465ee728b) (PreviewImporter) -> (artifact id: '00000000000000000000000000000000') in 0.000386125 seconds
Import Error Code:(4)
Message: Build asset version error: assets/scriptableobjectupdater.cs in SourceAssetDB has modification time of '2025-08-27T14:17:16Z' while content on disk has modification time of '2025-08-27T14:18:25Z'
  ERROR: Build asset version error: assets/scriptableobjectupdater.cs in SourceAssetDB has modification time of '2025-08-27T14:17:16Z' while content on disk has modification time of '2025-08-27T14:18:25Z'
Number of updated asset objects reloaded before import = 0Number of asset objects unloaded after import = 0

========================================================================
Received Import Request.
  Time since last request: 0.097942 seconds.
  path: Assets/ScriptableObjectUpdater.cs
  artifactKey: Guid(0a4e03a74410f42b3a821493fedbe849) Importer(815301076,1909f56bfc062723c751e8b465ee728b)
Start importing Assets/ScriptableObjectUpdater.cs using Guid(0a4e03a74410f42b3a821493fedbe849) Importer(815301076,1909f56bfc062723c751e8b465ee728b) (PreviewImporter) -> (artifact id: '00000000000000000000000000000000') in 0.000254041 seconds
Import Error Code:(4)
Message: Build asset version error: assets/scriptableobjectupdater.cs in SourceAssetDB has modification time of '2025-08-27T14:17:16Z' while content on disk has modification time of '2025-08-27T14:18:25Z'
  ERROR: Build asset version error: assets/scriptableobjectupdater.cs in SourceAssetDB has modification time of '2025-08-27T14:17:16Z' while content on disk has modification time of '2025-08-27T14:18:25Z'
Number of updated asset objects reloaded before import = 0Number of asset objects unloaded after import = 0

========================================================================
Received Import Request.
  Time since last request: 0.201806 seconds.
  path: Assets/ScriptableObjectUpdater.cs
  artifactKey: Guid(0a4e03a74410f42b3a821493fedbe849) Importer(815301076,1909f56bfc062723c751e8b465ee728b)
Start importing Assets/ScriptableObjectUpdater.cs using Guid(0a4e03a74410f42b3a821493fedbe849) Importer(815301076,1909f56bfc062723c751e8b465ee728b) (PreviewImporter) -> (artifact id: '00000000000000000000000000000000') in 0.00032625 seconds
Import Error Code:(4)
Message: Build asset version error: assets/scriptableobjectupdater.cs in SourceAssetDB has modification time of '2025-08-27T14:17:16Z' while content on disk has modification time of '2025-08-27T14:18:25Z'
  ERROR: Build asset version error: assets/scriptableobjectupdater.cs in SourceAssetDB has modification time of '2025-08-27T14:17:16Z' while content on disk has modification time of '2025-08-27T14:18:25Z'
Number of updated asset objects reloaded before import = 0Number of asset objects unloaded after import = 0

========================================================================
Received Import Request.
  Time since last request: 0.198451 seconds.
  path: Assets/ScriptableObjectUpdater.cs
  artifactKey: Guid(0a4e03a74410f42b3a821493fedbe849) Importer(815301076,1909f56bfc062723c751e8b465ee728b)
Start importing Assets/ScriptableObjectUpdater.cs using Guid(0a4e03a74410f42b3a821493fedbe849) Importer(815301076,1909f56bfc062723c751e8b465ee728b) (PreviewImporter) -> (artifact id: '00000000000000000000000000000000') in 0.000377584 seconds
Import Error Code:(4)
Message: Build asset version error: assets/scriptableobjectupdater.cs in SourceAssetDB has modification time of '2025-08-27T14:17:16Z' while content on disk has modification time of '2025-08-27T14:18:25Z'
  ERROR: Build asset version error: assets/scriptableobjectupdater.cs in SourceAssetDB has modification time of '2025-08-27T14:17:16Z' while content on disk has modification time of '2025-08-27T14:18:25Z'
Number of updated asset objects reloaded before import = 0Number of asset objects unloaded after import = 0

========================================================================
Received Import Request.
  Time since last request: 0.098312 seconds.
  path: Assets/ScriptableObjectUpdater.cs
  artifactKey: Guid(0a4e03a74410f42b3a821493fedbe849) Importer(815301076,1909f56bfc062723c751e8b465ee728b)
Start importing Assets/ScriptableObjectUpdater.cs using Guid(0a4e03a74410f42b3a821493fedbe849) Importer(815301076,1909f56bfc062723c751e8b465ee728b) (PreviewImporter) -> (artifact id: '00000000000000000000000000000000') in 0.000414666 seconds
Import Error Code:(4)
Message: Build asset version error: assets/scriptableobjectupdater.cs in SourceAssetDB has modification time of '2025-08-27T14:17:16Z' while content on disk has modification time of '2025-08-27T14:18:25Z'
  ERROR: Build asset version error: assets/scriptableobjectupdater.cs in SourceAssetDB has modification time of '2025-08-27T14:17:16Z' while content on disk has modification time of '2025-08-27T14:18:25Z'
Number of updated asset objects reloaded before import = 0Number of asset objects unloaded after import = 0

========================================================================
Received Import Request.
  Time since last request: 0.095348 seconds.
  path: Assets/ScriptableObjectUpdater.cs
  artifactKey: Guid(0a4e03a74410f42b3a821493fedbe849) Importer(815301076,1909f56bfc062723c751e8b465ee728b)
Start importing Assets/ScriptableObjectUpdater.cs using Guid(0a4e03a74410f42b3a821493fedbe849) Importer(815301076,1909f56bfc062723c751e8b465ee728b) (PreviewImporter) -> (artifact id: '00000000000000000000000000000000') in 0.000300458 seconds
Import Error Code:(4)
Message: Build asset version error: assets/scriptableobjectupdater.cs in SourceAssetDB has modification time of '2025-08-27T14:17:16Z' while content on disk has modification time of '2025-08-27T14:18:25Z'
  ERROR: Build asset version error: assets/scriptableobjectupdater.cs in SourceAssetDB has modification time of '2025-08-27T14:17:16Z' while content on disk has modification time of '2025-08-27T14:18:25Z'
Number of updated asset objects reloaded before import = 0Number of asset objects unloaded after import = 0

========================================================================
Received Import Request.
  Time since last request: 0.207183 seconds.
  path: Assets/ScriptableObjectUpdater.cs
  artifactKey: Guid(0a4e03a74410f42b3a821493fedbe849) Importer(815301076,1909f56bfc062723c751e8b465ee728b)
Start importing Assets/ScriptableObjectUpdater.cs using Guid(0a4e03a74410f42b3a821493fedbe849) Importer(815301076,1909f56bfc062723c751e8b465ee728b) (PreviewImporter) -> (artifact id: '00000000000000000000000000000000') in 0.00057825 seconds
Import Error Code:(4)
Message: Build asset version error: assets/scriptableobjectupdater.cs in SourceAssetDB has modification time of '2025-08-27T14:17:16Z' while content on disk has modification time of '2025-08-27T14:18:25Z'
  ERROR: Build asset version error: assets/scriptableobjectupdater.cs in SourceAssetDB has modification time of '2025-08-27T14:17:16Z' while content on disk has modification time of '2025-08-27T14:18:25Z'
Number of updated asset objects reloaded before import = 0Number of asset objects unloaded after import = 0

========================================================================
Received Import Request.
  Time since last request: 0.084868 seconds.
  path: Assets/ScriptableObjectUpdater.cs
  artifactKey: Guid(0a4e03a74410f42b3a821493fedbe849) Importer(815301076,1909f56bfc062723c751e8b465ee728b)
Start importing Assets/ScriptableObjectUpdater.cs using Guid(0a4e03a74410f42b3a821493fedbe849) Importer(815301076,1909f56bfc062723c751e8b465ee728b) (PreviewImporter) -> (artifact id: '00000000000000000000000000000000') in 0.000358084 seconds
Import Error Code:(4)
Message: Build asset version error: assets/scriptableobjectupdater.cs in SourceAssetDB has modification time of '2025-08-27T14:17:16Z' while content on disk has modification time of '2025-08-27T14:18:25Z'
  ERROR: Build asset version error: assets/scriptableobjectupdater.cs in SourceAssetDB has modification time of '2025-08-27T14:17:16Z' while content on disk has modification time of '2025-08-27T14:18:25Z'
Number of updated asset objects reloaded before import = 0Number of asset objects unloaded after import = 0

========================================================================
Received Import Request.
  Time since last request: 0.214525 seconds.
  path: Assets/ScriptableObjectUpdater.cs
  artifactKey: Guid(0a4e03a74410f42b3a821493fedbe849) Importer(815301076,1909f56bfc062723c751e8b465ee728b)
Start importing Assets/ScriptableObjectUpdater.cs using Guid(0a4e03a74410f42b3a821493fedbe849) Importer(815301076,1909f56bfc062723c751e8b465ee728b) (PreviewImporter) -> (artifact id: '00000000000000000000000000000000') in 0.000253792 seconds
Import Error Code:(4)
Message: Build asset version error: assets/scriptableobjectupdater.cs in SourceAssetDB has modification time of '2025-08-27T14:17:16Z' while content on disk has modification time of '2025-08-27T14:18:25Z'
  ERROR: Build asset version error: assets/scriptableobjectupdater.cs in SourceAssetDB has modification time of '2025-08-27T14:17:16Z' while content on disk has modification time of '2025-08-27T14:18:25Z'
Number of updated asset objects reloaded before import = 0Number of asset objects unloaded after import = 0

========================================================================
Received Import Request.
  Time since last request: 0.083973 seconds.
  path: Assets/ScriptableObjectUpdater.cs
  artifactKey: Guid(0a4e03a74410f42b3a821493fedbe849) Importer(815301076,1909f56bfc062723c751e8b465ee728b)
Start importing Assets/ScriptableObjectUpdater.cs using Guid(0a4e03a74410f42b3a821493fedbe849) Importer(815301076,1909f56bfc062723c751e8b465ee728b) (PreviewImporter) -> (artifact id: '00000000000000000000000000000000') in 0.000250334 seconds
Import Error Code:(4)
Message: Build asset version error: assets/scriptableobjectupdater.cs in SourceAssetDB has modification time of '2025-08-27T14:17:16Z' while content on disk has modification time of '2025-08-27T14:18:25Z'
  ERROR: Build asset version error: assets/scriptableobjectupdater.cs in SourceAssetDB has modification time of '2025-08-27T14:17:16Z' while content on disk has modification time of '2025-08-27T14:18:25Z'
Number of updated asset objects reloaded before import = 0Number of asset objects unloaded after import = 0

========================================================================
Received Prepare
Begin MonoManager ReloadAssembly
[Licensing::Client] Successfully resolved entitlement details
[Licensing::Module] License group:
  Id: SC-Z3YQ-WUSF-P4AN-EAMM-XXXX
  Product: Unity Pro
  Type: ULF
  Expiration: 2026-06-16T00:00:00Z
[Licensing::Module] License group:
  Id: 7972300754960-playvalve-UnityGamesPrXXXX
  Product: Unity Enterprise
  Type: Assigned
  Expiration: 2026-06-10T00:00:00Z
Thread 0x16da9f000 may have been prematurely finalized
- Loaded All Assemblies, in  0.393 seconds
Script 'CharacterController' has the same name as built-in Unity component.
AddComponent and GetComponent will not work with this script.
OnLevelWasLoaded was found on UserPrefs
This message has been deprecated and will be removed in a later version of Unity.
Add a delegate to SceneManager.sceneLoaded instead to get notifications after scene loading has completed
Refreshing native plugins compatible for Editor in 0.59 ms, found 3 plugins.
OnLevelWasLoaded was found on UserPrefs
This message has been deprecated and will be removed in a later version of Unity.
Add a delegate to SceneManager.sceneLoaded instead to get notifications after scene loading has completed
Native extension for OSXStandalone target not found
[Package Manager] Failed to launch server process. Reason: Unity was launched with the -noUpm command-line argument
[Package Manager] Unable to send message (not connected to server process).
[Package Manager] Cannot connect to Unity Package Manager local server
Mono: successfully reloaded assembly
- Finished resetting the current domain, in  0.381 seconds
Domain Reload Profiling: 776ms
	BeginReloadAssembly (139ms)
		ExecutionOrderSort (0ms)
		DisableScriptedObjects (12ms)
		BackupInstance (0ms)
		ReleaseScriptingObjects (0ms)
		CreateAndSetChildDomain (54ms)
	RebuildCommonClasses (26ms)
	RebuildNativeTypeToScriptingClass (9ms)
	initialDomainReloadingComplete (21ms)
	LoadAllAssembliesAndSetupDomain (200ms)
		LoadAssemblies (149ms)
		RebuildTransferFunctionScriptingTraits (0ms)
		AnalyzeDomain (86ms)
			TypeCache.Refresh (8ms)
				TypeCache.ScanAssembly (1ms)
			BuildScriptInfoCaches (71ms)
			ResolveRequiredComponents (4ms)
	FinalizeReload (382ms)
		ReleaseScriptCaches (0ms)
		RebuildScriptCaches (0ms)
		SetupLoadedEditorAssemblies (310ms)
			LogAssemblyErrors (0ms)
			InitializePlatformSupportModulesInManaged (1ms)
			SetLoadedEditorAssemblies (2ms)
			BeforeProcessingInitializeOnLoad (71ms)
			ProcessInitializeOnLoadAttributes (208ms)
			ProcessInitializeOnLoadMethodAttributes (27ms)
			AfterProcessingInitializeOnLoad (1ms)
			EditorAssembliesLoaded (0ms)
		ExecutionOrderSort2 (0ms)
		AwakeInstancesAfterBackupRestoration (2ms)
Refreshing native plugins compatible for Editor in 0.38 ms, found 3 plugins.
Preloading 0 native plugins for Editor in 0.00 ms.
Unloading 0 Unused Serialized files (Serialized files now loaded: 0)
Unloading 3582 unused Assets / (0.7 MB). Loaded Objects now: 4268.
Memory consumption went from 92.6 MB to 91.9 MB.
Total: 4.368125 ms (FindLiveObjects: 0.176291 ms CreateObjectMapping: 0.068584 ms MarkObjects: 3.722333 ms  DeleteObjects: 0.400334 ms)

Prepare: number of updated asset objects reloaded= 0
========================================================================
Received Import Request.
  Time since last request: 146.603671 seconds.
  path: Assets/Prefabs/NetworkPlayer.prefab
  artifactKey: Guid(be325f5d22074694ab71970cc11c1b98) Importer(815301076,1909f56bfc062723c751e8b465ee728b)
Start importing Assets/Prefabs/NetworkPlayer.prefab using Guid(be325f5d22074694ab71970cc11c1b98) Importer(815301076,1909f56bfc062723c751e8b465ee728b) (PreviewImporter) -> (artifact id: 'b305742a98adaf4f300eb678a0c2b801') in 0.362908791 seconds
Number of updated asset objects reloaded before import = 0Number of asset objects unloaded after import = 339

========================================================================
Received Import Request.
  Time since last request: 35.591771 seconds.
  path: Assets/Prefabs/ScriptableObjectUpdater.prefab
  artifactKey: Guid(70905e773dabb457997be3d1b7af7c09) Importer(815301076,1909f56bfc062723c751e8b465ee728b)
Start importing Assets/Prefabs/ScriptableObjectUpdater.prefab using Guid(70905e773dabb457997be3d1b7af7c09) Importer(815301076,1909f56bfc062723c751e8b465ee728b) (PreviewImporter) -> (artifact id: '6b0e9ed4d931b121b7e65bc00e5f9099') in 0.0010855 seconds
Number of updated asset objects reloaded before import = 0Number of asset objects unloaded after import = 5

========================================================================
Received Import Request.
  Time since last request: 36.402861 seconds.
  path: Assets/Sounds/medium_swing.wav
  artifactKey: Guid(32447e9605579c340bf7098fec848a81) Importer(815301076,1909f56bfc062723c751e8b465ee728b)
Start importing Assets/Sounds/medium_swing.wav using Guid(32447e9605579c340bf7098fec848a81) Importer(815301076,1909f56bfc062723c751e8b465ee728b) (PreviewImporter) -> (artifact id: '5e900de948f59f9b7c73caa6a8ab7046') in 0.075176917 seconds
Number of updated asset objects reloaded before import = 0Number of asset objects unloaded after import = 2

========================================================================
Received Import Request.
  Time since last request: 1.427643 seconds.
  path: Assets/IUpdateable.cs
  artifactKey: Guid(5b0bd400735634244b2a912b906e746f) Importer(815301076,1909f56bfc062723c751e8b465ee728b)
Start importing Assets/IUpdateable.cs using Guid(5b0bd400735634244b2a912b906e746f) Importer(815301076,1909f56bfc062723c751e8b465ee728b) (PreviewImporter) -> (artifact id: 'c179a4adeb222222af3a8312e2af4ddc') in 0.000269375 seconds
Number of updated asset objects reloaded before import = 0Number of asset objects unloaded after import = 0

========================================================================
Received Prepare
Script 'CharacterController' has the same name as built-in Unity component.
AddComponent and GetComponent will not work with this script.
OnLevelWasLoaded was found on UserPrefs
This message has been deprecated and will be removed in a later version of Unity.
Add a delegate to SceneManager.sceneLoaded instead to get notifications after scene loading has completed
Refreshing native plugins compatible for Editor in 0.46 ms, found 3 plugins.
Preloading 0 native plugins for Editor in 0.00 ms.
Unloading 0 Unused Serialized files (Serialized files now loaded: 0)
Unloading 3574 unused Assets / (261.6 KB). Loaded Objects now: 4271.
Memory consumption went from 86.6 MB to 86.3 MB.
Total: 5.924209 ms (FindLiveObjects: 0.200416 ms CreateObjectMapping: 0.067292 ms MarkObjects: 5.114333 ms  DeleteObjects: 0.541709 ms)

Prepare: number of updated asset objects reloaded= 0
========================================================================
Received Prepare
Begin MonoManager ReloadAssembly
[Licensing::Client] Successfully resolved entitlement details
[Licensing::Module] License group:
  Id: SC-Z3YQ-WUSF-P4AN-EAMM-XXXX
  Product: Unity Pro
  Type: ULF
  Expiration: 2026-06-16T00:00:00Z
[Licensing::Module] License group:
  Id: 7972300754960-playvalve-UnityGamesPrXXXX
  Product: Unity Enterprise
  Type: Assigned
  Expiration: 2026-06-10T00:00:00Z
Thread 0x16da9f000 may have been prematurely finalized
- Loaded All Assemblies, in  0.364 seconds
Script 'CharacterController' has the same name as built-in Unity component.
AddComponent and GetComponent will not work with this script.
OnLevelWasLoaded was found on UserPrefs
This message has been deprecated and will be removed in a later version of Unity.
Add a delegate to SceneManager.sceneLoaded instead to get notifications after scene loading has completed
Refreshing native plugins compatible for Editor in 0.46 ms, found 3 plugins.
OnLevelWasLoaded was found on UserPrefs
This message has been deprecated and will be removed in a later version of Unity.
Add a delegate to SceneManager.sceneLoaded instead to get notifications after scene loading has completed
Native extension for OSXStandalone target not found
[Package Manager] Failed to launch server process. Reason: Unity was launched with the -noUpm command-line argument
[Package Manager] Unable to send message (not connected to server process).
[Package Manager] Cannot connect to Unity Package Manager local server
Mono: successfully reloaded assembly
- Finished resetting the current domain, in  0.388 seconds
Domain Reload Profiling: 753ms
	BeginReloadAssembly (122ms)
		ExecutionOrderSort (0ms)
		DisableScriptedObjects (7ms)
		BackupInstance (0ms)
		ReleaseScriptingObjects (0ms)
		CreateAndSetChildDomain (48ms)
	RebuildCommonClasses (25ms)
	RebuildNativeTypeToScriptingClass (9ms)
	initialDomainReloadingComplete (14ms)
	LoadAllAssembliesAndSetupDomain (195ms)
		LoadAssemblies (151ms)
		RebuildTransferFunctionScriptingTraits (0ms)
		AnalyzeDomain (78ms)
			TypeCache.Refresh (8ms)
				TypeCache.ScanAssembly (1ms)
			BuildScriptInfoCaches (66ms)
			ResolveRequiredComponents (3ms)
	FinalizeReload (388ms)
		ReleaseScriptCaches (0ms)
		RebuildScriptCaches (0ms)
		SetupLoadedEditorAssemblies (320ms)
			LogAssemblyErrors (0ms)
			InitializePlatformSupportModulesInManaged (1ms)
			SetLoadedEditorAssemblies (2ms)
			BeforeProcessingInitializeOnLoad (76ms)
			ProcessInitializeOnLoadAttributes (210ms)
			ProcessInitializeOnLoadMethodAttributes (30ms)
			AfterProcessingInitializeOnLoad (1ms)
			EditorAssembliesLoaded (0ms)
		ExecutionOrderSort2 (0ms)
		AwakeInstancesAfterBackupRestoration (2ms)
Refreshing native plugins compatible for Editor in 0.40 ms, found 3 plugins.
Preloading 0 native plugins for Editor in 0.00 ms.
Unloading 0 Unused Serialized files (Serialized files now loaded: 0)
Unloading 3582 unused Assets / (0.7 MB). Loaded Objects now: 4272.
Memory consumption went from 92.6 MB to 91.9 MB.
Total: 4.373666 ms (FindLiveObjects: 0.186500 ms CreateObjectMapping: 0.069125 ms MarkObjects: 3.696000 ms  DeleteObjects: 0.421791 ms)

Prepare: number of updated asset objects reloaded= 0
========================================================================
Received Prepare
Begin MonoManager ReloadAssembly
[Licensing::Client] Successfully resolved entitlement details
[Licensing::Module] License group:
  Id: SC-Z3YQ-WUSF-P4AN-EAMM-XXXX
  Product: Unity Pro
  Type: ULF
  Expiration: 2026-06-16T00:00:00Z
[Licensing::Module] License group:
  Id: 7972300754960-playvalve-UnityGamesPrXXXX
  Product: Unity Enterprise
  Type: Assigned
  Expiration: 2026-06-10T00:00:00Z
Thread 0x16da9f000 may have been prematurely finalized
- Loaded All Assemblies, in  0.435 seconds
Script 'CharacterController' has the same name as built-in Unity component.
AddComponent and GetComponent will not work with this script.
OnLevelWasLoaded was found on UserPrefs
This message has been deprecated and will be removed in a later version of Unity.
Add a delegate to SceneManager.sceneLoaded instead to get notifications after scene loading has completed
Refreshing native plugins compatible for Editor in 0.32 ms, found 3 plugins.
OnLevelWasLoaded was found on UserPrefs
This message has been deprecated and will be removed in a later version of Unity.
Add a delegate to SceneManager.sceneLoaded instead to get notifications after scene loading has completed
Native extension for OSXStandalone target not found
[Package Manager] Failed to launch server process. Reason: Unity was launched with the -noUpm command-line argument
[Package Manager] Unable to send message (not connected to server process).
[Package Manager] Cannot connect to Unity Package Manager local server
Mono: successfully reloaded assembly
- Finished resetting the current domain, in  0.338 seconds
Domain Reload Profiling: 774ms
	BeginReloadAssembly (174ms)
		ExecutionOrderSort (0ms)
		DisableScriptedObjects (12ms)
		BackupInstance (0ms)
		ReleaseScriptingObjects (0ms)
		CreateAndSetChildDomain (56ms)
	RebuildCommonClasses (39ms)
	RebuildNativeTypeToScriptingClass (9ms)
	initialDomainReloadingComplete (15ms)
	LoadAllAssembliesAndSetupDomain (199ms)
		LoadAssemblies (186ms)
		RebuildTransferFunctionScriptingTraits (0ms)
		AnalyzeDomain (81ms)
			TypeCache.Refresh (6ms)
				TypeCache.ScanAssembly (0ms)
			BuildScriptInfoCaches (70ms)
			ResolveRequiredComponents (3ms)
	FinalizeReload (338ms)
		ReleaseScriptCaches (0ms)
		RebuildScriptCaches (0ms)
		SetupLoadedEditorAssemblies (276ms)
			LogAssemblyErrors (0ms)
			InitializePlatformSupportModulesInManaged (1ms)
			SetLoadedEditorAssemblies (2ms)
			BeforeProcessingInitializeOnLoad (67ms)
			ProcessInitializeOnLoadAttributes (180ms)
			ProcessInitializeOnLoadMethodAttributes (25ms)
			AfterProcessingInitializeOnLoad (1ms)
			EditorAssembliesLoaded (0ms)
		ExecutionOrderSort2 (0ms)
		AwakeInstancesAfterBackupRestoration (2ms)
Refreshing native plugins compatible for Editor in 0.72 ms, found 3 plugins.
Preloading 0 native plugins for Editor in 0.00 ms.
Unloading 0 Unused Serialized files (Serialized files now loaded: 0)
Unloading 3582 unused Assets / (0.8 MB). Loaded Objects now: 4274.
Memory consumption went from 92.6 MB to 91.8 MB.
Total: 5.039542 ms (FindLiveObjects: 0.223000 ms CreateObjectMapping: 0.087417 ms MarkObjects: 4.288417 ms  DeleteObjects: 0.440084 ms)

Prepare: number of updated asset objects reloaded= 0
========================================================================
Received Import Request.
  Time since last request: 286.964365 seconds.
  path: Assets/Mirror/Examples/RigidbodyPhysics/Prefabs/Empty Player.prefab
  artifactKey: Guid(4ab0a427bdc13244499c6e044ad7eb40) Importer(815301076,1909f56bfc062723c751e8b465ee728b)
Start importing Assets/Mirror/Examples/RigidbodyPhysics/Prefabs/Empty Player.prefab using Guid(4ab0a427bdc13244499c6e044ad7eb40) Importer(815301076,1909f56bfc062723c751e8b465ee728b) (PreviewImporter) -> (artifact id: 'c15c112d6434af22e913eef36543b8bc') in 0.036848708 seconds
Number of updated asset objects reloaded before import = 0Number of asset objects unloaded after import = 5

========================================================================
Received Import Request.
  Time since last request: 0.000056 seconds.
  path: Assets/Mirror/Examples/Discovery/Prefabs/Player.prefab
  artifactKey: Guid(ecd52c53a6ef7496693343d3e32dace1) Importer(815301076,1909f56bfc062723c751e8b465ee728b)
Start importing Assets/Mirror/Examples/Discovery/Prefabs/Player.prefab using Guid(ecd52c53a6ef7496693343d3e32dace1) Importer(815301076,1909f56bfc062723c751e8b465ee728b) (PreviewImporter) -> (artifact id: '32deec91abe59dcbff502662a5176993') in 0.286656042 seconds
Number of updated asset objects reloaded before import = 0Number of asset objects unloaded after import = 9

========================================================================
Received Import Request.
  Time since last request: 0.000025 seconds.
  path: Assets/Textures/Explosion/explosion07.png
  artifactKey: Guid(55a0f8dd553016544b6149eee4b2a514) Importer(815301076,1909f56bfc062723c751e8b465ee728b)
Start importing Assets/Textures/Explosion/explosion07.png using Guid(55a0f8dd553016544b6149eee4b2a514) Importer(815301076,1909f56bfc062723c751e8b465ee728b) (PreviewImporter) -> (artifact id: 'bbd70d258d251a8ae4c1f2f0eb2dc78b') in 0.027750791 seconds
Number of updated asset objects reloaded before import = 0Number of asset objects unloaded after import = 3

========================================================================
Received Import Request.
  Time since last request: 0.000079 seconds.
  path: Assets/Mirror/Examples/MultipleAdditiveScenes/Materials/Render/PlayArea.mat
  artifactKey: Guid(42fe0bcfbb65da3429ae2c289686e024) Importer(815301076,1909f56bfc062723c751e8b465ee728b)
Start importing Assets/Mirror/Examples/MultipleAdditiveScenes/Materials/Render/PlayArea.mat using Guid(42fe0bcfbb65da3429ae2c289686e024) Importer(815301076,1909f56bfc062723c751e8b465ee728b) (PreviewImporter) -> (artifact id: 'd45158358829d7e70897e00588ff73d4') in 0.178990792 seconds
Number of updated asset objects reloaded before import = 0Number of asset objects unloaded after import = 3

========================================================================
Received Import Request.
  Time since last request: 0.000031 seconds.
  path: Assets/Mirror/Examples/Room/Materials/PlayArea.mat
  artifactKey: Guid(3201636fa507dad448e9a36d66a80825) Importer(815301076,1909f56bfc062723c751e8b465ee728b)
Start importing Assets/Mirror/Examples/Room/Materials/PlayArea.mat using Guid(3201636fa507dad448e9a36d66a80825) Importer(815301076,1909f56bfc062723c751e8b465ee728b) (PreviewImporter) -> (artifact id: '35f6e0307f8259655973bab7cd088a7f') in 0.00355225 seconds
Number of updated asset objects reloaded before import = 0Number of asset objects unloaded after import = 3

========================================================================
Received Import Request.
  Time since last request: 0.000127 seconds.
  path: Assets/Textures/Explosion/explosion06.png
  artifactKey: Guid(68b6855891900a740aa40e808516f2c0) Importer(815301076,1909f56bfc062723c751e8b465ee728b)
Start importing Assets/Textures/Explosion/explosion06.png using Guid(68b6855891900a740aa40e808516f2c0) Importer(815301076,1909f56bfc062723c751e8b465ee728b) (PreviewImporter) -> (artifact id: 'e8e7e7d6fa24b4ba2aa413b5e1396f6c') in 0.010783792 seconds
Number of updated asset objects reloaded before import = 0Number of asset objects unloaded after import = 3

========================================================================
Received Import Request.
  Time since last request: 0.000045 seconds.
  path: Assets/Mirror/Examples/AdditiveScenes/Prefabs/Player.prefab
  artifactKey: Guid(a5bdca0a2315d43499be7dcef473fbc7) Importer(815301076,1909f56bfc062723c751e8b465ee728b)
Start importing Assets/Mirror/Examples/AdditiveScenes/Prefabs/Player.prefab using Guid(a5bdca0a2315d43499be7dcef473fbc7) Importer(815301076,1909f56bfc062723c751e8b465ee728b) (PreviewImporter) -> (artifact id: 'e016ddac6e3e778c3097e01491dd5983') in 0.086134083 seconds
Number of updated asset objects reloaded before import = 0Number of asset objects unloaded after import = 23

========================================================================
Received Import Request.
  Time since last request: 0.000047 seconds.
  path: Assets/Mirror/Examples/MultipleMatches/Prefabs/MatchPlayer.prefab
  artifactKey: Guid(11d2414f1e120a14c98cba6866e5348f) Importer(815301076,1909f56bfc062723c751e8b465ee728b)
Start importing Assets/Mirror/Examples/MultipleMatches/Prefabs/MatchPlayer.prefab using Guid(11d2414f1e120a14c98cba6866e5348f) Importer(815301076,1909f56bfc062723c751e8b465ee728b) (PreviewImporter) -> (artifact id: '5124721d218275ad0e59fbc84750847d') in 0.000929958 seconds
Number of updated asset objects reloaded before import = 0Number of asset objects unloaded after import = 6

========================================================================
Received Import Request.
  Time since last request: 0.000127 seconds.
  path: Assets/Mirror/Examples/Room/Prefabs/GamePlayer.prefab
  artifactKey: Guid(21daf89214c6ee443ad6875b73083c60) Importer(815301076,1909f56bfc062723c751e8b465ee728b)
Start importing Assets/Mirror/Examples/Room/Prefabs/GamePlayer.prefab using Guid(21daf89214c6ee443ad6875b73083c60) Importer(815301076,1909f56bfc062723c751e8b465ee728b) (PreviewImporter) -> (artifact id: 'e174f2ba849ba90bb177bce03fa74eb7') in 0.00454375 seconds
Number of updated asset objects reloaded before import = 0Number of asset objects unloaded after import = 23

========================================================================
Received Import Request.
  Time since last request: 0.000041 seconds.
  path: Assets/Mirror/Examples/Chat/Prefabs/Player.prefab
  artifactKey: Guid(e5905ffa27de84009b346b49d518ba03) Importer(815301076,1909f56bfc062723c751e8b465ee728b)
Start importing Assets/Mirror/Examples/Chat/Prefabs/Player.prefab using Guid(e5905ffa27de84009b346b49d518ba03) Importer(815301076,1909f56bfc062723c751e8b465ee728b) (PreviewImporter) -> (artifact id: '9d3fcc80cfd20362bb0e46077969d7fb') in 0.00106325 seconds
Number of updated asset objects reloaded before import = 0Number of asset objects unloaded after import = 6

========================================================================
Received Import Request.
  Time since last request: 0.000105 seconds.
  path: Assets/FlexibleColorPicker/ExampleScene/FCP_ExampleMaterial2.mat
  artifactKey: Guid(a077ddba3ea22c345a4b9b9ce2fac2f6) Importer(815301076,1909f56bfc062723c751e8b465ee728b)
Start importing Assets/FlexibleColorPicker/ExampleScene/FCP_ExampleMaterial2.mat using Guid(a077ddba3ea22c345a4b9b9ce2fac2f6) Importer(815301076,1909f56bfc062723c751e8b465ee728b) (PreviewImporter) -> (artifact id: '1cdb80904c019c5aaf4f42bd4c3a948d') in 0.185832125 seconds
Number of updated asset objects reloaded before import = 0Number of asset objects unloaded after import = 1

========================================================================
Received Import Request.
  Time since last request: 0.000111 seconds.
  path: Assets/Mirror/Examples/Mirror.Examples.asmdef
  artifactKey: Guid(fecf25954bb196642ab50657689761d6) Importer(815301076,1909f56bfc062723c751e8b465ee728b)
Start importing Assets/Mirror/Examples/Mirror.Examples.asmdef using Guid(fecf25954bb196642ab50657689761d6) Importer(815301076,1909f56bfc062723c751e8b465ee728b) (PreviewImporter) -> (artifact id: '0f834420eeb106522a1362c6babb1fd3') in 0.000205083 seconds
Number of updated asset objects reloaded before import = 0Number of asset objects unloaded after import = 0

========================================================================
Received Import Request.
  Time since last request: 0.000081 seconds.
  path: Assets/Mirror/Examples/MultipleAdditiveScenes/Materials/Render/Player.mat
  artifactKey: Guid(2089070a3452e6f4d866c53e51aae8f2) Importer(815301076,1909f56bfc062723c751e8b465ee728b)
Start importing Assets/Mirror/Examples/MultipleAdditiveScenes/Materials/Render/Player.mat using Guid(2089070a3452e6f4d866c53e51aae8f2) Importer(815301076,1909f56bfc062723c751e8b465ee728b) (PreviewImporter) -> (artifact id: '319ffdb4e196d340a5bf6e509fa6fa72') in 0.003576917 seconds
Number of updated asset objects reloaded before import = 0Number of asset objects unloaded after import = 1

========================================================================
Received Import Request.
  Time since last request: 0.000066 seconds.
  path: Assets/Mirror/Examples/Benchmark/Prefabs/Player.prefab
  artifactKey: Guid(e1299008405d14b17b1ca459a6cd44a2) Importer(815301076,1909f56bfc062723c751e8b465ee728b)
Start importing Assets/Mirror/Examples/Benchmark/Prefabs/Player.prefab using Guid(e1299008405d14b17b1ca459a6cd44a2) Importer(815301076,1909f56bfc062723c751e8b465ee728b) (PreviewImporter) -> (artifact id: '14b461fc006711284d0a5b6fa3009831') in 0.194879417 seconds
Number of updated asset objects reloaded before import = 0Number of asset objects unloaded after import = 11

========================================================================
Received Import Request.
  Time since last request: 0.186142 seconds.
  path: Assets/Mirror/Examples/Basic/Prefabs/PlayerUI.prefab
  artifactKey: Guid(22f1fa3a0aff72b46a371f667bb4fb30) Importer(815301076,1909f56bfc062723c751e8b465ee728b)
Start importing Assets/Mirror/Examples/Basic/Prefabs/PlayerUI.prefab using Guid(22f1fa3a0aff72b46a371f667bb4fb30) Importer(815301076,1909f56bfc062723c751e8b465ee728b) (PreviewImporter) -> (artifact id: 'e13d8c2da93b15f58a5a9691dce5bec5') in 0.003623208 seconds
Number of updated asset objects reloaded before import = 0Number of asset objects unloaded after import = 15

========================================================================
Received Import Request.
  Time since last request: 2.897521 seconds.
  path: Assets/Mirror/Examples/Basic/Scripts/Player.cs
  artifactKey: Guid(a472ac3ae1701d149861871cf416a46d) Importer(815301076,1909f56bfc062723c751e8b465ee728b)
Start importing Assets/Mirror/Examples/Basic/Scripts/Player.cs using Guid(a472ac3ae1701d149861871cf416a46d) Importer(815301076,1909f56bfc062723c751e8b465ee728b) (PreviewImporter) -> (artifact id: 'a07221330347bb5afa3041e4c3b61028') in 0.000300667 seconds
Number of updated asset objects reloaded before import = 0Number of asset objects unloaded after import = 0

========================================================================
Received Prepare
Begin MonoManager ReloadAssembly
[Licensing::Client] Successfully resolved entitlement details
[Licensing::Module] License group:
  Id: SC-Z3YQ-WUSF-P4AN-EAMM-XXXX
  Product: Unity Pro
  Type: ULF
  Expiration: 2026-06-16T00:00:00Z
[Licensing::Module] License group:
  Id: 7972300754960-playvalve-UnityGamesPrXXXX
  Product: Unity Enterprise
  Type: Assigned
  Expiration: 2026-06-10T00:00:00Z
Thread 0x16da9f000 may have been prematurely finalized
- Loaded All Assemblies, in  0.433 seconds
Script 'CharacterController' has the same name as built-in Unity component.
AddComponent and GetComponent will not work with this script.
OnLevelWasLoaded was found on UserPrefs
This message has been deprecated and will be removed in a later version of Unity.
Add a delegate to SceneManager.sceneLoaded instead to get notifications after scene loading has completed
Refreshing native plugins compatible for Editor in 0.33 ms, found 3 plugins.
OnLevelWasLoaded was found on UserPrefs
This message has been deprecated and will be removed in a later version of Unity.
Add a delegate to SceneManager.sceneLoaded instead to get notifications after scene loading has completed
Native extension for OSXStandalone target not found
[Package Manager] Failed to launch server process. Reason: Unity was launched with the -noUpm command-line argument
[Package Manager] Unable to send message (not connected to server process).
[Package Manager] Cannot connect to Unity Package Manager local server
Mono: successfully reloaded assembly
- Finished resetting the current domain, in  0.339 seconds
Domain Reload Profiling: 773ms
	BeginReloadAssembly (142ms)
		ExecutionOrderSort (0ms)
		DisableScriptedObjects (12ms)
		BackupInstance (0ms)
		ReleaseScriptingObjects (0ms)
		CreateAndSetChildDomain (60ms)
	RebuildCommonClasses (25ms)
	RebuildNativeTypeToScriptingClass (9ms)
	initialDomainReloadingComplete (14ms)
	LoadAllAssembliesAndSetupDomain (244ms)
		LoadAssemblies (198ms)
		RebuildTransferFunctionScriptingTraits (0ms)
		AnalyzeDomain (82ms)
			TypeCache.Refresh (8ms)
				TypeCache.ScanAssembly (1ms)
			BuildScriptInfoCaches (69ms)
			ResolveRequiredComponents (3ms)
	FinalizeReload (339ms)
		ReleaseScriptCaches (0ms)
		RebuildScriptCaches (0ms)
		SetupLoadedEditorAssemblies (278ms)
			LogAssemblyErrors (0ms)
			InitializePlatformSupportModulesInManaged (1ms)
			SetLoadedEditorAssemblies (2ms)
			BeforeProcessingInitializeOnLoad (65ms)
			ProcessInitializeOnLoadAttributes (181ms)
			ProcessInitializeOnLoadMethodAttributes (28ms)
			AfterProcessingInitializeOnLoad (1ms)
			EditorAssembliesLoaded (0ms)
		ExecutionOrderSort2 (0ms)
		AwakeInstancesAfterBackupRestoration (2ms)
Refreshing native plugins compatible for Editor in 0.40 ms, found 3 plugins.
Preloading 0 native plugins for Editor in 0.00 ms.
Unloading 0 Unused Serialized files (Serialized files now loaded: 0)
Unloading 3582 unused Assets / (0.8 MB). Loaded Objects now: 4317.
Memory consumption went from 93.1 MB to 92.3 MB.
Total: 4.645416 ms (FindLiveObjects: 0.209000 ms CreateObjectMapping: 0.071709 ms MarkObjects: 3.879041 ms  DeleteObjects: 0.485291 ms)

Prepare: number of updated asset objects reloaded= 0
========================================================================
Received Prepare
Begin MonoManager ReloadAssembly
[Licensing::Client] Successfully resolved entitlement details
[Licensing::Module] License group:
  Id: SC-Z3YQ-WUSF-P4AN-EAMM-XXXX
  Product: Unity Pro
  Type: ULF
  Expiration: 2026-06-16T00:00:00Z
[Licensing::Module] License group:
  Id: 7972300754960-playvalve-UnityGamesPrXXXX
  Product: Unity Enterprise
  Type: Assigned
  Expiration: 2026-06-10T00:00:00Z
Thread 0x16da9f000 may have been prematurely finalized
- Loaded All Assemblies, in  0.374 seconds
Script 'CharacterController' has the same name as built-in Unity component.
AddComponent and GetComponent will not work with this script.
OnLevelWasLoaded was found on UserPrefs
This message has been deprecated and will be removed in a later version of Unity.
Add a delegate to SceneManager.sceneLoaded instead to get notifications after scene loading has completed
Refreshing native plugins compatible for Editor in 0.32 ms, found 3 plugins.
OnLevelWasLoaded was found on UserPrefs
This message has been deprecated and will be removed in a later version of Unity.
Add a delegate to SceneManager.sceneLoaded instead to get notifications after scene loading has completed
Native extension for OSXStandalone target not found
[Package Manager] Failed to launch server process. Reason: Unity was launched with the -noUpm command-line argument
[Package Manager] Unable to send message (not connected to server process).
[Package Manager] Cannot connect to Unity Package Manager local server
Mono: successfully reloaded assembly
- Finished resetting the current domain, in  0.359 seconds
Domain Reload Profiling: 735ms
	BeginReloadAssembly (138ms)
		ExecutionOrderSort (0ms)
		DisableScriptedObjects (11ms)
		BackupInstance (0ms)
		ReleaseScriptingObjects (0ms)
		CreateAndSetChildDomain (55ms)
	RebuildCommonClasses (34ms)
	RebuildNativeTypeToScriptingClass (9ms)
	initialDomainReloadingComplete (16ms)
	LoadAllAssembliesAndSetupDomain (179ms)
		LoadAssemblies (137ms)
		RebuildTransferFunctionScriptingTraits (0ms)
		AnalyzeDomain (78ms)
			TypeCache.Refresh (7ms)
				TypeCache.ScanAssembly (1ms)
			BuildScriptInfoCaches (66ms)
			ResolveRequiredComponents (3ms)
	FinalizeReload (359ms)
		ReleaseScriptCaches (0ms)
		RebuildScriptCaches (0ms)
		SetupLoadedEditorAssemblies (290ms)
			LogAssemblyErrors (0ms)
			InitializePlatformSupportModulesInManaged (1ms)
			SetLoadedEditorAssemblies (2ms)
			BeforeProcessingInitializeOnLoad (69ms)
			ProcessInitializeOnLoadAttributes (191ms)
			ProcessInitializeOnLoadMethodAttributes (25ms)
			AfterProcessingInitializeOnLoad (1ms)
			EditorAssembliesLoaded (0ms)
		ExecutionOrderSort2 (0ms)
		AwakeInstancesAfterBackupRestoration (2ms)
Refreshing native plugins compatible for Editor in 0.38 ms, found 3 plugins.
Preloading 0 native plugins for Editor in 0.00 ms.
Unloading 0 Unused Serialized files (Serialized files now loaded: 0)
Unloading 3582 unused Assets / (0.8 MB). Loaded Objects now: 4319.
Memory consumption went from 93.1 MB to 92.3 MB.
Total: 4.216750 ms (FindLiveObjects: 0.188542 ms CreateObjectMapping: 0.076375 ms MarkObjects: 3.559250 ms  DeleteObjects: 0.392292 ms)

Prepare: number of updated asset objects reloaded= 0
========================================================================
Received Prepare
Begin MonoManager ReloadAssembly
[Licensing::Client] Successfully resolved entitlement details
[Licensing::Module] License group:
  Id: SC-Z3YQ-WUSF-P4AN-EAMM-XXXX
  Product: Unity Pro
  Type: ULF
  Expiration: 2026-06-16T00:00:00Z
[Licensing::Module] License group:
  Id: 7972300754960-playvalve-UnityGamesPrXXXX
  Product: Unity Enterprise
  Type: Assigned
  Expiration: 2026-06-10T00:00:00Z
Thread 0x16da9f000 may have been prematurely finalized
- Loaded All Assemblies, in  0.378 seconds
Script 'CharacterController' has the same name as built-in Unity component.
AddComponent and GetComponent will not work with this script.
OnLevelWasLoaded was found on UserPrefs
This message has been deprecated and will be removed in a later version of Unity.
Add a delegate to SceneManager.sceneLoaded instead to get notifications after scene loading has completed
Refreshing native plugins compatible for Editor in 0.32 ms, found 3 plugins.
OnLevelWasLoaded was found on UserPrefs
This message has been deprecated and will be removed in a later version of Unity.
Add a delegate to SceneManager.sceneLoaded instead to get notifications after scene loading has completed
Native extension for OSXStandalone target not found
[Package Manager] Failed to launch server process. Reason: Unity was launched with the -noUpm command-line argument
[Package Manager] Unable to send message (not connected to server process).
[Package Manager] Cannot connect to Unity Package Manager local server
Mono: successfully reloaded assembly
- Finished resetting the current domain, in  0.342 seconds
Domain Reload Profiling: 722ms
	BeginReloadAssembly (142ms)
		ExecutionOrderSort (0ms)
		DisableScriptedObjects (12ms)
		BackupInstance (0ms)
		ReleaseScriptingObjects (0ms)
		CreateAndSetChildDomain (57ms)
	RebuildCommonClasses (26ms)
	RebuildNativeTypeToScriptingClass (9ms)
	initialDomainReloadingComplete (14ms)
	LoadAllAssembliesAndSetupDomain (187ms)
		LoadAssemblies (139ms)
		RebuildTransferFunctionScriptingTraits (0ms)
		AnalyzeDomain (84ms)
			TypeCache.Refresh (5ms)
				TypeCache.ScanAssembly (0ms)
			BuildScriptInfoCaches (74ms)
			ResolveRequiredComponents (3ms)
	FinalizeReload (343ms)
		ReleaseScriptCaches (0ms)
		RebuildScriptCaches (0ms)
		SetupLoadedEditorAssemblies (281ms)
			LogAssemblyErrors (0ms)
			InitializePlatformSupportModulesInManaged (1ms)
			SetLoadedEditorAssemblies (2ms)
			BeforeProcessingInitializeOnLoad (69ms)
			ProcessInitializeOnLoadAttributes (183ms)
			ProcessInitializeOnLoadMethodAttributes (25ms)
			AfterProcessingInitializeOnLoad (1ms)
			EditorAssembliesLoaded (0ms)
		ExecutionOrderSort2 (0ms)
		AwakeInstancesAfterBackupRestoration (2ms)
Refreshing native plugins compatible for Editor in 0.34 ms, found 3 plugins.
Preloading 0 native plugins for Editor in 0.00 ms.
Unloading 0 Unused Serialized files (Serialized files now loaded: 0)
Unloading 3582 unused Assets / (0.7 MB). Loaded Objects now: 4321.
Memory consumption went from 93.1 MB to 92.3 MB.
Total: 4.137708 ms (FindLiveObjects: 0.156584 ms CreateObjectMapping: 0.069125 ms MarkObjects: 3.597125 ms  DeleteObjects: 0.314458 ms)

Prepare: number of updated asset objects reloaded= 0
