Unity Editor version:    6000.2.1f1 (55300504c302)
Branch:                  6000.2/staging
Build type:              Release
Batch mode:              YES
macOS version:           Version 15.2 (Build 24C101)
Darwin version:          24.2.0
Architecture:            arm64
Running under Rosetta:   NO
Available memory:        131072 MB
Date:                    2025-08-27T14:45:20Z
[Licensing::Module] Trying to connect to existing licensing client channel...
[Licensing::IpcConnector] Successfully connected to: "LicenseClient-andrei" at "2025-08-27T14:45:20.854138Z"

COMMAND LINE ARGUMENTS:
/Applications/Unity/Hub/Editor/6000.2.1f1/Unity.app/Contents/MacOS/Unity
-adb2
-batchMode
-noUpm
-name
AssetImportWorker0
-projectPath
/Users/andrei/Desktop/Personal/Unity/OneShot
-logFile
Logs/AssetImportWorker0.log
-srvPort
52348
-licensingIpc
LicenseClient-andrei
-job-worker-count
7
-background-job-worker-count
8
-gc-helper-count
1
-name AssetImport
Successfully changed project path to: /Users/andrei/Desktop/Personal/Unity/OneShot
[Licensing::Client] Code 10 while verifying Licensing Client signature (process Id: 1129, path: "/Applications/Unity Hub.app/Contents/Frameworks/UnityLicensingClient_V1.app/Contents/MacOS/Unity.Licensing.Client")
[Licensing::Module] LicensingClient has failed validation; ignoring
[Licensing::Client] Error: HandshakeResponse reported an error:
	ResponseCode: 505
	ResponseStatus: Unsupported protocol version '1.17.2'.
[Licensing::Module] Error: Failed to handshake to channel: "LicenseClient-andrei"
[Licensing::IpcConnector] LicenseClient-andrei channel disconnected successfully.
[Licensing::IpcConnector] Successfully connected to: "LicenseClient-andrei-6000.2.1" at "2025-08-27T14:45:21.145234Z"
[Licensing::Client] Code 1 while verifying Licensing Client signature (process Id: 77013, path: "/Applications/Unity/Hub/Editor/6000.2.1f1/Unity.app/Contents/Frameworks/UnityLicensingClient.app/Contents/MacOS/Unity.Licensing.Client")
[Licensing::Module] LicensingClient has failed validation; ignoring
[Licensing::Client] Handshaking with LicensingClient:
  Version:                 1.17.2+ff71f16
  Session Id:              a1f0c6f1fa9a4118a21d06c6185ec925
  Correlation Id:          24beffed0c99e562fac3e58a6a75f632
  External correlation Id: 6860951257805127058
  Machine Id:              36rb2jTEE4PZVdT2n8hrbQsEKUY=
[Licensing::Module] Successfully connected to LicensingClient on channel: "LicenseClient-andrei-6000.2.1" (connect: 0.00s, validation: 0.00s, handshake: 0.01s)
[Licensing::IpcConnector] Successfully connected to: "LicenseClient-andrei-6000.2.1-notifications" at "2025-08-27T14:45:21.150757Z"
[Licensing::Module] Licensing Background thread has ended after 0.30s
/Users/andrei/Desktop/Personal/Unity/OneShot
[UnityMemory] Configuration Parameters - Can be set up in boot.config
    "memorysetup-allocator-temp-initial-block-size-main=262144"
    "memorysetup-allocator-temp-initial-block-size-worker=262144"
    "memorysetup-bucket-allocator-granularity=16"
    "memorysetup-bucket-allocator-bucket-count=8"
    "memorysetup-bucket-allocator-block-size=33554432"
    "memorysetup-bucket-allocator-block-count=8"
    "memorysetup-main-allocator-block-size=16777216"
    "memorysetup-thread-allocator-block-size=16777216"
    "memorysetup-gfx-main-allocator-block-size=16777216"
    "memorysetup-gfx-thread-allocator-block-size=16777216"
    "memorysetup-cache-allocator-block-size=4194304"
    "memorysetup-typetree-allocator-block-size=2097152"
    "memorysetup-profiler-bucket-allocator-granularity=16"
    "memorysetup-profiler-bucket-allocator-bucket-count=8"
    "memorysetup-profiler-bucket-allocator-block-size=33554432"
    "memorysetup-profiler-bucket-allocator-block-count=8"
    "memorysetup-profiler-allocator-block-size=16777216"
    "memorysetup-profiler-editor-allocator-block-size=1048576"
    "memorysetup-temp-allocator-size-main=16777216"
    "memorysetup-job-temp-allocator-block-size=2097152"
    "memorysetup-job-temp-allocator-block-size-background=1048576"
    "memorysetup-job-temp-allocator-reduction-small-platforms=262144"
    "memorysetup-temp-allocator-size-background-worker=32768"
    "memorysetup-temp-allocator-size-job-worker=262144"
    "memorysetup-temp-allocator-size-preload-manager=33554432"
    "memorysetup-temp-allocator-size-nav-mesh-worker=65536"
    "memorysetup-temp-allocator-size-audio-worker=65536"
    "memorysetup-temp-allocator-size-cloud-worker=32768"
    "memorysetup-temp-allocator-size-gi-baking-worker=262144"
    "memorysetup-temp-allocator-size-gi-baking-worker=262144"
    "memorysetup-temp-allocator-size-gi-baking-worker=262144"
    "memorysetup-temp-allocator-size-gi-baking-worker=262144"
    "memorysetup-temp-allocator-size-gi-baking-worker=262144"
    "memorysetup-temp-allocator-size-gfx=262144"
Player connection [8750383680]  Target information:

Player connection [8750383680]  * "[IP] 10.147.20.144 [Port] 0 [Flags] 2 [Guid] 2851639606 [EditorId] 2851639606 [Version] 1048832 [Id] OSXEditor(0,Andreis-MacBook-Pro-3.local) [Debug] 1 [PackageName] OSXEditor [ProjectName] Editor" 

Player connection [8750383680]  * "[IP] 192.168.100.248 [Port] 0 [Flags] 2 [Guid] 2851639606 [EditorId] 2851639606 [Version] 1048832 [Id] OSXEditor(0,Andreis-MacBook-Pro-3.local) [Debug] 1 [PackageName] OSXEditor [ProjectName] Editor" 

Player connection [8750383680] Host joined multi-casting on [225.0.0.222:54997]...
Player connection [8750383680] Host joined alternative multi-casting on [225.0.0.222:34997]...
JobSystem: Creating JobQueue using job-worker-count value 7
Input System module state changed to: Initialized.
[Physics::Module] Initialized fallback backend.
[Physics::Module] Id: 0xdecafbad
Library Redirect Path: Library/
[Physics::Module] Selected backend.
[Physics::Module] Name: PhysX
[Physics::Module] Id: 0xf2b8ea05
[Physics::Module] SDK Version: 4.1.2
[Physics::Module] Integration Version: 1.0.0
[Physics::Module] Threading Mode: Multi-Threaded
Refreshing native plugins compatible for Editor in 0.68 ms, found 3 plugins.
Preloading 0 native plugins for Editor in 0.00 ms.
Initialize engine version: 6000.2.1f1 (55300504c302)
[Subsystems] Discovering subsystems at path /Applications/Unity/Hub/Editor/6000.2.1f1/Unity.app/Contents/Resources/UnitySubsystems
[Subsystems] Discovering subsystems at path /Users/andrei/Desktop/Personal/Unity/OneShot/Assets
GfxDevice: creating device client; kGfxThreadingModeNonThreaded
 preferred device: Apple M3 Max (high power)
Metal devices available: 1
0: Apple M3 Max (high power)
Using device Apple M3 Max (high power)
Initializing Metal device caps: Apple M3 Max
Mac GPU Family: 2
Apple GPU Family: 9
MSL Version: 3.0
Has Float MSAA: 1
Has Float Filtering: 1
ReadWrite Texture Tier: 2
Initialize mono
Mono path[0] = '/Applications/Unity/Hub/Editor/6000.2.1f1/Unity.app/Contents/Managed'
Mono path[1] = '/Applications/Unity/Hub/Editor/6000.2.1f1/Unity.app/Contents/MonoBleedingEdge/lib/mono/unityjit-macos'
Mono config path = '/Applications/Unity/Hub/Editor/6000.2.1f1/Unity.app/Contents/MonoBleedingEdge/etc'
Using monoOptions --debugger-agent=transport=dt_socket,embedding=1,server=y,suspend=n,address=127.0.0.1:56415
Begin MonoManager ReloadAssembly
Registering precompiled unity dll's ...
Register platform support module: /Applications/Unity/Hub/Editor/6000.2.1f1/Unity.app/Contents/PlaybackEngines/MacStandaloneSupport/UnityEditor.OSXStandalone.Extensions.dll
Registered in 0.000289 seconds.
- Loaded All Assemblies, in  0.192 seconds
Native extension for OSXStandalone target not found
Mono: successfully reloaded assembly
- Finished resetting the current domain, in  0.196 seconds
Domain Reload Profiling: 387ms
	BeginReloadAssembly (43ms)
		ExecutionOrderSort (0ms)
		DisableScriptedObjects (0ms)
		BackupInstance (0ms)
		ReleaseScriptingObjects (0ms)
		CreateAndSetChildDomain (0ms)
	RebuildCommonClasses (23ms)
	RebuildNativeTypeToScriptingClass (9ms)
	initialDomainReloadingComplete (24ms)
	LoadAllAssembliesAndSetupDomain (93ms)
		LoadAssemblies (43ms)
		RebuildTransferFunctionScriptingTraits (0ms)
		AnalyzeDomain (91ms)
			TypeCache.Refresh (90ms)
				TypeCache.ScanAssembly (83ms)
			BuildScriptInfoCaches (0ms)
			ResolveRequiredComponents (0ms)
	FinalizeReload (196ms)
		ReleaseScriptCaches (0ms)
		RebuildScriptCaches (0ms)
		SetupLoadedEditorAssemblies (171ms)
			LogAssemblyErrors (0ms)
			InitializePlatformSupportModulesInManaged (26ms)
			SetLoadedEditorAssemblies (3ms)
			BeforeProcessingInitializeOnLoad (43ms)
			ProcessInitializeOnLoadAttributes (69ms)
			ProcessInitializeOnLoadMethodAttributes (30ms)
			AfterProcessingInitializeOnLoad (0ms)
			EditorAssembliesLoaded (0ms)
		ExecutionOrderSort2 (0ms)
		AwakeInstancesAfterBackupRestoration (0ms)
========================================================================
Worker process is ready to serve import requests
Import Worker Mode flag is 0x00
Begin MonoManager ReloadAssembly
[Licensing::Client] Successfully resolved entitlement details
[Licensing::Module] License group:
  Id: SC-Z3YQ-WUSF-P4AN-EAMM-XXXX
  Product: Unity Pro
  Type: ULF
  Expiration: 2026-06-16T00:00:00Z
[Licensing::Module] License group:
  Id: 7972300754960-playvalve-UnityGamesPrXXXX
  Product: Unity Enterprise
  Type: Assigned
  Expiration: 2026-06-10T00:00:00Z
- Loaded All Assemblies, in  0.306 seconds
Script 'CharacterController' has the same name as built-in Unity component.
AddComponent and GetComponent will not work with this script.
OnLevelWasLoaded was found on UserPrefs
This message has been deprecated and will be removed in a later version of Unity.
Add a delegate to SceneManager.sceneLoaded instead to get notifications after scene loading has completed
Refreshing native plugins compatible for Editor in 0.30 ms, found 3 plugins.
OnLevelWasLoaded was found on UserPrefs
This message has been deprecated and will be removed in a later version of Unity.
Add a delegate to SceneManager.sceneLoaded instead to get notifications after scene loading has completed
Native extension for OSXStandalone target not found
Package Manager log level set to [2]
[Package Manager] Failed to launch server process. Reason: Unity was launched with the -noUpm command-line argument
[Package Manager] Unable to send message (not connected to server process).
[Package Manager] Cannot connect to Unity Package Manager local server
Mono: successfully reloaded assembly
- Finished resetting the current domain, in  0.339 seconds
Domain Reload Profiling: 645ms
	BeginReloadAssembly (78ms)
		ExecutionOrderSort (0ms)
		DisableScriptedObjects (3ms)
		BackupInstance (0ms)
		ReleaseScriptingObjects (0ms)
		CreateAndSetChildDomain (21ms)
	RebuildCommonClasses (23ms)
	RebuildNativeTypeToScriptingClass (8ms)
	initialDomainReloadingComplete (18ms)
	LoadAllAssembliesAndSetupDomain (178ms)
		LoadAssemblies (113ms)
		RebuildTransferFunctionScriptingTraits (0ms)
		AnalyzeDomain (95ms)
			TypeCache.Refresh (77ms)
				TypeCache.ScanAssembly (69ms)
			BuildScriptInfoCaches (14ms)
			ResolveRequiredComponents (3ms)
	FinalizeReload (339ms)
		ReleaseScriptCaches (0ms)
		RebuildScriptCaches (0ms)
		SetupLoadedEditorAssemblies (289ms)
			LogAssemblyErrors (0ms)
			InitializePlatformSupportModulesInManaged (1ms)
			SetLoadedEditorAssemblies (2ms)
			BeforeProcessingInitializeOnLoad (62ms)
			ProcessInitializeOnLoadAttributes (200ms)
			ProcessInitializeOnLoadMethodAttributes (23ms)
			AfterProcessingInitializeOnLoad (1ms)
			EditorAssembliesLoaded (0ms)
		ExecutionOrderSort2 (0ms)
		AwakeInstancesAfterBackupRestoration (2ms)
Launching external process: /Applications/Unity/Hub/Editor/6000.2.1f1/Unity.app/Contents/Tools/UnityShaderCompiler
Launched and connected shader compiler UnityShaderCompiler after 0.03 seconds
Refreshing native plugins compatible for Editor in 0.38 ms, found 3 plugins.
Preloading 0 native plugins for Editor in 0.00 ms.
Unloading 0 Unused Serialized files (Serialized files now loaded: 0)
Unloading 3584 unused Assets / (0.9 MB). Loaded Objects now: 4092.
Memory consumption went from 81.0 MB to 80.1 MB.
Total: 4.450125 ms (FindLiveObjects: 0.177625 ms CreateObjectMapping: 0.077375 ms MarkObjects: 3.712625 ms  DeleteObjects: 0.482167 ms)

========================================================================
Received Prepare
Begin MonoManager ReloadAssembly
Thread 0x322ac7000 may have been prematurely finalized
- Loaded All Assemblies, in  0.294 seconds
Script 'CharacterController' has the same name as built-in Unity component.
AddComponent and GetComponent will not work with this script.
OnLevelWasLoaded was found on UserPrefs
This message has been deprecated and will be removed in a later version of Unity.
Add a delegate to SceneManager.sceneLoaded instead to get notifications after scene loading has completed
Refreshing native plugins compatible for Editor in 0.32 ms, found 3 plugins.
OnLevelWasLoaded was found on UserPrefs
This message has been deprecated and will be removed in a later version of Unity.
Add a delegate to SceneManager.sceneLoaded instead to get notifications after scene loading has completed
Native extension for OSXStandalone target not found
[Package Manager] Failed to launch server process. Reason: Unity was launched with the -noUpm command-line argument
[Package Manager] Unable to send message (not connected to server process).
[Package Manager] Cannot connect to Unity Package Manager local server
Mono: successfully reloaded assembly
- Finished resetting the current domain, in  0.335 seconds
Domain Reload Profiling: 630ms
	BeginReloadAssembly (97ms)
		ExecutionOrderSort (0ms)
		DisableScriptedObjects (7ms)
		BackupInstance (0ms)
		ReleaseScriptingObjects (0ms)
		CreateAndSetChildDomain (33ms)
	RebuildCommonClasses (23ms)
	RebuildNativeTypeToScriptingClass (8ms)
	initialDomainReloadingComplete (12ms)
	LoadAllAssembliesAndSetupDomain (154ms)
		LoadAssemblies (113ms)
		RebuildTransferFunctionScriptingTraits (0ms)
		AnalyzeDomain (68ms)
			TypeCache.Refresh (4ms)
				TypeCache.ScanAssembly (0ms)
			BuildScriptInfoCaches (61ms)
			ResolveRequiredComponents (3ms)
	FinalizeReload (335ms)
		ReleaseScriptCaches (0ms)
		RebuildScriptCaches (0ms)
		SetupLoadedEditorAssemblies (275ms)
			LogAssemblyErrors (0ms)
			InitializePlatformSupportModulesInManaged (1ms)
			SetLoadedEditorAssemblies (2ms)
			BeforeProcessingInitializeOnLoad (61ms)
			ProcessInitializeOnLoadAttributes (184ms)
			ProcessInitializeOnLoadMethodAttributes (26ms)
			AfterProcessingInitializeOnLoad (1ms)
			EditorAssembliesLoaded (0ms)
		ExecutionOrderSort2 (0ms)
		AwakeInstancesAfterBackupRestoration (2ms)
Refreshing native plugins compatible for Editor in 0.42 ms, found 3 plugins.
Preloading 0 native plugins for Editor in 0.00 ms.
Unloading 0 Unused Serialized files (Serialized files now loaded: 0)
Unloading 3582 unused Assets / (0.6 MB). Loaded Objects now: 4095.
Memory consumption went from 89.2 MB to 88.5 MB.
Total: 4.409667 ms (FindLiveObjects: 0.183792 ms CreateObjectMapping: 0.063375 ms MarkObjects: 3.741333 ms  DeleteObjects: 0.420625 ms)

Prepare: number of updated asset objects reloaded= 0
========================================================================
Received Import Request.
  Time since last request: 81078.886628 seconds.
  path: Assets/Prefabs/Lobby/Player.prefab
  artifactKey: Guid(54a55169fc6754867ae1669d702fedd9) Importer(815301076,1909f56bfc062723c751e8b465ee728b)
Start importing Assets/Prefabs/Lobby/Player.prefab using Guid(54a55169fc6754867ae1669d702fedd9) Importer(815301076,1909f56bfc062723c751e8b465ee728b) (PreviewImporter) -> (artifact id: '4a5360adf8f11b3f741247ca547f8e12') in 0.0468755 seconds
Number of updated asset objects reloaded before import = 0Number of asset objects unloaded after import = 438

========================================================================
Received Prepare
Begin MonoManager ReloadAssembly
[Licensing::Client] Successfully resolved entitlement details
[Licensing::Module] License group:
  Id: SC-Z3YQ-WUSF-P4AN-EAMM-XXXX
  Product: Unity Pro
  Type: ULF
  Expiration: 2026-06-16T00:00:00Z
[Licensing::Module] License group:
  Id: 7972300754960-playvalve-UnityGamesPrXXXX
  Product: Unity Enterprise
  Type: Assigned
  Expiration: 2026-06-10T00:00:00Z
Thread 0x322ac7000 may have been prematurely finalized
- Loaded All Assemblies, in  0.302 seconds
Script 'CharacterController' has the same name as built-in Unity component.
AddComponent and GetComponent will not work with this script.
OnLevelWasLoaded was found on UserPrefs
This message has been deprecated and will be removed in a later version of Unity.
Add a delegate to SceneManager.sceneLoaded instead to get notifications after scene loading has completed
Refreshing native plugins compatible for Editor in 0.31 ms, found 3 plugins.
OnLevelWasLoaded was found on UserPrefs
This message has been deprecated and will be removed in a later version of Unity.
Add a delegate to SceneManager.sceneLoaded instead to get notifications after scene loading has completed
Native extension for OSXStandalone target not found
[Package Manager] Failed to launch server process. Reason: Unity was launched with the -noUpm command-line argument
[Package Manager] Unable to send message (not connected to server process).
[Package Manager] Cannot connect to Unity Package Manager local server
Mono: successfully reloaded assembly
- Finished resetting the current domain, in  0.355 seconds
Domain Reload Profiling: 658ms
	BeginReloadAssembly (104ms)
		ExecutionOrderSort (0ms)
		DisableScriptedObjects (7ms)
		BackupInstance (0ms)
		ReleaseScriptingObjects (0ms)
		CreateAndSetChildDomain (36ms)
	RebuildCommonClasses (24ms)
	RebuildNativeTypeToScriptingClass (9ms)
	initialDomainReloadingComplete (12ms)
	LoadAllAssembliesAndSetupDomain (154ms)
		LoadAssemblies (117ms)
		RebuildTransferFunctionScriptingTraits (0ms)
		AnalyzeDomain (67ms)
			TypeCache.Refresh (5ms)
				TypeCache.ScanAssembly (0ms)
			BuildScriptInfoCaches (58ms)
			ResolveRequiredComponents (3ms)
	FinalizeReload (355ms)
		ReleaseScriptCaches (0ms)
		RebuildScriptCaches (0ms)
		SetupLoadedEditorAssemblies (295ms)
			LogAssemblyErrors (0ms)
			InitializePlatformSupportModulesInManaged (1ms)
			SetLoadedEditorAssemblies (2ms)
			BeforeProcessingInitializeOnLoad (67ms)
			ProcessInitializeOnLoadAttributes (197ms)
			ProcessInitializeOnLoadMethodAttributes (27ms)
			AfterProcessingInitializeOnLoad (1ms)
			EditorAssembliesLoaded (0ms)
		ExecutionOrderSort2 (0ms)
		AwakeInstancesAfterBackupRestoration (2ms)
Refreshing native plugins compatible for Editor in 0.36 ms, found 3 plugins.
Preloading 0 native plugins for Editor in 0.00 ms.
Unloading 0 Unused Serialized files (Serialized files now loaded: 0)
Unloading 3587 unused Assets / (0.8 MB). Loaded Objects now: 4102.
Memory consumption went from 90.0 MB to 89.2 MB.
Total: 4.312708 ms (FindLiveObjects: 0.188209 ms CreateObjectMapping: 0.068375 ms MarkObjects: 3.684750 ms  DeleteObjects: 0.370833 ms)

Prepare: number of updated asset objects reloaded= 0
========================================================================
Received Prepare
Begin MonoManager ReloadAssembly
Thread 0x16bb0f000 may have been prematurely finalized
- Loaded All Assemblies, in  0.295 seconds
Script 'CharacterController' has the same name as built-in Unity component.
AddComponent and GetComponent will not work with this script.
OnLevelWasLoaded was found on UserPrefs
This message has been deprecated and will be removed in a later version of Unity.
Add a delegate to SceneManager.sceneLoaded instead to get notifications after scene loading has completed
Refreshing native plugins compatible for Editor in 0.33 ms, found 3 plugins.
OnLevelWasLoaded was found on UserPrefs
This message has been deprecated and will be removed in a later version of Unity.
Add a delegate to SceneManager.sceneLoaded instead to get notifications after scene loading has completed
Native extension for OSXStandalone target not found
[Package Manager] Failed to launch server process. Reason: Unity was launched with the -noUpm command-line argument
[Package Manager] Unable to send message (not connected to server process).
[Package Manager] Cannot connect to Unity Package Manager local server
Mono: successfully reloaded assembly
- Finished resetting the current domain, in  0.333 seconds
Domain Reload Profiling: 629ms
	BeginReloadAssembly (98ms)
		ExecutionOrderSort (0ms)
		DisableScriptedObjects (7ms)
		BackupInstance (0ms)
		ReleaseScriptingObjects (0ms)
		CreateAndSetChildDomain (34ms)
	RebuildCommonClasses (24ms)
	RebuildNativeTypeToScriptingClass (8ms)
	initialDomainReloadingComplete (11ms)
	LoadAllAssembliesAndSetupDomain (155ms)
		LoadAssemblies (114ms)
		RebuildTransferFunctionScriptingTraits (0ms)
		AnalyzeDomain (68ms)
			TypeCache.Refresh (4ms)
				TypeCache.ScanAssembly (0ms)
			BuildScriptInfoCaches (60ms)
			ResolveRequiredComponents (3ms)
	FinalizeReload (333ms)
		ReleaseScriptCaches (0ms)
		RebuildScriptCaches (0ms)
		SetupLoadedEditorAssemblies (274ms)
			LogAssemblyErrors (0ms)
			InitializePlatformSupportModulesInManaged (1ms)
			SetLoadedEditorAssemblies (2ms)
			BeforeProcessingInitializeOnLoad (62ms)
			ProcessInitializeOnLoadAttributes (184ms)
			ProcessInitializeOnLoadMethodAttributes (25ms)
			AfterProcessingInitializeOnLoad (1ms)
			EditorAssembliesLoaded (0ms)
		ExecutionOrderSort2 (0ms)
		AwakeInstancesAfterBackupRestoration (2ms)
Refreshing native plugins compatible for Editor in 0.33 ms, found 3 plugins.
Preloading 0 native plugins for Editor in 0.00 ms.
Unloading 0 Unused Serialized files (Serialized files now loaded: 0)
Unloading 3582 unused Assets / (0.7 MB). Loaded Objects now: 4104.
Memory consumption went from 90.0 MB to 89.3 MB.
Total: 4.203125 ms (FindLiveObjects: 0.180375 ms CreateObjectMapping: 0.067958 ms MarkObjects: 3.552042 ms  DeleteObjects: 0.402208 ms)

Prepare: number of updated asset objects reloaded= 0
========================================================================
Received Import Request.
  Time since last request: 106.140056 seconds.
  path: Assets/Prefabs/Lobby/Player.prefab
  artifactKey: Guid(54a55169fc6754867ae1669d702fedd9) Importer(815301076,1909f56bfc062723c751e8b465ee728b)
Start importing Assets/Prefabs/Lobby/Player.prefab using Guid(54a55169fc6754867ae1669d702fedd9) Importer(815301076,1909f56bfc062723c751e8b465ee728b) (PreviewImporter) -> (artifact id: 'e36ceba2f277de905b6eb2c29c3fa0e6') in 0.043401958 seconds
Number of updated asset objects reloaded before import = 0Number of asset objects unloaded after import = 438

========================================================================
Received Prepare
Begin MonoManager ReloadAssembly
[Licensing::Client] Successfully resolved entitlement details
[Licensing::Module] License group:
  Id: SC-Z3YQ-WUSF-P4AN-EAMM-XXXX
  Product: Unity Pro
  Type: ULF
  Expiration: 2026-06-16T00:00:00Z
[Licensing::Module] License group:
  Id: 7972300754960-playvalve-UnityGamesPrXXXX
  Product: Unity Enterprise
  Type: Assigned
  Expiration: 2026-06-10T00:00:00Z
Thread 0x16be57000 may have been prematurely finalized
- Loaded All Assemblies, in  0.306 seconds
Script 'CharacterController' has the same name as built-in Unity component.
AddComponent and GetComponent will not work with this script.
OnLevelWasLoaded was found on UserPrefs
This message has been deprecated and will be removed in a later version of Unity.
Add a delegate to SceneManager.sceneLoaded instead to get notifications after scene loading has completed
Refreshing native plugins compatible for Editor in 0.32 ms, found 3 plugins.
OnLevelWasLoaded was found on UserPrefs
This message has been deprecated and will be removed in a later version of Unity.
Add a delegate to SceneManager.sceneLoaded instead to get notifications after scene loading has completed
Native extension for OSXStandalone target not found
[Package Manager] Failed to launch server process. Reason: Unity was launched with the -noUpm command-line argument
[Package Manager] Unable to send message (not connected to server process).
[Package Manager] Cannot connect to Unity Package Manager local server
Mono: successfully reloaded assembly
- Finished resetting the current domain, in  0.357 seconds
Domain Reload Profiling: 663ms
	BeginReloadAssembly (104ms)
		ExecutionOrderSort (0ms)
		DisableScriptedObjects (7ms)
		BackupInstance (0ms)
		ReleaseScriptingObjects (0ms)
		CreateAndSetChildDomain (35ms)
	RebuildCommonClasses (25ms)
	RebuildNativeTypeToScriptingClass (9ms)
	initialDomainReloadingComplete (12ms)
	LoadAllAssembliesAndSetupDomain (158ms)
		LoadAssemblies (119ms)
		RebuildTransferFunctionScriptingTraits (0ms)
		AnalyzeDomain (69ms)
			TypeCache.Refresh (5ms)
				TypeCache.ScanAssembly (0ms)
			BuildScriptInfoCaches (60ms)
			ResolveRequiredComponents (3ms)
	FinalizeReload (357ms)
		ReleaseScriptCaches (0ms)
		RebuildScriptCaches (0ms)
		SetupLoadedEditorAssemblies (296ms)
			LogAssemblyErrors (0ms)
			InitializePlatformSupportModulesInManaged (1ms)
			SetLoadedEditorAssemblies (2ms)
			BeforeProcessingInitializeOnLoad (67ms)
			ProcessInitializeOnLoadAttributes (200ms)
			ProcessInitializeOnLoadMethodAttributes (25ms)
			AfterProcessingInitializeOnLoad (1ms)
			EditorAssembliesLoaded (0ms)
		ExecutionOrderSort2 (0ms)
		AwakeInstancesAfterBackupRestoration (2ms)
Refreshing native plugins compatible for Editor in 0.39 ms, found 3 plugins.
Preloading 0 native plugins for Editor in 0.00 ms.
Unloading 0 Unused Serialized files (Serialized files now loaded: 0)
Unloading 3587 unused Assets / (0.8 MB). Loaded Objects now: 4106.
Memory consumption went from 90.0 MB to 89.2 MB.
Total: 4.307875 ms (FindLiveObjects: 0.167292 ms CreateObjectMapping: 0.078542 ms MarkObjects: 3.557583 ms  DeleteObjects: 0.504083 ms)

Prepare: number of updated asset objects reloaded= 0
========================================================================
Received Import Request.
  Time since last request: 16.203303 seconds.
  path: Assets/Prefabs/Lobby/Player.prefab
  artifactKey: Guid(54a55169fc6754867ae1669d702fedd9) Importer(815301076,1909f56bfc062723c751e8b465ee728b)
Start importing Assets/Prefabs/Lobby/Player.prefab using Guid(54a55169fc6754867ae1669d702fedd9) Importer(815301076,1909f56bfc062723c751e8b465ee728b) (PreviewImporter) -> (artifact id: 'cc3a6cb6376d88820dcff0e37d043486') in 0.045070958 seconds
Number of updated asset objects reloaded before import = 0Number of asset objects unloaded after import = 438

========================================================================
Received Import Request.
  Time since last request: 21.489873 seconds.
  path: Assets/Prefabs/Lobby/Player.prefab
  artifactKey: Guid(54a55169fc6754867ae1669d702fedd9) Importer(815301076,1909f56bfc062723c751e8b465ee728b)
Start importing Assets/Prefabs/Lobby/Player.prefab using Guid(54a55169fc6754867ae1669d702fedd9) Importer(815301076,1909f56bfc062723c751e8b465ee728b) (PreviewImporter) -> (artifact id: 'bb9090b01b1aa8e3f9f1ab77e0efeb39') in 0.013956125 seconds
Number of updated asset objects reloaded before import = 0Number of asset objects unloaded after import = 438

========================================================================
Received Prepare
Begin MonoManager ReloadAssembly
Thread 0x16be57000 may have been prematurely finalized
- Loaded All Assemblies, in  0.290 seconds
Script 'CharacterController' has the same name as built-in Unity component.
AddComponent and GetComponent will not work with this script.
OnLevelWasLoaded was found on UserPrefs
This message has been deprecated and will be removed in a later version of Unity.
Add a delegate to SceneManager.sceneLoaded instead to get notifications after scene loading has completed
Refreshing native plugins compatible for Editor in 0.31 ms, found 3 plugins.
OnLevelWasLoaded was found on UserPrefs
This message has been deprecated and will be removed in a later version of Unity.
Add a delegate to SceneManager.sceneLoaded instead to get notifications after scene loading has completed
Native extension for OSXStandalone target not found
[Package Manager] Failed to launch server process. Reason: Unity was launched with the -noUpm command-line argument
[Package Manager] Unable to send message (not connected to server process).
[Package Manager] Cannot connect to Unity Package Manager local server
Mono: successfully reloaded assembly
- Finished resetting the current domain, in  0.317 seconds
Domain Reload Profiling: 607ms
	BeginReloadAssembly (100ms)
		ExecutionOrderSort (0ms)
		DisableScriptedObjects (7ms)
		BackupInstance (0ms)
		ReleaseScriptingObjects (0ms)
		CreateAndSetChildDomain (36ms)
	RebuildCommonClasses (23ms)
	RebuildNativeTypeToScriptingClass (8ms)
	initialDomainReloadingComplete (11ms)
	LoadAllAssembliesAndSetupDomain (148ms)
		LoadAssemblies (110ms)
		RebuildTransferFunctionScriptingTraits (0ms)
		AnalyzeDomain (66ms)
			TypeCache.Refresh (4ms)
				TypeCache.ScanAssembly (0ms)
			BuildScriptInfoCaches (58ms)
			ResolveRequiredComponents (3ms)
	FinalizeReload (317ms)
		ReleaseScriptCaches (0ms)
		RebuildScriptCaches (0ms)
		SetupLoadedEditorAssemblies (259ms)
			LogAssemblyErrors (0ms)
			InitializePlatformSupportModulesInManaged (1ms)
			SetLoadedEditorAssemblies (2ms)
			BeforeProcessingInitializeOnLoad (59ms)
			ProcessInitializeOnLoadAttributes (174ms)
			ProcessInitializeOnLoadMethodAttributes (22ms)
			AfterProcessingInitializeOnLoad (1ms)
			EditorAssembliesLoaded (0ms)
		ExecutionOrderSort2 (0ms)
		AwakeInstancesAfterBackupRestoration (2ms)
Refreshing native plugins compatible for Editor in 0.33 ms, found 3 plugins.
Preloading 0 native plugins for Editor in 0.00 ms.
Unloading 0 Unused Serialized files (Serialized files now loaded: 0)
Unloading 3587 unused Assets / (0.8 MB). Loaded Objects now: 4108.
Memory consumption went from 90.0 MB to 89.2 MB.
Total: 4.147125 ms (FindLiveObjects: 0.161250 ms CreateObjectMapping: 0.086958 ms MarkObjects: 3.498750 ms  DeleteObjects: 0.399583 ms)

Prepare: number of updated asset objects reloaded= 0
========================================================================
Received Import Request.
  Time since last request: 31.265675 seconds.
  path: Assets/Scenes/Lobby.unity
  artifactKey: Guid(8222b0e3841c8414bb16083fbec13dcd) Importer(815301076,1909f56bfc062723c751e8b465ee728b)
Start importing Assets/Scenes/Lobby.unity using Guid(8222b0e3841c8414bb16083fbec13dcd) Importer(815301076,1909f56bfc062723c751e8b465ee728b) (PreviewImporter) -> (artifact id: 'bf6327247c23a1296c53a5760bb90b59') in 0.000855667 seconds
Number of updated asset objects reloaded before import = 0Number of asset objects unloaded after import = 0

========================================================================
Received Import Request.
  Time since last request: 2.649995 seconds.
  path: Assets/Scenes/FightScene.unity
  artifactKey: Guid(2cda990e2423bbf4892e6590ba056729) Importer(815301076,1909f56bfc062723c751e8b465ee728b)
Start importing Assets/Scenes/FightScene.unity using Guid(2cda990e2423bbf4892e6590ba056729) Importer(815301076,1909f56bfc062723c751e8b465ee728b) (PreviewImporter) -> (artifact id: '7cb7530c16d93a7a693e438e39acd9e9') in 0.000247416 seconds
Number of updated asset objects reloaded before import = 0Number of asset objects unloaded after import = 0

========================================================================
Received Import Request.
  Time since last request: 4.003432 seconds.
  path: Assets/Scenes/LocalPlay.unity
  artifactKey: Guid(9c8ef5f1408b4422297538962984a742) Importer(815301076,1909f56bfc062723c751e8b465ee728b)
Start importing Assets/Scenes/LocalPlay.unity using Guid(9c8ef5f1408b4422297538962984a742) Importer(815301076,1909f56bfc062723c751e8b465ee728b) (PreviewImporter) -> (artifact id: 'a37cf91979974be57cd8fbfe9be5dff5') in 0.000280625 seconds
Number of updated asset objects reloaded before import = 0Number of asset objects unloaded after import = 0

========================================================================
Received Prepare
Begin MonoManager ReloadAssembly
[Licensing::Client] Successfully resolved entitlement details
[Licensing::Module] License group:
  Id: SC-Z3YQ-WUSF-P4AN-EAMM-XXXX
  Product: Unity Pro
  Type: ULF
  Expiration: 2026-06-16T00:00:00Z
[Licensing::Module] License group:
  Id: 7972300754960-playvalve-UnityGamesPrXXXX
  Product: Unity Enterprise
  Type: Assigned
  Expiration: 2026-06-10T00:00:00Z
Thread 0x16c5b7000 may have been prematurely finalized
- Loaded All Assemblies, in  0.293 seconds
Script 'CharacterController' has the same name as built-in Unity component.
AddComponent and GetComponent will not work with this script.
OnLevelWasLoaded was found on UserPrefs
This message has been deprecated and will be removed in a later version of Unity.
Add a delegate to SceneManager.sceneLoaded instead to get notifications after scene loading has completed
Refreshing native plugins compatible for Editor in 0.32 ms, found 3 plugins.
OnLevelWasLoaded was found on UserPrefs
This message has been deprecated and will be removed in a later version of Unity.
Add a delegate to SceneManager.sceneLoaded instead to get notifications after scene loading has completed
Native extension for OSXStandalone target not found
[Package Manager] Failed to launch server process. Reason: Unity was launched with the -noUpm command-line argument
[Package Manager] Unable to send message (not connected to server process).
[Package Manager] Cannot connect to Unity Package Manager local server
Mono: successfully reloaded assembly
- Finished resetting the current domain, in  0.317 seconds
Domain Reload Profiling: 610ms
	BeginReloadAssembly (101ms)
		ExecutionOrderSort (0ms)
		DisableScriptedObjects (7ms)
		BackupInstance (0ms)
		ReleaseScriptingObjects (0ms)
		CreateAndSetChildDomain (35ms)
	RebuildCommonClasses (23ms)
	RebuildNativeTypeToScriptingClass (8ms)
	initialDomainReloadingComplete (11ms)
	LoadAllAssembliesAndSetupDomain (150ms)
		LoadAssemblies (112ms)
		RebuildTransferFunctionScriptingTraits (0ms)
		AnalyzeDomain (67ms)
			TypeCache.Refresh (4ms)
				TypeCache.ScanAssembly (0ms)
			BuildScriptInfoCaches (59ms)
			ResolveRequiredComponents (3ms)
	FinalizeReload (317ms)
		ReleaseScriptCaches (0ms)
		RebuildScriptCaches (0ms)
		SetupLoadedEditorAssemblies (258ms)
			LogAssemblyErrors (0ms)
			InitializePlatformSupportModulesInManaged (1ms)
			SetLoadedEditorAssemblies (2ms)
			BeforeProcessingInitializeOnLoad (58ms)
			ProcessInitializeOnLoadAttributes (172ms)
			ProcessInitializeOnLoadMethodAttributes (24ms)
			AfterProcessingInitializeOnLoad (1ms)
			EditorAssembliesLoaded (0ms)
		ExecutionOrderSort2 (0ms)
		AwakeInstancesAfterBackupRestoration (2ms)
Refreshing native plugins compatible for Editor in 0.32 ms, found 3 plugins.
Preloading 0 native plugins for Editor in 0.00 ms.
Unloading 0 Unused Serialized files (Serialized files now loaded: 0)
Unloading 3582 unused Assets / (0.7 MB). Loaded Objects now: 4110.
Memory consumption went from 89.9 MB to 89.2 MB.
Total: 4.150375 ms (FindLiveObjects: 0.161333 ms CreateObjectMapping: 0.085750 ms MarkObjects: 3.501125 ms  DeleteObjects: 0.401750 ms)

Prepare: number of updated asset objects reloaded= 0
========================================================================
Received Prepare
Script 'CharacterController' has the same name as built-in Unity component.
AddComponent and GetComponent will not work with this script.
OnLevelWasLoaded was found on UserPrefs
This message has been deprecated and will be removed in a later version of Unity.
Add a delegate to SceneManager.sceneLoaded instead to get notifications after scene loading has completed
Refreshing native plugins compatible for Editor in 0.35 ms, found 3 plugins.
Preloading 0 native plugins for Editor in 0.00 ms.
Unloading 0 Unused Serialized files (Serialized files now loaded: 0)
Unloading 3571 unused Assets / (422.7 KB). Loaded Objects now: 4110.
Memory consumption went from 81.9 MB to 81.5 MB.
Total: 4.195500 ms (FindLiveObjects: 0.169833 ms CreateObjectMapping: 0.064625 ms MarkObjects: 3.569041 ms  DeleteObjects: 0.391500 ms)

Prepare: number of updated asset objects reloaded= 0
========================================================================
Received Prepare
Begin MonoManager ReloadAssembly
Thread 0x322d87000 may have been prematurely finalized
- Loaded All Assemblies, in  0.299 seconds
Script 'CharacterController' has the same name as built-in Unity component.
AddComponent and GetComponent will not work with this script.
OnLevelWasLoaded was found on UserPrefs
This message has been deprecated and will be removed in a later version of Unity.
Add a delegate to SceneManager.sceneLoaded instead to get notifications after scene loading has completed
Refreshing native plugins compatible for Editor in 0.31 ms, found 3 plugins.
OnLevelWasLoaded was found on UserPrefs
This message has been deprecated and will be removed in a later version of Unity.
Add a delegate to SceneManager.sceneLoaded instead to get notifications after scene loading has completed
Native extension for OSXStandalone target not found
[Package Manager] Failed to launch server process. Reason: Unity was launched with the -noUpm command-line argument
[Package Manager] Unable to send message (not connected to server process).
[Package Manager] Cannot connect to Unity Package Manager local server
Mono: successfully reloaded assembly
- Finished resetting the current domain, in  0.366 seconds
Domain Reload Profiling: 666ms
	BeginReloadAssembly (96ms)
		ExecutionOrderSort (0ms)
		DisableScriptedObjects (7ms)
		BackupInstance (0ms)
		ReleaseScriptingObjects (0ms)
		CreateAndSetChildDomain (32ms)
	RebuildCommonClasses (24ms)
	RebuildNativeTypeToScriptingClass (8ms)
	initialDomainReloadingComplete (11ms)
	LoadAllAssembliesAndSetupDomain (161ms)
		LoadAssemblies (116ms)
		RebuildTransferFunctionScriptingTraits (0ms)
		AnalyzeDomain (72ms)
			TypeCache.Refresh (5ms)
				TypeCache.ScanAssembly (0ms)
			BuildScriptInfoCaches (63ms)
			ResolveRequiredComponents (3ms)
	FinalizeReload (366ms)
		ReleaseScriptCaches (0ms)
		RebuildScriptCaches (0ms)
		SetupLoadedEditorAssemblies (302ms)
			LogAssemblyErrors (0ms)
			InitializePlatformSupportModulesInManaged (1ms)
			SetLoadedEditorAssemblies (2ms)
			BeforeProcessingInitializeOnLoad (67ms)
			ProcessInitializeOnLoadAttributes (205ms)
			ProcessInitializeOnLoadMethodAttributes (26ms)
			AfterProcessingInitializeOnLoad (1ms)
			EditorAssembliesLoaded (0ms)
		ExecutionOrderSort2 (0ms)
		AwakeInstancesAfterBackupRestoration (2ms)
Refreshing native plugins compatible for Editor in 0.39 ms, found 3 plugins.
Preloading 0 native plugins for Editor in 0.00 ms.
Unloading 0 Unused Serialized files (Serialized files now loaded: 0)
Unloading 3582 unused Assets / (0.8 MB). Loaded Objects now: 4112.
Memory consumption went from 89.9 MB to 89.0 MB.
Total: 4.310666 ms (FindLiveObjects: 0.176292 ms CreateObjectMapping: 0.066500 ms MarkObjects: 3.642458 ms  DeleteObjects: 0.425167 ms)

Prepare: number of updated asset objects reloaded= 0
========================================================================
Received Prepare
Begin MonoManager ReloadAssembly
Thread 0x322e07000 may have been prematurely finalized
- Loaded All Assemblies, in  0.297 seconds
Script 'CharacterController' has the same name as built-in Unity component.
AddComponent and GetComponent will not work with this script.
OnLevelWasLoaded was found on UserPrefs
This message has been deprecated and will be removed in a later version of Unity.
Add a delegate to SceneManager.sceneLoaded instead to get notifications after scene loading has completed
Refreshing native plugins compatible for Editor in 0.30 ms, found 3 plugins.
OnLevelWasLoaded was found on UserPrefs
This message has been deprecated and will be removed in a later version of Unity.
Add a delegate to SceneManager.sceneLoaded instead to get notifications after scene loading has completed
Native extension for OSXStandalone target not found
[Package Manager] Failed to launch server process. Reason: Unity was launched with the -noUpm command-line argument
[Package Manager] Unable to send message (not connected to server process).
[Package Manager] Cannot connect to Unity Package Manager local server
Mono: successfully reloaded assembly
- Finished resetting the current domain, in  0.344 seconds
Domain Reload Profiling: 642ms
	BeginReloadAssembly (98ms)
		ExecutionOrderSort (0ms)
		DisableScriptedObjects (7ms)
		BackupInstance (0ms)
		ReleaseScriptingObjects (0ms)
		CreateAndSetChildDomain (33ms)
	RebuildCommonClasses (24ms)
	RebuildNativeTypeToScriptingClass (8ms)
	initialDomainReloadingComplete (12ms)
	LoadAllAssembliesAndSetupDomain (157ms)
		LoadAssemblies (115ms)
		RebuildTransferFunctionScriptingTraits (0ms)
		AnalyzeDomain (69ms)
			TypeCache.Refresh (4ms)
				TypeCache.ScanAssembly (0ms)
			BuildScriptInfoCaches (61ms)
			ResolveRequiredComponents (3ms)
	FinalizeReload (344ms)
		ReleaseScriptCaches (0ms)
		RebuildScriptCaches (0ms)
		SetupLoadedEditorAssemblies (284ms)
			LogAssemblyErrors (0ms)
			InitializePlatformSupportModulesInManaged (1ms)
			SetLoadedEditorAssemblies (2ms)
			BeforeProcessingInitializeOnLoad (65ms)
			ProcessInitializeOnLoadAttributes (190ms)
			ProcessInitializeOnLoadMethodAttributes (26ms)
			AfterProcessingInitializeOnLoad (1ms)
			EditorAssembliesLoaded (0ms)
		ExecutionOrderSort2 (0ms)
		AwakeInstancesAfterBackupRestoration (2ms)
Refreshing native plugins compatible for Editor in 0.40 ms, found 3 plugins.
Preloading 0 native plugins for Editor in 0.00 ms.
Unloading 0 Unused Serialized files (Serialized files now loaded: 0)
Unloading 3582 unused Assets / (0.9 MB). Loaded Objects now: 4114.
Memory consumption went from 89.9 MB to 89.0 MB.
Total: 4.319208 ms (FindLiveObjects: 0.178375 ms CreateObjectMapping: 0.068667 ms MarkObjects: 3.657458 ms  DeleteObjects: 0.414375 ms)

Prepare: number of updated asset objects reloaded= 0
========================================================================
Received Prepare
Begin MonoManager ReloadAssembly
[Licensing::Client] Successfully resolved entitlement details
[Licensing::Module] License group:
  Id: SC-Z3YQ-WUSF-P4AN-EAMM-XXXX
  Product: Unity Pro
  Type: ULF
  Expiration: 2026-06-16T00:00:00Z
[Licensing::Module] License group:
  Id: 7972300754960-playvalve-UnityGamesPrXXXX
  Product: Unity Enterprise
  Type: Assigned
  Expiration: 2026-06-10T00:00:00Z
Thread 0x16bb0f000 may have been prematurely finalized
- Loaded All Assemblies, in  0.309 seconds
Script 'CharacterController' has the same name as built-in Unity component.
AddComponent and GetComponent will not work with this script.
OnLevelWasLoaded was found on UserPrefs
This message has been deprecated and will be removed in a later version of Unity.
Add a delegate to SceneManager.sceneLoaded instead to get notifications after scene loading has completed
Refreshing native plugins compatible for Editor in 0.30 ms, found 3 plugins.
OnLevelWasLoaded was found on UserPrefs
This message has been deprecated and will be removed in a later version of Unity.
Add a delegate to SceneManager.sceneLoaded instead to get notifications after scene loading has completed
Native extension for OSXStandalone target not found
[Package Manager] Failed to launch server process. Reason: Unity was launched with the -noUpm command-line argument
[Package Manager] Unable to send message (not connected to server process).
[Package Manager] Cannot connect to Unity Package Manager local server
Mono: successfully reloaded assembly
- Finished resetting the current domain, in  0.351 seconds
Domain Reload Profiling: 662ms
	BeginReloadAssembly (107ms)
		ExecutionOrderSort (0ms)
		DisableScriptedObjects (7ms)
		BackupInstance (0ms)
		ReleaseScriptingObjects (0ms)
		CreateAndSetChildDomain (39ms)
	RebuildCommonClasses (24ms)
	RebuildNativeTypeToScriptingClass (9ms)
	initialDomainReloadingComplete (12ms)
	LoadAllAssembliesAndSetupDomain (159ms)
		LoadAssemblies (118ms)
		RebuildTransferFunctionScriptingTraits (0ms)
		AnalyzeDomain (71ms)
			TypeCache.Refresh (5ms)
				TypeCache.ScanAssembly (0ms)
			BuildScriptInfoCaches (61ms)
			ResolveRequiredComponents (3ms)
	FinalizeReload (352ms)
		ReleaseScriptCaches (0ms)
		RebuildScriptCaches (0ms)
		SetupLoadedEditorAssemblies (291ms)
			LogAssemblyErrors (0ms)
			InitializePlatformSupportModulesInManaged (1ms)
			SetLoadedEditorAssemblies (2ms)
			BeforeProcessingInitializeOnLoad (68ms)
			ProcessInitializeOnLoadAttributes (194ms)
			ProcessInitializeOnLoadMethodAttributes (26ms)
			AfterProcessingInitializeOnLoad (1ms)
			EditorAssembliesLoaded (0ms)
		ExecutionOrderSort2 (0ms)
		AwakeInstancesAfterBackupRestoration (2ms)
Refreshing native plugins compatible for Editor in 0.46 ms, found 3 plugins.
Preloading 0 native plugins for Editor in 0.00 ms.
Unloading 0 Unused Serialized files (Serialized files now loaded: 0)
Unloading 3582 unused Assets / (0.6 MB). Loaded Objects now: 4116.
Memory consumption went from 89.9 MB to 89.3 MB.
Total: 4.223708 ms (FindLiveObjects: 0.193000 ms CreateObjectMapping: 0.066375 ms MarkObjects: 3.545083 ms  DeleteObjects: 0.418917 ms)

Prepare: number of updated asset objects reloaded= 0
========================================================================
Received Prepare
Begin MonoManager ReloadAssembly
Thread 0x16bb0f000 may have been prematurely finalized
- Loaded All Assemblies, in  0.293 seconds
Script 'CharacterController' has the same name as built-in Unity component.
AddComponent and GetComponent will not work with this script.
OnLevelWasLoaded was found on UserPrefs
This message has been deprecated and will be removed in a later version of Unity.
Add a delegate to SceneManager.sceneLoaded instead to get notifications after scene loading has completed
Refreshing native plugins compatible for Editor in 0.38 ms, found 3 plugins.
OnLevelWasLoaded was found on UserPrefs
This message has been deprecated and will be removed in a later version of Unity.
Add a delegate to SceneManager.sceneLoaded instead to get notifications after scene loading has completed
Native extension for OSXStandalone target not found
[Package Manager] Failed to launch server process. Reason: Unity was launched with the -noUpm command-line argument
[Package Manager] Unable to send message (not connected to server process).
[Package Manager] Cannot connect to Unity Package Manager local server
Mono: successfully reloaded assembly
- Finished resetting the current domain, in  0.323 seconds
Domain Reload Profiling: 617ms
	BeginReloadAssembly (99ms)
		ExecutionOrderSort (0ms)
		DisableScriptedObjects (7ms)
		BackupInstance (0ms)
		ReleaseScriptingObjects (0ms)
		CreateAndSetChildDomain (34ms)
	RebuildCommonClasses (23ms)
	RebuildNativeTypeToScriptingClass (8ms)
	initialDomainReloadingComplete (11ms)
	LoadAllAssembliesAndSetupDomain (152ms)
		LoadAssemblies (114ms)
		RebuildTransferFunctionScriptingTraits (0ms)
		AnalyzeDomain (67ms)
			TypeCache.Refresh (4ms)
				TypeCache.ScanAssembly (0ms)
			BuildScriptInfoCaches (59ms)
			ResolveRequiredComponents (3ms)
	FinalizeReload (323ms)
		ReleaseScriptCaches (0ms)
		RebuildScriptCaches (0ms)
		SetupLoadedEditorAssemblies (263ms)
			LogAssemblyErrors (0ms)
			InitializePlatformSupportModulesInManaged (1ms)
			SetLoadedEditorAssemblies (2ms)
			BeforeProcessingInitializeOnLoad (59ms)
			ProcessInitializeOnLoadAttributes (176ms)
			ProcessInitializeOnLoadMethodAttributes (25ms)
			AfterProcessingInitializeOnLoad (1ms)
			EditorAssembliesLoaded (0ms)
		ExecutionOrderSort2 (0ms)
		AwakeInstancesAfterBackupRestoration (2ms)
Refreshing native plugins compatible for Editor in 0.34 ms, found 3 plugins.
Preloading 0 native plugins for Editor in 0.00 ms.
Unloading 0 Unused Serialized files (Serialized files now loaded: 0)
Unloading 3582 unused Assets / (0.8 MB). Loaded Objects now: 4118.
Memory consumption went from 89.9 MB to 89.1 MB.
Total: 3.981833 ms (FindLiveObjects: 0.163042 ms CreateObjectMapping: 0.064875 ms MarkObjects: 3.388041 ms  DeleteObjects: 0.365417 ms)

Prepare: number of updated asset objects reloaded= 0
========================================================================
Received Prepare
Begin MonoManager ReloadAssembly
[Licensing::Client] Successfully resolved entitlement details
[Licensing::Module] License group:
  Id: SC-Z3YQ-WUSF-P4AN-EAMM-XXXX
  Product: Unity Pro
  Type: ULF
  Expiration: 2026-06-16T00:00:00Z
[Licensing::Module] License group:
  Id: 7972300754960-playvalve-UnityGamesPrXXXX
  Product: Unity Enterprise
  Type: Assigned
  Expiration: 2026-06-10T00:00:00Z
Thread 0x16bb0f000 may have been prematurely finalized
- Loaded All Assemblies, in  0.299 seconds
Script 'CharacterController' has the same name as built-in Unity component.
AddComponent and GetComponent will not work with this script.
OnLevelWasLoaded was found on UserPrefs
This message has been deprecated and will be removed in a later version of Unity.
Add a delegate to SceneManager.sceneLoaded instead to get notifications after scene loading has completed
Refreshing native plugins compatible for Editor in 0.31 ms, found 3 plugins.
OnLevelWasLoaded was found on UserPrefs
This message has been deprecated and will be removed in a later version of Unity.
Add a delegate to SceneManager.sceneLoaded instead to get notifications after scene loading has completed
Native extension for OSXStandalone target not found
[Package Manager] Failed to launch server process. Reason: Unity was launched with the -noUpm command-line argument
[Package Manager] Unable to send message (not connected to server process).
[Package Manager] Cannot connect to Unity Package Manager local server
Mono: successfully reloaded assembly
- Finished resetting the current domain, in  0.323 seconds
Domain Reload Profiling: 623ms
	BeginReloadAssembly (104ms)
		ExecutionOrderSort (0ms)
		DisableScriptedObjects (7ms)
		BackupInstance (0ms)
		ReleaseScriptingObjects (0ms)
		CreateAndSetChildDomain (35ms)
	RebuildCommonClasses (23ms)
	RebuildNativeTypeToScriptingClass (8ms)
	initialDomainReloadingComplete (11ms)
	LoadAllAssembliesAndSetupDomain (153ms)
		LoadAssemblies (115ms)
		RebuildTransferFunctionScriptingTraits (0ms)
		AnalyzeDomain (68ms)
			TypeCache.Refresh (5ms)
				TypeCache.ScanAssembly (0ms)
			BuildScriptInfoCaches (59ms)
			ResolveRequiredComponents (3ms)
	FinalizeReload (323ms)
		ReleaseScriptCaches (0ms)
		RebuildScriptCaches (0ms)
		SetupLoadedEditorAssemblies (266ms)
			LogAssemblyErrors (0ms)
			InitializePlatformSupportModulesInManaged (1ms)
			SetLoadedEditorAssemblies (2ms)
			BeforeProcessingInitializeOnLoad (62ms)
			ProcessInitializeOnLoadAttributes (175ms)
			ProcessInitializeOnLoadMethodAttributes (25ms)
			AfterProcessingInitializeOnLoad (1ms)
			EditorAssembliesLoaded (0ms)
		ExecutionOrderSort2 (0ms)
		AwakeInstancesAfterBackupRestoration (2ms)
Refreshing native plugins compatible for Editor in 0.32 ms, found 3 plugins.
Preloading 0 native plugins for Editor in 0.00 ms.
Unloading 0 Unused Serialized files (Serialized files now loaded: 0)
Unloading 3582 unused Assets / (0.8 MB). Loaded Objects now: 4120.
Memory consumption went from 89.9 MB to 89.1 MB.
Total: 4.197750 ms (FindLiveObjects: 0.158709 ms CreateObjectMapping: 0.073125 ms MarkObjects: 3.583666 ms  DeleteObjects: 0.381833 ms)

Prepare: number of updated asset objects reloaded= 0
========================================================================
Received Prepare
Begin MonoManager ReloadAssembly
Thread 0x16bb0f000 may have been prematurely finalized
- Loaded All Assemblies, in  0.303 seconds
Script 'CharacterController' has the same name as built-in Unity component.
AddComponent and GetComponent will not work with this script.
OnLevelWasLoaded was found on UserPrefs
This message has been deprecated and will be removed in a later version of Unity.
Add a delegate to SceneManager.sceneLoaded instead to get notifications after scene loading has completed
Refreshing native plugins compatible for Editor in 0.34 ms, found 3 plugins.
OnLevelWasLoaded was found on UserPrefs
This message has been deprecated and will be removed in a later version of Unity.
Add a delegate to SceneManager.sceneLoaded instead to get notifications after scene loading has completed
Native extension for OSXStandalone target not found
[Package Manager] Failed to launch server process. Reason: Unity was launched with the -noUpm command-line argument
[Package Manager] Unable to send message (not connected to server process).
[Package Manager] Cannot connect to Unity Package Manager local server
Mono: successfully reloaded assembly
- Finished resetting the current domain, in  0.345 seconds
Domain Reload Profiling: 649ms
	BeginReloadAssembly (98ms)
		ExecutionOrderSort (0ms)
		DisableScriptedObjects (7ms)
		BackupInstance (0ms)
		ReleaseScriptingObjects (0ms)
		CreateAndSetChildDomain (34ms)
	RebuildCommonClasses (24ms)
	RebuildNativeTypeToScriptingClass (8ms)
	initialDomainReloadingComplete (12ms)
	LoadAllAssembliesAndSetupDomain (162ms)
		LoadAssemblies (119ms)
		RebuildTransferFunctionScriptingTraits (0ms)
		AnalyzeDomain (71ms)
			TypeCache.Refresh (4ms)
				TypeCache.ScanAssembly (0ms)
			BuildScriptInfoCaches (63ms)
			ResolveRequiredComponents (3ms)
	FinalizeReload (345ms)
		ReleaseScriptCaches (0ms)
		RebuildScriptCaches (0ms)
		SetupLoadedEditorAssemblies (283ms)
			LogAssemblyErrors (0ms)
			InitializePlatformSupportModulesInManaged (1ms)
			SetLoadedEditorAssemblies (2ms)
			BeforeProcessingInitializeOnLoad (64ms)
			ProcessInitializeOnLoadAttributes (187ms)
			ProcessInitializeOnLoadMethodAttributes (27ms)
			AfterProcessingInitializeOnLoad (1ms)
			EditorAssembliesLoaded (0ms)
		ExecutionOrderSort2 (0ms)
		AwakeInstancesAfterBackupRestoration (2ms)
Refreshing native plugins compatible for Editor in 0.40 ms, found 3 plugins.
Preloading 0 native plugins for Editor in 0.00 ms.
Unloading 0 Unused Serialized files (Serialized files now loaded: 0)
Unloading 3582 unused Assets / (0.8 MB). Loaded Objects now: 4122.
Memory consumption went from 89.9 MB to 89.1 MB.
Total: 4.430917 ms (FindLiveObjects: 0.182792 ms CreateObjectMapping: 0.074708 ms MarkObjects: 3.760084 ms  DeleteObjects: 0.412750 ms)

Prepare: number of updated asset objects reloaded= 0
========================================================================
Received Prepare
Begin MonoManager ReloadAssembly
[Licensing::Client] Successfully resolved entitlement details
[Licensing::Module] License group:
  Id: SC-Z3YQ-WUSF-P4AN-EAMM-XXXX
  Product: Unity Pro
  Type: ULF
  Expiration: 2026-06-16T00:00:00Z
[Licensing::Module] License group:
  Id: 7972300754960-playvalve-UnityGamesPrXXXX
  Product: Unity Enterprise
  Type: Assigned
  Expiration: 2026-06-10T00:00:00Z
Thread 0x16bb0f000 may have been prematurely finalized
- Loaded All Assemblies, in  0.318 seconds
Script 'CharacterController' has the same name as built-in Unity component.
AddComponent and GetComponent will not work with this script.
OnLevelWasLoaded was found on UserPrefs
This message has been deprecated and will be removed in a later version of Unity.
Add a delegate to SceneManager.sceneLoaded instead to get notifications after scene loading has completed
Refreshing native plugins compatible for Editor in 0.43 ms, found 3 plugins.
OnLevelWasLoaded was found on UserPrefs
This message has been deprecated and will be removed in a later version of Unity.
Add a delegate to SceneManager.sceneLoaded instead to get notifications after scene loading has completed
Native extension for OSXStandalone target not found
[Package Manager] Failed to launch server process. Reason: Unity was launched with the -noUpm command-line argument
[Package Manager] Unable to send message (not connected to server process).
[Package Manager] Cannot connect to Unity Package Manager local server
Mono: successfully reloaded assembly
- Finished resetting the current domain, in  0.377 seconds
Domain Reload Profiling: 697ms
	BeginReloadAssembly (104ms)
		ExecutionOrderSort (0ms)
		DisableScriptedObjects (8ms)
		BackupInstance (0ms)
		ReleaseScriptingObjects (0ms)
		CreateAndSetChildDomain (34ms)
	RebuildCommonClasses (24ms)
	RebuildNativeTypeToScriptingClass (9ms)
	initialDomainReloadingComplete (12ms)
	LoadAllAssembliesAndSetupDomain (169ms)
		LoadAssemblies (125ms)
		RebuildTransferFunctionScriptingTraits (0ms)
		AnalyzeDomain (74ms)
			TypeCache.Refresh (6ms)
				TypeCache.ScanAssembly (1ms)
			BuildScriptInfoCaches (64ms)
			ResolveRequiredComponents (3ms)
	FinalizeReload (378ms)
		ReleaseScriptCaches (0ms)
		RebuildScriptCaches (0ms)
		SetupLoadedEditorAssemblies (309ms)
			LogAssemblyErrors (0ms)
			InitializePlatformSupportModulesInManaged (1ms)
			SetLoadedEditorAssemblies (2ms)
			BeforeProcessingInitializeOnLoad (73ms)
			ProcessInitializeOnLoadAttributes (203ms)
			ProcessInitializeOnLoadMethodAttributes (28ms)
			AfterProcessingInitializeOnLoad (1ms)
			EditorAssembliesLoaded (0ms)
		ExecutionOrderSort2 (0ms)
		AwakeInstancesAfterBackupRestoration (3ms)
Refreshing native plugins compatible for Editor in 0.33 ms, found 3 plugins.
Preloading 0 native plugins for Editor in 0.00 ms.
Unloading 0 Unused Serialized files (Serialized files now loaded: 0)
Unloading 3582 unused Assets / (0.8 MB). Loaded Objects now: 4124.
Memory consumption went from 89.9 MB to 89.1 MB.
Total: 4.754250 ms (FindLiveObjects: 0.203333 ms CreateObjectMapping: 0.075917 ms MarkObjects: 3.985333 ms  DeleteObjects: 0.489125 ms)

Prepare: number of updated asset objects reloaded= 0
========================================================================
Received Import Request.
  Time since last request: 513.523130 seconds.
  path: Assets/Prefabs/NetworkPlayer.prefab
  artifactKey: Guid(be325f5d22074694ab71970cc11c1b98) Importer(815301076,1909f56bfc062723c751e8b465ee728b)
Start importing Assets/Prefabs/NetworkPlayer.prefab using Guid(be325f5d22074694ab71970cc11c1b98) Importer(815301076,1909f56bfc062723c751e8b465ee728b) (PreviewImporter) -> (artifact id: '31e8e9e892d9bc765cb9fe414c3d3f47') in 0.1358935 seconds
Number of updated asset objects reloaded before import = 0Number of asset objects unloaded after import = 339

========================================================================
Received Prepare
Begin MonoManager ReloadAssembly
[Licensing::Client] Successfully resolved entitlement details
[Licensing::Module] License group:
  Id: SC-Z3YQ-WUSF-P4AN-EAMM-XXXX
  Product: Unity Pro
  Type: ULF
  Expiration: 2026-06-16T00:00:00Z
[Licensing::Module] License group:
  Id: 7972300754960-playvalve-UnityGamesPrXXXX
  Product: Unity Enterprise
  Type: Assigned
  Expiration: 2026-06-10T00:00:00Z
Thread 0x16bb0f000 may have been prematurely finalized
- Loaded All Assemblies, in  0.312 seconds
Script 'CharacterController' has the same name as built-in Unity component.
AddComponent and GetComponent will not work with this script.
OnLevelWasLoaded was found on UserPrefs
This message has been deprecated and will be removed in a later version of Unity.
Add a delegate to SceneManager.sceneLoaded instead to get notifications after scene loading has completed
Refreshing native plugins compatible for Editor in 0.32 ms, found 3 plugins.
OnLevelWasLoaded was found on UserPrefs
This message has been deprecated and will be removed in a later version of Unity.
Add a delegate to SceneManager.sceneLoaded instead to get notifications after scene loading has completed
Native extension for OSXStandalone target not found
[Package Manager] Failed to launch server process. Reason: Unity was launched with the -noUpm command-line argument
[Package Manager] Unable to send message (not connected to server process).
[Package Manager] Cannot connect to Unity Package Manager local server
Mono: successfully reloaded assembly
- Finished resetting the current domain, in  0.344 seconds
Domain Reload Profiling: 657ms
	BeginReloadAssembly (108ms)
		ExecutionOrderSort (0ms)
		DisableScriptedObjects (8ms)
		BackupInstance (0ms)
		ReleaseScriptingObjects (0ms)
		CreateAndSetChildDomain (38ms)
	RebuildCommonClasses (25ms)
	RebuildNativeTypeToScriptingClass (9ms)
	initialDomainReloadingComplete (12ms)
	LoadAllAssembliesAndSetupDomain (159ms)
		LoadAssemblies (119ms)
		RebuildTransferFunctionScriptingTraits (0ms)
		AnalyzeDomain (71ms)
			TypeCache.Refresh (5ms)
				TypeCache.ScanAssembly (0ms)
			BuildScriptInfoCaches (61ms)
			ResolveRequiredComponents (3ms)
	FinalizeReload (344ms)
		ReleaseScriptCaches (0ms)
		RebuildScriptCaches (0ms)
		SetupLoadedEditorAssemblies (284ms)
			LogAssemblyErrors (0ms)
			InitializePlatformSupportModulesInManaged (1ms)
			SetLoadedEditorAssemblies (2ms)
			BeforeProcessingInitializeOnLoad (65ms)
			ProcessInitializeOnLoadAttributes (189ms)
			ProcessInitializeOnLoadMethodAttributes (26ms)
			AfterProcessingInitializeOnLoad (1ms)
			EditorAssembliesLoaded (0ms)
		ExecutionOrderSort2 (0ms)
		AwakeInstancesAfterBackupRestoration (2ms)
Refreshing native plugins compatible for Editor in 0.40 ms, found 3 plugins.
Preloading 0 native plugins for Editor in 0.00 ms.
Unloading 0 Unused Serialized files (Serialized files now loaded: 0)
Unloading 3585 unused Assets / (0.9 MB). Loaded Objects now: 4134.
Memory consumption went from 91.0 MB to 90.1 MB.
Total: 4.350750 ms (FindLiveObjects: 0.161958 ms CreateObjectMapping: 0.067084 ms MarkObjects: 3.650125 ms  DeleteObjects: 0.470959 ms)

Prepare: number of updated asset objects reloaded= 0
========================================================================
Received Import Request.
  Time since last request: 97.969857 seconds.
  path: Assets/Prefabs/NetworkPlayer.prefab
  artifactKey: Guid(be325f5d22074694ab71970cc11c1b98) Importer(815301076,1909f56bfc062723c751e8b465ee728b)
Start importing Assets/Prefabs/NetworkPlayer.prefab using Guid(be325f5d22074694ab71970cc11c1b98) Importer(815301076,1909f56bfc062723c751e8b465ee728b) (PreviewImporter) -> (artifact id: '2530471ce8d8cd455cace2cc6d679435') in 0.112423875 seconds
Number of updated asset objects reloaded before import = 0Number of asset objects unloaded after import = 339

========================================================================
Received Prepare
Begin MonoManager ReloadAssembly
Thread 0x16bb0f000 may have been prematurely finalized
- Loaded All Assemblies, in  0.293 seconds
Script 'CharacterController' has the same name as built-in Unity component.
AddComponent and GetComponent will not work with this script.
OnLevelWasLoaded was found on UserPrefs
This message has been deprecated and will be removed in a later version of Unity.
Add a delegate to SceneManager.sceneLoaded instead to get notifications after scene loading has completed
Refreshing native plugins compatible for Editor in 0.35 ms, found 3 plugins.
OnLevelWasLoaded was found on UserPrefs
This message has been deprecated and will be removed in a later version of Unity.
Add a delegate to SceneManager.sceneLoaded instead to get notifications after scene loading has completed
Native extension for OSXStandalone target not found
[Package Manager] Failed to launch server process. Reason: Unity was launched with the -noUpm command-line argument
[Package Manager] Unable to send message (not connected to server process).
[Package Manager] Cannot connect to Unity Package Manager local server
Mono: successfully reloaded assembly
- Finished resetting the current domain, in  0.324 seconds
Domain Reload Profiling: 617ms
	BeginReloadAssembly (99ms)
		ExecutionOrderSort (0ms)
		DisableScriptedObjects (7ms)
		BackupInstance (0ms)
		ReleaseScriptingObjects (0ms)
		CreateAndSetChildDomain (36ms)
	RebuildCommonClasses (23ms)
	RebuildNativeTypeToScriptingClass (8ms)
	initialDomainReloadingComplete (11ms)
	LoadAllAssembliesAndSetupDomain (152ms)
		LoadAssemblies (111ms)
		RebuildTransferFunctionScriptingTraits (0ms)
		AnalyzeDomain (68ms)
			TypeCache.Refresh (4ms)
				TypeCache.ScanAssembly (0ms)
			BuildScriptInfoCaches (59ms)
			ResolveRequiredComponents (3ms)
	FinalizeReload (324ms)
		ReleaseScriptCaches (0ms)
		RebuildScriptCaches (0ms)
		SetupLoadedEditorAssemblies (263ms)
			LogAssemblyErrors (0ms)
			InitializePlatformSupportModulesInManaged (1ms)
			SetLoadedEditorAssemblies (2ms)
			BeforeProcessingInitializeOnLoad (60ms)
			ProcessInitializeOnLoadAttributes (177ms)
			ProcessInitializeOnLoadMethodAttributes (22ms)
			AfterProcessingInitializeOnLoad (1ms)
			EditorAssembliesLoaded (0ms)
		ExecutionOrderSort2 (0ms)
		AwakeInstancesAfterBackupRestoration (2ms)
Refreshing native plugins compatible for Editor in 0.37 ms, found 3 plugins.
Preloading 0 native plugins for Editor in 0.00 ms.
Unloading 0 Unused Serialized files (Serialized files now loaded: 0)
Unloading 3585 unused Assets / (0.9 MB). Loaded Objects now: 4136.
Memory consumption went from 91.0 MB to 90.1 MB.
Total: 4.264208 ms (FindLiveObjects: 0.167542 ms CreateObjectMapping: 0.097083 ms MarkObjects: 3.536375 ms  DeleteObjects: 0.462875 ms)

Prepare: number of updated asset objects reloaded= 0
========================================================================
Received Prepare
Begin MonoManager ReloadAssembly
Thread 0x16bb0f000 may have been prematurely finalized
- Loaded All Assemblies, in  0.303 seconds
Script 'CharacterController' has the same name as built-in Unity component.
AddComponent and GetComponent will not work with this script.
OnLevelWasLoaded was found on UserPrefs
This message has been deprecated and will be removed in a later version of Unity.
Add a delegate to SceneManager.sceneLoaded instead to get notifications after scene loading has completed
Refreshing native plugins compatible for Editor in 0.30 ms, found 3 plugins.
OnLevelWasLoaded was found on UserPrefs
This message has been deprecated and will be removed in a later version of Unity.
Add a delegate to SceneManager.sceneLoaded instead to get notifications after scene loading has completed
Native extension for OSXStandalone target not found
[Package Manager] Failed to launch server process. Reason: Unity was launched with the -noUpm command-line argument
[Package Manager] Unable to send message (not connected to server process).
[Package Manager] Cannot connect to Unity Package Manager local server
Mono: successfully reloaded assembly
- Finished resetting the current domain, in  0.344 seconds
Domain Reload Profiling: 649ms
	BeginReloadAssembly (99ms)
		ExecutionOrderSort (0ms)
		DisableScriptedObjects (7ms)
		BackupInstance (0ms)
		ReleaseScriptingObjects (0ms)
		CreateAndSetChildDomain (34ms)
	RebuildCommonClasses (24ms)
	RebuildNativeTypeToScriptingClass (8ms)
	initialDomainReloadingComplete (12ms)
	LoadAllAssembliesAndSetupDomain (162ms)
		LoadAssemblies (117ms)
		RebuildTransferFunctionScriptingTraits (0ms)
		AnalyzeDomain (73ms)
			TypeCache.Refresh (4ms)
				TypeCache.ScanAssembly (0ms)
			BuildScriptInfoCaches (65ms)
			ResolveRequiredComponents (3ms)
	FinalizeReload (344ms)
		ReleaseScriptCaches (0ms)
		RebuildScriptCaches (0ms)
		SetupLoadedEditorAssemblies (284ms)
			LogAssemblyErrors (0ms)
			InitializePlatformSupportModulesInManaged (1ms)
			SetLoadedEditorAssemblies (2ms)
			BeforeProcessingInitializeOnLoad (64ms)
			ProcessInitializeOnLoadAttributes (189ms)
			ProcessInitializeOnLoadMethodAttributes (28ms)
			AfterProcessingInitializeOnLoad (1ms)
			EditorAssembliesLoaded (0ms)
		ExecutionOrderSort2 (0ms)
		AwakeInstancesAfterBackupRestoration (2ms)
Refreshing native plugins compatible for Editor in 0.40 ms, found 3 plugins.
Preloading 0 native plugins for Editor in 0.00 ms.
Unloading 0 Unused Serialized files (Serialized files now loaded: 0)
Unloading 3582 unused Assets / (0.9 MB). Loaded Objects now: 4138.
Memory consumption went from 90.9 MB to 90.0 MB.
Total: 4.262583 ms (FindLiveObjects: 0.174458 ms CreateObjectMapping: 0.079250 ms MarkObjects: 3.606875 ms  DeleteObjects: 0.401625 ms)

Prepare: number of updated asset objects reloaded= 0
========================================================================
Received Import Request.
  Time since last request: 20.315439 seconds.
  path: Assets/Prefabs/Player.prefab
  artifactKey: Guid(08dfc29cc312946438a4149e9c58579a) Importer(815301076,1909f56bfc062723c751e8b465ee728b)
Start importing Assets/Prefabs/Player.prefab using Guid(08dfc29cc312946438a4149e9c58579a) Importer(815301076,1909f56bfc062723c751e8b465ee728b) (PreviewImporter) -> (artifact id: '1b9eaab6c986cf3cb22acf3a3d189050') in 0.075494417 seconds
Number of updated asset objects reloaded before import = 0Number of asset objects unloaded after import = 196

========================================================================
Received Import Request.
  Time since last request: 5.901434 seconds.
  path: Assets/Prefabs/NetworkPlayer.prefab
  artifactKey: Guid(be325f5d22074694ab71970cc11c1b98) Importer(815301076,1909f56bfc062723c751e8b465ee728b)
Start importing Assets/Prefabs/NetworkPlayer.prefab using Guid(be325f5d22074694ab71970cc11c1b98) Importer(815301076,1909f56bfc062723c751e8b465ee728b) (PreviewImporter) -> (artifact id: 'aec0c9393adcb3ff446a1c79acc69a0a') in 0.072075792 seconds
Number of updated asset objects reloaded before import = 0Number of asset objects unloaded after import = 338

========================================================================
Received Prepare
Begin MonoManager ReloadAssembly
Thread 0x16bb0f000 may have been prematurely finalized
- Loaded All Assemblies, in  0.292 seconds
Script 'CharacterController' has the same name as built-in Unity component.
AddComponent and GetComponent will not work with this script.
OnLevelWasLoaded was found on UserPrefs
This message has been deprecated and will be removed in a later version of Unity.
Add a delegate to SceneManager.sceneLoaded instead to get notifications after scene loading has completed
Refreshing native plugins compatible for Editor in 0.35 ms, found 3 plugins.
OnLevelWasLoaded was found on UserPrefs
This message has been deprecated and will be removed in a later version of Unity.
Add a delegate to SceneManager.sceneLoaded instead to get notifications after scene loading has completed
Native extension for OSXStandalone target not found
[Package Manager] Failed to launch server process. Reason: Unity was launched with the -noUpm command-line argument
[Package Manager] Unable to send message (not connected to server process).
[Package Manager] Cannot connect to Unity Package Manager local server
Mono: successfully reloaded assembly
- Finished resetting the current domain, in  0.328 seconds
Domain Reload Profiling: 620ms
	BeginReloadAssembly (99ms)
		ExecutionOrderSort (0ms)
		DisableScriptedObjects (7ms)
		BackupInstance (0ms)
		ReleaseScriptingObjects (0ms)
		CreateAndSetChildDomain (36ms)
	RebuildCommonClasses (23ms)
	RebuildNativeTypeToScriptingClass (8ms)
	initialDomainReloadingComplete (11ms)
	LoadAllAssembliesAndSetupDomain (151ms)
		LoadAssemblies (111ms)
		RebuildTransferFunctionScriptingTraits (0ms)
		AnalyzeDomain (67ms)
			TypeCache.Refresh (4ms)
				TypeCache.ScanAssembly (0ms)
			BuildScriptInfoCaches (59ms)
			ResolveRequiredComponents (3ms)
	FinalizeReload (328ms)
		ReleaseScriptCaches (0ms)
		RebuildScriptCaches (0ms)
		SetupLoadedEditorAssemblies (268ms)
			LogAssemblyErrors (0ms)
			InitializePlatformSupportModulesInManaged (1ms)
			SetLoadedEditorAssemblies (2ms)
			BeforeProcessingInitializeOnLoad (60ms)
			ProcessInitializeOnLoadAttributes (181ms)
			ProcessInitializeOnLoadMethodAttributes (23ms)
			AfterProcessingInitializeOnLoad (1ms)
			EditorAssembliesLoaded (0ms)
		ExecutionOrderSort2 (0ms)
		AwakeInstancesAfterBackupRestoration (2ms)
Refreshing native plugins compatible for Editor in 0.35 ms, found 3 plugins.
Preloading 0 native plugins for Editor in 0.00 ms.
Unloading 0 Unused Serialized files (Serialized files now loaded: 0)
Unloading 3585 unused Assets / (0.9 MB). Loaded Objects now: 4140.
Memory consumption went from 90.9 MB to 90.0 MB.
Total: 4.216958 ms (FindLiveObjects: 0.165125 ms CreateObjectMapping: 0.077250 ms MarkObjects: 3.537791 ms  DeleteObjects: 0.436500 ms)

Prepare: number of updated asset objects reloaded= 0
========================================================================
Received Prepare
Begin MonoManager ReloadAssembly
[Licensing::Client] Successfully resolved entitlement details
[Licensing::Module] License group:
  Id: SC-Z3YQ-WUSF-P4AN-EAMM-XXXX
  Product: Unity Pro
  Type: ULF
  Expiration: 2026-06-16T00:00:00Z
[Licensing::Module] License group:
  Id: 7972300754960-playvalve-UnityGamesPrXXXX
  Product: Unity Enterprise
  Type: Assigned
  Expiration: 2026-06-10T00:00:00Z
Thread 0x16bb0f000 may have been prematurely finalized
- Loaded All Assemblies, in  0.315 seconds
Script 'CharacterController' has the same name as built-in Unity component.
AddComponent and GetComponent will not work with this script.
OnLevelWasLoaded was found on UserPrefs
This message has been deprecated and will be removed in a later version of Unity.
Add a delegate to SceneManager.sceneLoaded instead to get notifications after scene loading has completed
Refreshing native plugins compatible for Editor in 0.34 ms, found 3 plugins.
OnLevelWasLoaded was found on UserPrefs
This message has been deprecated and will be removed in a later version of Unity.
Add a delegate to SceneManager.sceneLoaded instead to get notifications after scene loading has completed
Native extension for OSXStandalone target not found
[Package Manager] Failed to launch server process. Reason: Unity was launched with the -noUpm command-line argument
[Package Manager] Unable to send message (not connected to server process).
[Package Manager] Cannot connect to Unity Package Manager local server
Mono: successfully reloaded assembly
- Finished resetting the current domain, in  0.320 seconds
Domain Reload Profiling: 636ms
	BeginReloadAssembly (100ms)
		ExecutionOrderSort (0ms)
		DisableScriptedObjects (7ms)
		BackupInstance (0ms)
		ReleaseScriptingObjects (0ms)
		CreateAndSetChildDomain (32ms)
	RebuildCommonClasses (24ms)
	RebuildNativeTypeToScriptingClass (10ms)
	initialDomainReloadingComplete (13ms)
	LoadAllAssembliesAndSetupDomain (169ms)
		LoadAssemblies (126ms)
		RebuildTransferFunctionScriptingTraits (0ms)
		AnalyzeDomain (73ms)
			TypeCache.Refresh (6ms)
				TypeCache.ScanAssembly (1ms)
			BuildScriptInfoCaches (63ms)
			ResolveRequiredComponents (3ms)
	FinalizeReload (320ms)
		ReleaseScriptCaches (0ms)
		RebuildScriptCaches (0ms)
		SetupLoadedEditorAssemblies (264ms)
			LogAssemblyErrors (0ms)
			InitializePlatformSupportModulesInManaged (1ms)
			SetLoadedEditorAssemblies (2ms)
			BeforeProcessingInitializeOnLoad (60ms)
			ProcessInitializeOnLoadAttributes (172ms)
			ProcessInitializeOnLoadMethodAttributes (28ms)
			AfterProcessingInitializeOnLoad (1ms)
			EditorAssembliesLoaded (0ms)
		ExecutionOrderSort2 (0ms)
		AwakeInstancesAfterBackupRestoration (2ms)
Refreshing native plugins compatible for Editor in 0.44 ms, found 3 plugins.
Preloading 0 native plugins for Editor in 0.00 ms.
Unloading 0 Unused Serialized files (Serialized files now loaded: 0)
Unloading 3582 unused Assets / (0.9 MB). Loaded Objects now: 4142.
Memory consumption went from 96.7 MB to 95.8 MB.
Total: 4.149083 ms (FindLiveObjects: 0.168708 ms CreateObjectMapping: 0.068834 ms MarkObjects: 3.526458 ms  DeleteObjects: 0.384792 ms)

Prepare: number of updated asset objects reloaded= 0
========================================================================
Received Prepare
Begin MonoManager ReloadAssembly
Thread 0x16bb0f000 may have been prematurely finalized
- Loaded All Assemblies, in  0.301 seconds
Script 'CharacterController' has the same name as built-in Unity component.
AddComponent and GetComponent will not work with this script.
OnLevelWasLoaded was found on UserPrefs
This message has been deprecated and will be removed in a later version of Unity.
Add a delegate to SceneManager.sceneLoaded instead to get notifications after scene loading has completed
Refreshing native plugins compatible for Editor in 0.30 ms, found 3 plugins.
OnLevelWasLoaded was found on UserPrefs
This message has been deprecated and will be removed in a later version of Unity.
Add a delegate to SceneManager.sceneLoaded instead to get notifications after scene loading has completed
Native extension for OSXStandalone target not found
[Package Manager] Failed to launch server process. Reason: Unity was launched with the -noUpm command-line argument
[Package Manager] Unable to send message (not connected to server process).
[Package Manager] Cannot connect to Unity Package Manager local server
Mono: successfully reloaded assembly
- Finished resetting the current domain, in  0.347 seconds
Domain Reload Profiling: 649ms
	BeginReloadAssembly (99ms)
		ExecutionOrderSort (0ms)
		DisableScriptedObjects (7ms)
		BackupInstance (0ms)
		ReleaseScriptingObjects (0ms)
		CreateAndSetChildDomain (34ms)
	RebuildCommonClasses (24ms)
	RebuildNativeTypeToScriptingClass (9ms)
	initialDomainReloadingComplete (12ms)
	LoadAllAssembliesAndSetupDomain (159ms)
		LoadAssemblies (118ms)
		RebuildTransferFunctionScriptingTraits (0ms)
		AnalyzeDomain (70ms)
			TypeCache.Refresh (4ms)
				TypeCache.ScanAssembly (0ms)
			BuildScriptInfoCaches (61ms)
			ResolveRequiredComponents (3ms)
	FinalizeReload (347ms)
		ReleaseScriptCaches (0ms)
		RebuildScriptCaches (0ms)
		SetupLoadedEditorAssemblies (288ms)
			LogAssemblyErrors (0ms)
			InitializePlatformSupportModulesInManaged (1ms)
			SetLoadedEditorAssemblies (2ms)
			BeforeProcessingInitializeOnLoad (63ms)
			ProcessInitializeOnLoadAttributes (191ms)
			ProcessInitializeOnLoadMethodAttributes (29ms)
			AfterProcessingInitializeOnLoad (1ms)
			EditorAssembliesLoaded (0ms)
		ExecutionOrderSort2 (0ms)
		AwakeInstancesAfterBackupRestoration (2ms)
Refreshing native plugins compatible for Editor in 0.46 ms, found 3 plugins.
Preloading 0 native plugins for Editor in 0.00 ms.
Unloading 0 Unused Serialized files (Serialized files now loaded: 0)
Unloading 3582 unused Assets / (0.7 MB). Loaded Objects now: 4144.
Memory consumption went from 96.7 MB to 95.9 MB.
Total: 4.359084 ms (FindLiveObjects: 0.162042 ms CreateObjectMapping: 0.061000 ms MarkObjects: 3.724917 ms  DeleteObjects: 0.410792 ms)

Prepare: number of updated asset objects reloaded= 0
========================================================================
Received Prepare
Begin MonoManager ReloadAssembly
Thread 0x16bb0f000 may have been prematurely finalized
- Loaded All Assemblies, in  0.324 seconds
Script 'CharacterController' has the same name as built-in Unity component.
AddComponent and GetComponent will not work with this script.
OnLevelWasLoaded was found on UserPrefs
This message has been deprecated and will be removed in a later version of Unity.
Add a delegate to SceneManager.sceneLoaded instead to get notifications after scene loading has completed
Refreshing native plugins compatible for Editor in 0.32 ms, found 3 plugins.
OnLevelWasLoaded was found on UserPrefs
This message has been deprecated and will be removed in a later version of Unity.
Add a delegate to SceneManager.sceneLoaded instead to get notifications after scene loading has completed
Native extension for OSXStandalone target not found
[Package Manager] Failed to launch server process. Reason: Unity was launched with the -noUpm command-line argument
[Package Manager] Unable to send message (not connected to server process).
[Package Manager] Cannot connect to Unity Package Manager local server
Mono: successfully reloaded assembly
- Finished resetting the current domain, in  0.352 seconds
Domain Reload Profiling: 677ms
	BeginReloadAssembly (104ms)
		ExecutionOrderSort (0ms)
		DisableScriptedObjects (7ms)
		BackupInstance (0ms)
		ReleaseScriptingObjects (0ms)
		CreateAndSetChildDomain (35ms)
	RebuildCommonClasses (25ms)
	RebuildNativeTypeToScriptingClass (9ms)
	initialDomainReloadingComplete (13ms)
	LoadAllAssembliesAndSetupDomain (174ms)
		LoadAssemblies (130ms)
		RebuildTransferFunctionScriptingTraits (0ms)
		AnalyzeDomain (75ms)
			TypeCache.Refresh (6ms)
				TypeCache.ScanAssembly (1ms)
			BuildScriptInfoCaches (64ms)
			ResolveRequiredComponents (3ms)
	FinalizeReload (352ms)
		ReleaseScriptCaches (0ms)
		RebuildScriptCaches (0ms)
		SetupLoadedEditorAssemblies (290ms)
			LogAssemblyErrors (0ms)
			InitializePlatformSupportModulesInManaged (1ms)
			SetLoadedEditorAssemblies (2ms)
			BeforeProcessingInitializeOnLoad (65ms)
			ProcessInitializeOnLoadAttributes (195ms)
			ProcessInitializeOnLoadMethodAttributes (27ms)
			AfterProcessingInitializeOnLoad (1ms)
			EditorAssembliesLoaded (0ms)
		ExecutionOrderSort2 (0ms)
		AwakeInstancesAfterBackupRestoration (2ms)
Refreshing native plugins compatible for Editor in 0.35 ms, found 3 plugins.
Preloading 0 native plugins for Editor in 0.00 ms.
Unloading 0 Unused Serialized files (Serialized files now loaded: 0)
Unloading 3582 unused Assets / (169.0 KB). Loaded Objects now: 4146.
Memory consumption went from 96.7 MB to 96.5 MB.
Total: 4.267250 ms (FindLiveObjects: 0.170958 ms CreateObjectMapping: 0.067208 ms MarkObjects: 3.671083 ms  DeleteObjects: 0.357500 ms)

Prepare: number of updated asset objects reloaded= 0
========================================================================
Received Prepare
Begin MonoManager ReloadAssembly
Thread 0x16bb0f000 may have been prematurely finalized
- Loaded All Assemblies, in  0.313 seconds
Script 'CharacterController' has the same name as built-in Unity component.
AddComponent and GetComponent will not work with this script.
OnLevelWasLoaded was found on UserPrefs
This message has been deprecated and will be removed in a later version of Unity.
Add a delegate to SceneManager.sceneLoaded instead to get notifications after scene loading has completed
Refreshing native plugins compatible for Editor in 0.32 ms, found 3 plugins.
OnLevelWasLoaded was found on UserPrefs
This message has been deprecated and will be removed in a later version of Unity.
Add a delegate to SceneManager.sceneLoaded instead to get notifications after scene loading has completed
Native extension for OSXStandalone target not found
[Package Manager] Failed to launch server process. Reason: Unity was launched with the -noUpm command-line argument
[Package Manager] Unable to send message (not connected to server process).
[Package Manager] Cannot connect to Unity Package Manager local server
Mono: successfully reloaded assembly
- Finished resetting the current domain, in  0.342 seconds
Domain Reload Profiling: 656ms
	BeginReloadAssembly (104ms)
		ExecutionOrderSort (0ms)
		DisableScriptedObjects (7ms)
		BackupInstance (0ms)
		ReleaseScriptingObjects (0ms)
		CreateAndSetChildDomain (35ms)
	RebuildCommonClasses (26ms)
	RebuildNativeTypeToScriptingClass (9ms)
	initialDomainReloadingComplete (13ms)
	LoadAllAssembliesAndSetupDomain (161ms)
		LoadAssemblies (123ms)
		RebuildTransferFunctionScriptingTraits (0ms)
		AnalyzeDomain (70ms)
			TypeCache.Refresh (4ms)
				TypeCache.ScanAssembly (0ms)
			BuildScriptInfoCaches (61ms)
			ResolveRequiredComponents (3ms)
	FinalizeReload (342ms)
		ReleaseScriptCaches (0ms)
		RebuildScriptCaches (0ms)
		SetupLoadedEditorAssemblies (283ms)
			LogAssemblyErrors (0ms)
			InitializePlatformSupportModulesInManaged (1ms)
			SetLoadedEditorAssemblies (2ms)
			BeforeProcessingInitializeOnLoad (65ms)
			ProcessInitializeOnLoadAttributes (188ms)
			ProcessInitializeOnLoadMethodAttributes (27ms)
			AfterProcessingInitializeOnLoad (1ms)
			EditorAssembliesLoaded (0ms)
		ExecutionOrderSort2 (0ms)
		AwakeInstancesAfterBackupRestoration (2ms)
Refreshing native plugins compatible for Editor in 0.37 ms, found 3 plugins.
Preloading 0 native plugins for Editor in 0.00 ms.
Unloading 0 Unused Serialized files (Serialized files now loaded: 0)
Unloading 3582 unused Assets / (0.6 MB). Loaded Objects now: 4148.
Memory consumption went from 96.7 MB to 96.1 MB.
Total: 4.058792 ms (FindLiveObjects: 0.172833 ms CreateObjectMapping: 0.058542 ms MarkObjects: 3.427042 ms  DeleteObjects: 0.400041 ms)

Prepare: number of updated asset objects reloaded= 0
========================================================================
Received Prepare
Begin MonoManager ReloadAssembly
[Licensing::Client] Successfully resolved entitlement details
[Licensing::Module] License group:
  Id: SC-Z3YQ-WUSF-P4AN-EAMM-XXXX
  Product: Unity Pro
  Type: ULF
  Expiration: 2026-06-16T00:00:00Z
[Licensing::Module] License group:
  Id: 7972300754960-playvalve-UnityGamesPrXXXX
  Product: Unity Enterprise
  Type: Assigned
  Expiration: 2026-06-10T00:00:00Z
Thread 0x16bb0f000 may have been prematurely finalized
- Loaded All Assemblies, in  0.311 seconds
Script 'CharacterController' has the same name as built-in Unity component.
AddComponent and GetComponent will not work with this script.
OnLevelWasLoaded was found on UserPrefs
This message has been deprecated and will be removed in a later version of Unity.
Add a delegate to SceneManager.sceneLoaded instead to get notifications after scene loading has completed
Refreshing native plugins compatible for Editor in 0.31 ms, found 3 plugins.
OnLevelWasLoaded was found on UserPrefs
This message has been deprecated and will be removed in a later version of Unity.
Add a delegate to SceneManager.sceneLoaded instead to get notifications after scene loading has completed
Native extension for OSXStandalone target not found
[Package Manager] Failed to launch server process. Reason: Unity was launched with the -noUpm command-line argument
[Package Manager] Unable to send message (not connected to server process).
[Package Manager] Cannot connect to Unity Package Manager local server
Mono: successfully reloaded assembly
- Finished resetting the current domain, in  0.354 seconds
Domain Reload Profiling: 665ms
	BeginReloadAssembly (99ms)
		ExecutionOrderSort (0ms)
		DisableScriptedObjects (7ms)
		BackupInstance (0ms)
		ReleaseScriptingObjects (0ms)
		CreateAndSetChildDomain (33ms)
	RebuildCommonClasses (24ms)
	RebuildNativeTypeToScriptingClass (9ms)
	initialDomainReloadingComplete (12ms)
	LoadAllAssembliesAndSetupDomain (168ms)
		LoadAssemblies (124ms)
		RebuildTransferFunctionScriptingTraits (0ms)
		AnalyzeDomain (73ms)
			TypeCache.Refresh (6ms)
				TypeCache.ScanAssembly (0ms)
			BuildScriptInfoCaches (63ms)
			ResolveRequiredComponents (3ms)
	FinalizeReload (354ms)
		ReleaseScriptCaches (0ms)
		RebuildScriptCaches (0ms)
		SetupLoadedEditorAssemblies (290ms)
			LogAssemblyErrors (0ms)
			InitializePlatformSupportModulesInManaged (1ms)
			SetLoadedEditorAssemblies (2ms)
			BeforeProcessingInitializeOnLoad (64ms)
			ProcessInitializeOnLoadAttributes (193ms)
			ProcessInitializeOnLoadMethodAttributes (29ms)
			AfterProcessingInitializeOnLoad (1ms)
			EditorAssembliesLoaded (0ms)
		ExecutionOrderSort2 (0ms)
		AwakeInstancesAfterBackupRestoration (2ms)
Refreshing native plugins compatible for Editor in 0.41 ms, found 3 plugins.
Preloading 0 native plugins for Editor in 0.00 ms.
Unloading 0 Unused Serialized files (Serialized files now loaded: 0)
Unloading 3582 unused Assets / (0.8 MB). Loaded Objects now: 4150.
Memory consumption went from 96.7 MB to 95.9 MB.
Total: 4.618708 ms (FindLiveObjects: 0.163292 ms CreateObjectMapping: 0.062208 ms MarkObjects: 3.968208 ms  DeleteObjects: 0.424625 ms)

Prepare: number of updated asset objects reloaded= 0
========================================================================
Received Prepare
Begin MonoManager ReloadAssembly
Thread 0x16bb0f000 may have been prematurely finalized
- Loaded All Assemblies, in  0.310 seconds
Script 'CharacterController' has the same name as built-in Unity component.
AddComponent and GetComponent will not work with this script.
OnLevelWasLoaded was found on UserPrefs
This message has been deprecated and will be removed in a later version of Unity.
Add a delegate to SceneManager.sceneLoaded instead to get notifications after scene loading has completed
Refreshing native plugins compatible for Editor in 0.31 ms, found 3 plugins.
OnLevelWasLoaded was found on UserPrefs
This message has been deprecated and will be removed in a later version of Unity.
Add a delegate to SceneManager.sceneLoaded instead to get notifications after scene loading has completed
Native extension for OSXStandalone target not found
[Package Manager] Failed to launch server process. Reason: Unity was launched with the -noUpm command-line argument
[Package Manager] Unable to send message (not connected to server process).
[Package Manager] Cannot connect to Unity Package Manager local server
Mono: successfully reloaded assembly
- Finished resetting the current domain, in  0.357 seconds
Domain Reload Profiling: 668ms
	BeginReloadAssembly (109ms)
		ExecutionOrderSort (0ms)
		DisableScriptedObjects (7ms)
		BackupInstance (0ms)
		ReleaseScriptingObjects (0ms)
		CreateAndSetChildDomain (40ms)
	RebuildCommonClasses (24ms)
	RebuildNativeTypeToScriptingClass (8ms)
	initialDomainReloadingComplete (12ms)
	LoadAllAssembliesAndSetupDomain (158ms)
		LoadAssemblies (118ms)
		RebuildTransferFunctionScriptingTraits (0ms)
		AnalyzeDomain (71ms)
			TypeCache.Refresh (5ms)
				TypeCache.ScanAssembly (0ms)
			BuildScriptInfoCaches (61ms)
			ResolveRequiredComponents (3ms)
	FinalizeReload (357ms)
		ReleaseScriptCaches (0ms)
		RebuildScriptCaches (0ms)
		SetupLoadedEditorAssemblies (295ms)
			LogAssemblyErrors (0ms)
			InitializePlatformSupportModulesInManaged (1ms)
			SetLoadedEditorAssemblies (2ms)
			BeforeProcessingInitializeOnLoad (67ms)
			ProcessInitializeOnLoadAttributes (197ms)
			ProcessInitializeOnLoadMethodAttributes (27ms)
			AfterProcessingInitializeOnLoad (1ms)
			EditorAssembliesLoaded (0ms)
		ExecutionOrderSort2 (0ms)
		AwakeInstancesAfterBackupRestoration (2ms)
Refreshing native plugins compatible for Editor in 0.39 ms, found 3 plugins.
Preloading 0 native plugins for Editor in 0.00 ms.
Unloading 0 Unused Serialized files (Serialized files now loaded: 0)
Unloading 3582 unused Assets / (0.7 MB). Loaded Objects now: 4152.
Memory consumption went from 96.7 MB to 96.0 MB.
Total: 4.377208 ms (FindLiveObjects: 0.168792 ms CreateObjectMapping: 0.069958 ms MarkObjects: 3.711667 ms  DeleteObjects: 0.426083 ms)

Prepare: number of updated asset objects reloaded= 0
========================================================================
Received Prepare
Begin MonoManager ReloadAssembly
Thread 0x16bb0f000 may have been prematurely finalized
- Loaded All Assemblies, in  0.300 seconds
Script 'CharacterController' has the same name as built-in Unity component.
AddComponent and GetComponent will not work with this script.
OnLevelWasLoaded was found on UserPrefs
This message has been deprecated and will be removed in a later version of Unity.
Add a delegate to SceneManager.sceneLoaded instead to get notifications after scene loading has completed
Refreshing native plugins compatible for Editor in 0.33 ms, found 3 plugins.
OnLevelWasLoaded was found on UserPrefs
This message has been deprecated and will be removed in a later version of Unity.
Add a delegate to SceneManager.sceneLoaded instead to get notifications after scene loading has completed
Native extension for OSXStandalone target not found
[Package Manager] Failed to launch server process. Reason: Unity was launched with the -noUpm command-line argument
[Package Manager] Unable to send message (not connected to server process).
[Package Manager] Cannot connect to Unity Package Manager local server
Mono: successfully reloaded assembly
- Finished resetting the current domain, in  0.330 seconds
Domain Reload Profiling: 631ms
	BeginReloadAssembly (98ms)
		ExecutionOrderSort (0ms)
		DisableScriptedObjects (7ms)
		BackupInstance (0ms)
		ReleaseScriptingObjects (0ms)
		CreateAndSetChildDomain (34ms)
	RebuildCommonClasses (24ms)
	RebuildNativeTypeToScriptingClass (9ms)
	initialDomainReloadingComplete (12ms)
	LoadAllAssembliesAndSetupDomain (158ms)
		LoadAssemblies (116ms)
		RebuildTransferFunctionScriptingTraits (0ms)
		AnalyzeDomain (69ms)
			TypeCache.Refresh (4ms)
				TypeCache.ScanAssembly (0ms)
			BuildScriptInfoCaches (61ms)
			ResolveRequiredComponents (3ms)
	FinalizeReload (330ms)
		ReleaseScriptCaches (0ms)
		RebuildScriptCaches (0ms)
		SetupLoadedEditorAssemblies (272ms)
			LogAssemblyErrors (0ms)
			InitializePlatformSupportModulesInManaged (1ms)
			SetLoadedEditorAssemblies (2ms)
			BeforeProcessingInitializeOnLoad (62ms)
			ProcessInitializeOnLoadAttributes (181ms)
			ProcessInitializeOnLoadMethodAttributes (26ms)
			AfterProcessingInitializeOnLoad (1ms)
			EditorAssembliesLoaded (0ms)
		ExecutionOrderSort2 (0ms)
		AwakeInstancesAfterBackupRestoration (2ms)
Refreshing native plugins compatible for Editor in 0.36 ms, found 3 plugins.
Preloading 0 native plugins for Editor in 0.00 ms.
Unloading 0 Unused Serialized files (Serialized files now loaded: 0)
Unloading 3582 unused Assets / (0.8 MB). Loaded Objects now: 4154.
Memory consumption went from 96.7 MB to 95.9 MB.
Total: 4.277083 ms (FindLiveObjects: 0.173375 ms CreateObjectMapping: 0.067125 ms MarkObjects: 3.610584 ms  DeleteObjects: 0.425458 ms)

Prepare: number of updated asset objects reloaded= 0
========================================================================
Received Import Request.
  Time since last request: 176.932822 seconds.
  path: Assets/Prefabs/NetworkPlayer.prefab
  artifactKey: Guid(be325f5d22074694ab71970cc11c1b98) Importer(815301076,1909f56bfc062723c751e8b465ee728b)
Start importing Assets/Prefabs/NetworkPlayer.prefab using Guid(be325f5d22074694ab71970cc11c1b98) Importer(815301076,1909f56bfc062723c751e8b465ee728b) (PreviewImporter) -> (artifact id: 'a2d4fc53e4745ae9a5918151e6fc3a1d') in 0.11080425 seconds
Number of updated asset objects reloaded before import = 0Number of asset objects unloaded after import = 338

========================================================================
Received Prepare
Script 'CharacterController' has the same name as built-in Unity component.
AddComponent and GetComponent will not work with this script.
OnLevelWasLoaded was found on UserPrefs
This message has been deprecated and will be removed in a later version of Unity.
Add a delegate to SceneManager.sceneLoaded instead to get notifications after scene loading has completed
Refreshing native plugins compatible for Editor in 0.42 ms, found 3 plugins.
Preloading 0 native plugins for Editor in 0.00 ms.
Unloading 0 Unused Serialized files (Serialized files now loaded: 0)
Unloading 3574 unused Assets / (0.8 MB). Loaded Objects now: 4155.
Memory consumption went from 89.6 MB to 88.8 MB.
Total: 4.948917 ms (FindLiveObjects: 0.174875 ms CreateObjectMapping: 0.096167 ms MarkObjects: 4.149167 ms  DeleteObjects: 0.528167 ms)

Prepare: number of updated asset objects reloaded= 0
========================================================================
Received Prepare
Begin MonoManager ReloadAssembly
[Licensing::Client] Successfully resolved entitlement details
[Licensing::Module] License group:
  Id: SC-Z3YQ-WUSF-P4AN-EAMM-XXXX
  Product: Unity Pro
  Type: ULF
  Expiration: 2026-06-16T00:00:00Z
[Licensing::Module] License group:
  Id: 7972300754960-playvalve-UnityGamesPrXXXX
  Product: Unity Enterprise
  Type: Assigned
  Expiration: 2026-06-10T00:00:00Z
Thread 0x16bb0f000 may have been prematurely finalized
- Loaded All Assemblies, in  0.305 seconds
Script 'CharacterController' has the same name as built-in Unity component.
AddComponent and GetComponent will not work with this script.
OnLevelWasLoaded was found on UserPrefs
This message has been deprecated and will be removed in a later version of Unity.
Add a delegate to SceneManager.sceneLoaded instead to get notifications after scene loading has completed
Refreshing native plugins compatible for Editor in 0.32 ms, found 3 plugins.
OnLevelWasLoaded was found on UserPrefs
This message has been deprecated and will be removed in a later version of Unity.
Add a delegate to SceneManager.sceneLoaded instead to get notifications after scene loading has completed
Native extension for OSXStandalone target not found
[Package Manager] Failed to launch server process. Reason: Unity was launched with the -noUpm command-line argument
[Package Manager] Unable to send message (not connected to server process).
[Package Manager] Cannot connect to Unity Package Manager local server
Mono: successfully reloaded assembly
- Finished resetting the current domain, in  0.368 seconds
Domain Reload Profiling: 673ms
	BeginReloadAssembly (100ms)
		ExecutionOrderSort (0ms)
		DisableScriptedObjects (7ms)
		BackupInstance (0ms)
		ReleaseScriptingObjects (0ms)
		CreateAndSetChildDomain (36ms)
	RebuildCommonClasses (24ms)
	RebuildNativeTypeToScriptingClass (9ms)
	initialDomainReloadingComplete (12ms)
	LoadAllAssembliesAndSetupDomain (162ms)
		LoadAssemblies (117ms)
		RebuildTransferFunctionScriptingTraits (0ms)
		AnalyzeDomain (72ms)
			TypeCache.Refresh (5ms)
				TypeCache.ScanAssembly (1ms)
			BuildScriptInfoCaches (62ms)
			ResolveRequiredComponents (3ms)
	FinalizeReload (368ms)
		ReleaseScriptCaches (0ms)
		RebuildScriptCaches (0ms)
		SetupLoadedEditorAssemblies (305ms)
			LogAssemblyErrors (0ms)
			InitializePlatformSupportModulesInManaged (1ms)
			SetLoadedEditorAssemblies (2ms)
			BeforeProcessingInitializeOnLoad (66ms)
			ProcessInitializeOnLoadAttributes (207ms)
			ProcessInitializeOnLoadMethodAttributes (28ms)
			AfterProcessingInitializeOnLoad (1ms)
			EditorAssembliesLoaded (0ms)
		ExecutionOrderSort2 (0ms)
		AwakeInstancesAfterBackupRestoration (3ms)
Refreshing native plugins compatible for Editor in 0.41 ms, found 3 plugins.
Preloading 0 native plugins for Editor in 0.00 ms.
Unloading 0 Unused Serialized files (Serialized files now loaded: 0)
Unloading 3582 unused Assets / (509.2 KB). Loaded Objects now: 4156.
Memory consumption went from 96.6 MB to 96.1 MB.
Total: 4.214958 ms (FindLiveObjects: 0.166084 ms CreateObjectMapping: 0.067000 ms MarkObjects: 3.541667 ms  DeleteObjects: 0.439666 ms)

Prepare: number of updated asset objects reloaded= 0
========================================================================
Received Prepare
Begin MonoManager ReloadAssembly
Thread 0x16bb0f000 may have been prematurely finalized
- Loaded All Assemblies, in  0.294 seconds
Script 'CharacterController' has the same name as built-in Unity component.
AddComponent and GetComponent will not work with this script.
OnLevelWasLoaded was found on UserPrefs
This message has been deprecated and will be removed in a later version of Unity.
Add a delegate to SceneManager.sceneLoaded instead to get notifications after scene loading has completed
Refreshing native plugins compatible for Editor in 0.31 ms, found 3 plugins.
OnLevelWasLoaded was found on UserPrefs
This message has been deprecated and will be removed in a later version of Unity.
Add a delegate to SceneManager.sceneLoaded instead to get notifications after scene loading has completed
Native extension for OSXStandalone target not found
[Package Manager] Failed to launch server process. Reason: Unity was launched with the -noUpm command-line argument
[Package Manager] Unable to send message (not connected to server process).
[Package Manager] Cannot connect to Unity Package Manager local server
Mono: successfully reloaded assembly
- Finished resetting the current domain, in  0.326 seconds
Domain Reload Profiling: 621ms
	BeginReloadAssembly (99ms)
		ExecutionOrderSort (0ms)
		DisableScriptedObjects (7ms)
		BackupInstance (0ms)
		ReleaseScriptingObjects (0ms)
		CreateAndSetChildDomain (35ms)
	RebuildCommonClasses (23ms)
	RebuildNativeTypeToScriptingClass (8ms)
	initialDomainReloadingComplete (11ms)
	LoadAllAssembliesAndSetupDomain (153ms)
		LoadAssemblies (113ms)
		RebuildTransferFunctionScriptingTraits (0ms)
		AnalyzeDomain (67ms)
			TypeCache.Refresh (4ms)
				TypeCache.ScanAssembly (0ms)
			BuildScriptInfoCaches (59ms)
			ResolveRequiredComponents (3ms)
	FinalizeReload (326ms)
		ReleaseScriptCaches (0ms)
		RebuildScriptCaches (0ms)
		SetupLoadedEditorAssemblies (265ms)
			LogAssemblyErrors (0ms)
			InitializePlatformSupportModulesInManaged (1ms)
			SetLoadedEditorAssemblies (2ms)
			BeforeProcessingInitializeOnLoad (60ms)
			ProcessInitializeOnLoadAttributes (176ms)
			ProcessInitializeOnLoadMethodAttributes (25ms)
			AfterProcessingInitializeOnLoad (1ms)
			EditorAssembliesLoaded (0ms)
		ExecutionOrderSort2 (0ms)
		AwakeInstancesAfterBackupRestoration (2ms)
Refreshing native plugins compatible for Editor in 0.37 ms, found 3 plugins.
Preloading 0 native plugins for Editor in 0.00 ms.
Unloading 0 Unused Serialized files (Serialized files now loaded: 0)
Unloading 3582 unused Assets / (0.8 MB). Loaded Objects now: 4158.
Memory consumption went from 96.6 MB to 95.9 MB.
Total: 4.125083 ms (FindLiveObjects: 0.164333 ms CreateObjectMapping: 0.077833 ms MarkObjects: 3.495250 ms  DeleteObjects: 0.387375 ms)

Prepare: number of updated asset objects reloaded= 0
========================================================================
Received Prepare
Begin MonoManager ReloadAssembly
Thread 0x16bb0f000 may have been prematurely finalized
- Loaded All Assemblies, in  0.307 seconds
Script 'CharacterController' has the same name as built-in Unity component.
AddComponent and GetComponent will not work with this script.
OnLevelWasLoaded was found on UserPrefs
This message has been deprecated and will be removed in a later version of Unity.
Add a delegate to SceneManager.sceneLoaded instead to get notifications after scene loading has completed
Refreshing native plugins compatible for Editor in 0.32 ms, found 3 plugins.
OnLevelWasLoaded was found on UserPrefs
This message has been deprecated and will be removed in a later version of Unity.
Add a delegate to SceneManager.sceneLoaded instead to get notifications after scene loading has completed
Native extension for OSXStandalone target not found
[Package Manager] Failed to launch server process. Reason: Unity was launched with the -noUpm command-line argument
[Package Manager] Unable to send message (not connected to server process).
[Package Manager] Cannot connect to Unity Package Manager local server
Mono: successfully reloaded assembly
- Finished resetting the current domain, in  0.329 seconds
Domain Reload Profiling: 638ms
	BeginReloadAssembly (103ms)
		ExecutionOrderSort (0ms)
		DisableScriptedObjects (7ms)
		BackupInstance (0ms)
		ReleaseScriptingObjects (0ms)
		CreateAndSetChildDomain (37ms)
	RebuildCommonClasses (24ms)
	RebuildNativeTypeToScriptingClass (8ms)
	initialDomainReloadingComplete (12ms)
	LoadAllAssembliesAndSetupDomain (161ms)
		LoadAssemblies (119ms)
		RebuildTransferFunctionScriptingTraits (0ms)
		AnalyzeDomain (71ms)
			TypeCache.Refresh (5ms)
				TypeCache.ScanAssembly (0ms)
			BuildScriptInfoCaches (61ms)
			ResolveRequiredComponents (3ms)
	FinalizeReload (329ms)
		ReleaseScriptCaches (0ms)
		RebuildScriptCaches (0ms)
		SetupLoadedEditorAssemblies (271ms)
			LogAssemblyErrors (0ms)
			InitializePlatformSupportModulesInManaged (1ms)
			SetLoadedEditorAssemblies (2ms)
			BeforeProcessingInitializeOnLoad (62ms)
			ProcessInitializeOnLoadAttributes (180ms)
			ProcessInitializeOnLoadMethodAttributes (25ms)
			AfterProcessingInitializeOnLoad (1ms)
			EditorAssembliesLoaded (0ms)
		ExecutionOrderSort2 (0ms)
		AwakeInstancesAfterBackupRestoration (2ms)
Refreshing native plugins compatible for Editor in 0.33 ms, found 3 plugins.
Preloading 0 native plugins for Editor in 0.00 ms.
Unloading 0 Unused Serialized files (Serialized files now loaded: 0)
Unloading 3582 unused Assets / (0.8 MB). Loaded Objects now: 4160.
Memory consumption went from 96.6 MB to 95.8 MB.
Total: 4.000625 ms (FindLiveObjects: 0.154041 ms CreateObjectMapping: 0.074125 ms MarkObjects: 3.388500 ms  DeleteObjects: 0.383625 ms)

Prepare: number of updated asset objects reloaded= 0
========================================================================
Received Prepare
Begin MonoManager ReloadAssembly
Thread 0x16bb0f000 may have been prematurely finalized
- Loaded All Assemblies, in  0.296 seconds
Script 'CharacterController' has the same name as built-in Unity component.
AddComponent and GetComponent will not work with this script.
OnLevelWasLoaded was found on UserPrefs
This message has been deprecated and will be removed in a later version of Unity.
Add a delegate to SceneManager.sceneLoaded instead to get notifications after scene loading has completed
Refreshing native plugins compatible for Editor in 0.31 ms, found 3 plugins.
OnLevelWasLoaded was found on UserPrefs
This message has been deprecated and will be removed in a later version of Unity.
Add a delegate to SceneManager.sceneLoaded instead to get notifications after scene loading has completed
Native extension for OSXStandalone target not found
[Package Manager] Failed to launch server process. Reason: Unity was launched with the -noUpm command-line argument
[Package Manager] Unable to send message (not connected to server process).
[Package Manager] Cannot connect to Unity Package Manager local server
Mono: successfully reloaded assembly
- Finished resetting the current domain, in  0.325 seconds
Domain Reload Profiling: 622ms
	BeginReloadAssembly (101ms)
		ExecutionOrderSort (0ms)
		DisableScriptedObjects (7ms)
		BackupInstance (0ms)
		ReleaseScriptingObjects (0ms)
		CreateAndSetChildDomain (37ms)
	RebuildCommonClasses (23ms)
	RebuildNativeTypeToScriptingClass (8ms)
	initialDomainReloadingComplete (11ms)
	LoadAllAssembliesAndSetupDomain (153ms)
		LoadAssemblies (113ms)
		RebuildTransferFunctionScriptingTraits (0ms)
		AnalyzeDomain (68ms)
			TypeCache.Refresh (4ms)
				TypeCache.ScanAssembly (0ms)
			BuildScriptInfoCaches (59ms)
			ResolveRequiredComponents (3ms)
	FinalizeReload (325ms)
		ReleaseScriptCaches (0ms)
		RebuildScriptCaches (0ms)
		SetupLoadedEditorAssemblies (265ms)
			LogAssemblyErrors (0ms)
			InitializePlatformSupportModulesInManaged (1ms)
			SetLoadedEditorAssemblies (2ms)
			BeforeProcessingInitializeOnLoad (61ms)
			ProcessInitializeOnLoadAttributes (176ms)
			ProcessInitializeOnLoadMethodAttributes (25ms)
			AfterProcessingInitializeOnLoad (1ms)
			EditorAssembliesLoaded (0ms)
		ExecutionOrderSort2 (0ms)
		AwakeInstancesAfterBackupRestoration (2ms)
Refreshing native plugins compatible for Editor in 0.36 ms, found 3 plugins.
Preloading 0 native plugins for Editor in 0.00 ms.
Unloading 0 Unused Serialized files (Serialized files now loaded: 0)
Unloading 3582 unused Assets / (0.8 MB). Loaded Objects now: 4162.
Memory consumption went from 96.7 MB to 95.9 MB.
Total: 4.042042 ms (FindLiveObjects: 0.161750 ms CreateObjectMapping: 0.066792 ms MarkObjects: 3.418875 ms  DeleteObjects: 0.394167 ms)

Prepare: number of updated asset objects reloaded= 0
========================================================================
Received Prepare
Begin MonoManager ReloadAssembly
[Licensing::Client] Successfully resolved entitlement details
[Licensing::Module] License group:
  Id: SC-Z3YQ-WUSF-P4AN-EAMM-XXXX
  Product: Unity Pro
  Type: ULF
  Expiration: 2026-06-16T00:00:00Z
[Licensing::Module] License group:
  Id: 7972300754960-playvalve-UnityGamesPrXXXX
  Product: Unity Enterprise
  Type: Assigned
  Expiration: 2026-06-10T00:00:00Z
Thread 0x16bb0f000 may have been prematurely finalized
- Loaded All Assemblies, in  0.313 seconds
Script 'CharacterController' has the same name as built-in Unity component.
AddComponent and GetComponent will not work with this script.
OnLevelWasLoaded was found on UserPrefs
This message has been deprecated and will be removed in a later version of Unity.
Add a delegate to SceneManager.sceneLoaded instead to get notifications after scene loading has completed
Refreshing native plugins compatible for Editor in 0.31 ms, found 3 plugins.
OnLevelWasLoaded was found on UserPrefs
This message has been deprecated and will be removed in a later version of Unity.
Add a delegate to SceneManager.sceneLoaded instead to get notifications after scene loading has completed
Native extension for OSXStandalone target not found
[Package Manager] Failed to launch server process. Reason: Unity was launched with the -noUpm command-line argument
[Package Manager] Unable to send message (not connected to server process).
[Package Manager] Cannot connect to Unity Package Manager local server
Mono: successfully reloaded assembly
- Finished resetting the current domain, in  0.356 seconds
Domain Reload Profiling: 670ms
	BeginReloadAssembly (109ms)
		ExecutionOrderSort (0ms)
		DisableScriptedObjects (7ms)
		BackupInstance (0ms)
		ReleaseScriptingObjects (0ms)
		CreateAndSetChildDomain (40ms)
	RebuildCommonClasses (24ms)
	RebuildNativeTypeToScriptingClass (8ms)
	initialDomainReloadingComplete (12ms)
	LoadAllAssembliesAndSetupDomain (161ms)
		LoadAssemblies (123ms)
		RebuildTransferFunctionScriptingTraits (0ms)
		AnalyzeDomain (70ms)
			TypeCache.Refresh (5ms)
				TypeCache.ScanAssembly (0ms)
			BuildScriptInfoCaches (59ms)
			ResolveRequiredComponents (3ms)
	FinalizeReload (356ms)
		ReleaseScriptCaches (0ms)
		RebuildScriptCaches (0ms)
		SetupLoadedEditorAssemblies (295ms)
			LogAssemblyErrors (0ms)
			InitializePlatformSupportModulesInManaged (1ms)
			SetLoadedEditorAssemblies (2ms)
			BeforeProcessingInitializeOnLoad (67ms)
			ProcessInitializeOnLoadAttributes (196ms)
			ProcessInitializeOnLoadMethodAttributes (29ms)
			AfterProcessingInitializeOnLoad (1ms)
			EditorAssembliesLoaded (0ms)
		ExecutionOrderSort2 (0ms)
		AwakeInstancesAfterBackupRestoration (2ms)
Refreshing native plugins compatible for Editor in 0.36 ms, found 3 plugins.
Preloading 0 native plugins for Editor in 0.00 ms.
Unloading 0 Unused Serialized files (Serialized files now loaded: 0)
Unloading 3582 unused Assets / (0.8 MB). Loaded Objects now: 4164.
Memory consumption went from 96.7 MB to 95.9 MB.
Total: 4.253625 ms (FindLiveObjects: 0.166167 ms CreateObjectMapping: 0.065292 ms MarkObjects: 3.605041 ms  DeleteObjects: 0.416750 ms)

Prepare: number of updated asset objects reloaded= 0
========================================================================
Received Prepare
Begin MonoManager ReloadAssembly
Thread 0x16bb0f000 may have been prematurely finalized
- Loaded All Assemblies, in  0.299 seconds
Script 'CharacterController' has the same name as built-in Unity component.
AddComponent and GetComponent will not work with this script.
OnLevelWasLoaded was found on UserPrefs
This message has been deprecated and will be removed in a later version of Unity.
Add a delegate to SceneManager.sceneLoaded instead to get notifications after scene loading has completed
Refreshing native plugins compatible for Editor in 0.32 ms, found 3 plugins.
OnLevelWasLoaded was found on UserPrefs
This message has been deprecated and will be removed in a later version of Unity.
Add a delegate to SceneManager.sceneLoaded instead to get notifications after scene loading has completed
Native extension for OSXStandalone target not found
[Package Manager] Failed to launch server process. Reason: Unity was launched with the -noUpm command-line argument
[Package Manager] Unable to send message (not connected to server process).
[Package Manager] Cannot connect to Unity Package Manager local server
Mono: successfully reloaded assembly
- Finished resetting the current domain, in  0.325 seconds
Domain Reload Profiling: 626ms
	BeginReloadAssembly (100ms)
		ExecutionOrderSort (0ms)
		DisableScriptedObjects (7ms)
		BackupInstance (0ms)
		ReleaseScriptingObjects (0ms)
		CreateAndSetChildDomain (35ms)
	RebuildCommonClasses (23ms)
	RebuildNativeTypeToScriptingClass (9ms)
	initialDomainReloadingComplete (12ms)
	LoadAllAssembliesAndSetupDomain (157ms)
		LoadAssemblies (116ms)
		RebuildTransferFunctionScriptingTraits (0ms)
		AnalyzeDomain (69ms)
			TypeCache.Refresh (4ms)
				TypeCache.ScanAssembly (0ms)
			BuildScriptInfoCaches (60ms)
			ResolveRequiredComponents (3ms)
	FinalizeReload (325ms)
		ReleaseScriptCaches (0ms)
		RebuildScriptCaches (0ms)
		SetupLoadedEditorAssemblies (265ms)
			LogAssemblyErrors (0ms)
			InitializePlatformSupportModulesInManaged (1ms)
			SetLoadedEditorAssemblies (2ms)
			BeforeProcessingInitializeOnLoad (59ms)
			ProcessInitializeOnLoadAttributes (177ms)
			ProcessInitializeOnLoadMethodAttributes (25ms)
			AfterProcessingInitializeOnLoad (1ms)
			EditorAssembliesLoaded (0ms)
		ExecutionOrderSort2 (0ms)
		AwakeInstancesAfterBackupRestoration (2ms)
Refreshing native plugins compatible for Editor in 0.33 ms, found 3 plugins.
Preloading 0 native plugins for Editor in 0.00 ms.
Unloading 0 Unused Serialized files (Serialized files now loaded: 0)
Unloading 3582 unused Assets / (0.8 MB). Loaded Objects now: 4166.
Memory consumption went from 96.7 MB to 95.9 MB.
Total: 4.181125 ms (FindLiveObjects: 0.161542 ms CreateObjectMapping: 0.083500 ms MarkObjects: 3.521583 ms  DeleteObjects: 0.414167 ms)

Prepare: number of updated asset objects reloaded= 0
========================================================================
Received Prepare
Script 'CharacterController' has the same name as built-in Unity component.
AddComponent and GetComponent will not work with this script.
OnLevelWasLoaded was found on UserPrefs
This message has been deprecated and will be removed in a later version of Unity.
Add a delegate to SceneManager.sceneLoaded instead to get notifications after scene loading has completed
Refreshing native plugins compatible for Editor in 0.35 ms, found 3 plugins.
Preloading 0 native plugins for Editor in 0.00 ms.
Unloading 0 Unused Serialized files (Serialized files now loaded: 0)
Unloading 3571 unused Assets / (0.8 MB). Loaded Objects now: 4166.
Memory consumption went from 88.9 MB to 88.2 MB.
Total: 4.217583 ms (FindLiveObjects: 0.171166 ms CreateObjectMapping: 0.066542 ms MarkObjects: 3.517417 ms  DeleteObjects: 0.461709 ms)

Prepare: number of updated asset objects reloaded= 0
========================================================================
Received Prepare
Begin MonoManager ReloadAssembly
[Licensing::Client] Successfully resolved entitlement details
[Licensing::Module] License group:
  Id: SC-Z3YQ-WUSF-P4AN-EAMM-XXXX
  Product: Unity Pro
  Type: ULF
  Expiration: 2026-06-16T00:00:00Z
[Licensing::Module] License group:
  Id: 7972300754960-playvalve-UnityGamesPrXXXX
  Product: Unity Enterprise
  Type: Assigned
  Expiration: 2026-06-10T00:00:00Z
Thread 0x16bb0f000 may have been prematurely finalized
- Loaded All Assemblies, in  0.304 seconds
Script 'CharacterController' has the same name as built-in Unity component.
AddComponent and GetComponent will not work with this script.
OnLevelWasLoaded was found on UserPrefs
This message has been deprecated and will be removed in a later version of Unity.
Add a delegate to SceneManager.sceneLoaded instead to get notifications after scene loading has completed
Refreshing native plugins compatible for Editor in 0.33 ms, found 3 plugins.
OnLevelWasLoaded was found on UserPrefs
This message has been deprecated and will be removed in a later version of Unity.
Add a delegate to SceneManager.sceneLoaded instead to get notifications after scene loading has completed
Native extension for OSXStandalone target not found
[Package Manager] Failed to launch server process. Reason: Unity was launched with the -noUpm command-line argument
[Package Manager] Unable to send message (not connected to server process).
[Package Manager] Cannot connect to Unity Package Manager local server
Mono: successfully reloaded assembly
- Finished resetting the current domain, in  0.356 seconds
Domain Reload Profiling: 661ms
	BeginReloadAssembly (99ms)
		ExecutionOrderSort (0ms)
		DisableScriptedObjects (7ms)
		BackupInstance (0ms)
		ReleaseScriptingObjects (0ms)
		CreateAndSetChildDomain (35ms)
	RebuildCommonClasses (23ms)
	RebuildNativeTypeToScriptingClass (9ms)
	initialDomainReloadingComplete (12ms)
	LoadAllAssembliesAndSetupDomain (163ms)
		LoadAssemblies (117ms)
		RebuildTransferFunctionScriptingTraits (0ms)
		AnalyzeDomain (73ms)
			TypeCache.Refresh (6ms)
				TypeCache.ScanAssembly (0ms)
			BuildScriptInfoCaches (63ms)
			ResolveRequiredComponents (3ms)
	FinalizeReload (356ms)
		ReleaseScriptCaches (0ms)
		RebuildScriptCaches (0ms)
		SetupLoadedEditorAssemblies (294ms)
			LogAssemblyErrors (0ms)
			InitializePlatformSupportModulesInManaged (1ms)
			SetLoadedEditorAssemblies (2ms)
			BeforeProcessingInitializeOnLoad (65ms)
			ProcessInitializeOnLoadAttributes (195ms)
			ProcessInitializeOnLoadMethodAttributes (29ms)
			AfterProcessingInitializeOnLoad (1ms)
			EditorAssembliesLoaded (0ms)
		ExecutionOrderSort2 (0ms)
		AwakeInstancesAfterBackupRestoration (2ms)
Refreshing native plugins compatible for Editor in 0.39 ms, found 3 plugins.
Preloading 0 native plugins for Editor in 0.00 ms.
Unloading 0 Unused Serialized files (Serialized files now loaded: 0)
Unloading 3582 unused Assets / (0.9 MB). Loaded Objects now: 4168.
Memory consumption went from 96.7 MB to 95.8 MB.
Total: 4.857167 ms (FindLiveObjects: 0.176875 ms CreateObjectMapping: 0.077208 ms MarkObjects: 4.184000 ms  DeleteObjects: 0.418583 ms)

Prepare: number of updated asset objects reloaded= 0
========================================================================
Received Prepare
Begin MonoManager ReloadAssembly
Thread 0x16bb0f000 may have been prematurely finalized
- Loaded All Assemblies, in  0.301 seconds
Script 'CharacterController' has the same name as built-in Unity component.
AddComponent and GetComponent will not work with this script.
OnLevelWasLoaded was found on UserPrefs
This message has been deprecated and will be removed in a later version of Unity.
Add a delegate to SceneManager.sceneLoaded instead to get notifications after scene loading has completed
Refreshing native plugins compatible for Editor in 0.30 ms, found 3 plugins.
OnLevelWasLoaded was found on UserPrefs
This message has been deprecated and will be removed in a later version of Unity.
Add a delegate to SceneManager.sceneLoaded instead to get notifications after scene loading has completed
Native extension for OSXStandalone target not found
[Package Manager] Failed to launch server process. Reason: Unity was launched with the -noUpm command-line argument
[Package Manager] Unable to send message (not connected to server process).
[Package Manager] Cannot connect to Unity Package Manager local server
Mono: successfully reloaded assembly
- Finished resetting the current domain, in  0.336 seconds
Domain Reload Profiling: 638ms
	BeginReloadAssembly (99ms)
		ExecutionOrderSort (0ms)
		DisableScriptedObjects (7ms)
		BackupInstance (0ms)
		ReleaseScriptingObjects (0ms)
		CreateAndSetChildDomain (35ms)
	RebuildCommonClasses (23ms)
	RebuildNativeTypeToScriptingClass (9ms)
	initialDomainReloadingComplete (12ms)
	LoadAllAssembliesAndSetupDomain (159ms)
		LoadAssemblies (116ms)
		RebuildTransferFunctionScriptingTraits (0ms)
		AnalyzeDomain (70ms)
			TypeCache.Refresh (4ms)
				TypeCache.ScanAssembly (0ms)
			BuildScriptInfoCaches (62ms)
			ResolveRequiredComponents (3ms)
	FinalizeReload (336ms)
		ReleaseScriptCaches (0ms)
		RebuildScriptCaches (0ms)
		SetupLoadedEditorAssemblies (277ms)
			LogAssemblyErrors (0ms)
			InitializePlatformSupportModulesInManaged (1ms)
			SetLoadedEditorAssemblies (2ms)
			BeforeProcessingInitializeOnLoad (64ms)
			ProcessInitializeOnLoadAttributes (181ms)
			ProcessInitializeOnLoadMethodAttributes (28ms)
			AfterProcessingInitializeOnLoad (1ms)
			EditorAssembliesLoaded (0ms)
		ExecutionOrderSort2 (0ms)
		AwakeInstancesAfterBackupRestoration (2ms)
Refreshing native plugins compatible for Editor in 0.38 ms, found 3 plugins.
Preloading 0 native plugins for Editor in 0.00 ms.
Unloading 0 Unused Serialized files (Serialized files now loaded: 0)
Unloading 3582 unused Assets / (0.8 MB). Loaded Objects now: 4170.
Memory consumption went from 96.7 MB to 95.9 MB.
Total: 4.527541 ms (FindLiveObjects: 0.188917 ms CreateObjectMapping: 0.075709 ms MarkObjects: 3.840958 ms  DeleteObjects: 0.421375 ms)

Prepare: number of updated asset objects reloaded= 0
========================================================================
Received Prepare
Begin MonoManager ReloadAssembly
Thread 0x16bb0f000 may have been prematurely finalized
- Loaded All Assemblies, in  0.295 seconds
Script 'CharacterController' has the same name as built-in Unity component.
AddComponent and GetComponent will not work with this script.
OnLevelWasLoaded was found on UserPrefs
This message has been deprecated and will be removed in a later version of Unity.
Add a delegate to SceneManager.sceneLoaded instead to get notifications after scene loading has completed
Refreshing native plugins compatible for Editor in 0.33 ms, found 3 plugins.
OnLevelWasLoaded was found on UserPrefs
This message has been deprecated and will be removed in a later version of Unity.
Add a delegate to SceneManager.sceneLoaded instead to get notifications after scene loading has completed
Native extension for OSXStandalone target not found
[Package Manager] Failed to launch server process. Reason: Unity was launched with the -noUpm command-line argument
[Package Manager] Unable to send message (not connected to server process).
[Package Manager] Cannot connect to Unity Package Manager local server
Mono: successfully reloaded assembly
- Finished resetting the current domain, in  0.325 seconds
Domain Reload Profiling: 621ms
	BeginReloadAssembly (98ms)
		ExecutionOrderSort (0ms)
		DisableScriptedObjects (7ms)
		BackupInstance (0ms)
		ReleaseScriptingObjects (0ms)
		CreateAndSetChildDomain (35ms)
	RebuildCommonClasses (23ms)
	RebuildNativeTypeToScriptingClass (8ms)
	initialDomainReloadingComplete (12ms)
	LoadAllAssembliesAndSetupDomain (154ms)
		LoadAssemblies (113ms)
		RebuildTransferFunctionScriptingTraits (0ms)
		AnalyzeDomain (69ms)
			TypeCache.Refresh (4ms)
				TypeCache.ScanAssembly (0ms)
			BuildScriptInfoCaches (60ms)
			ResolveRequiredComponents (3ms)
	FinalizeReload (325ms)
		ReleaseScriptCaches (0ms)
		RebuildScriptCaches (0ms)
		SetupLoadedEditorAssemblies (264ms)
			LogAssemblyErrors (0ms)
			InitializePlatformSupportModulesInManaged (1ms)
			SetLoadedEditorAssemblies (2ms)
			BeforeProcessingInitializeOnLoad (59ms)
			ProcessInitializeOnLoadAttributes (176ms)
			ProcessInitializeOnLoadMethodAttributes (26ms)
			AfterProcessingInitializeOnLoad (1ms)
			EditorAssembliesLoaded (0ms)
		ExecutionOrderSort2 (0ms)
		AwakeInstancesAfterBackupRestoration (2ms)
Refreshing native plugins compatible for Editor in 0.36 ms, found 3 plugins.
Preloading 0 native plugins for Editor in 0.00 ms.
Unloading 0 Unused Serialized files (Serialized files now loaded: 0)
Unloading 3582 unused Assets / (0.8 MB). Loaded Objects now: 4172.
Memory consumption went from 96.7 MB to 95.9 MB.
Total: 4.043125 ms (FindLiveObjects: 0.162792 ms CreateObjectMapping: 0.065042 ms MarkObjects: 3.448291 ms  DeleteObjects: 0.366667 ms)

Prepare: number of updated asset objects reloaded= 0
========================================================================
Received Import Request.
  Time since last request: 690.144480 seconds.
  path: Assets/Prefabs/respawn.anim
  artifactKey: Guid(08c9eb632d240374ca2b4f6de0f2f26f) Importer(815301076,1909f56bfc062723c751e8b465ee728b)
Start importing Assets/Prefabs/respawn.anim using Guid(08c9eb632d240374ca2b4f6de0f2f26f) Importer(815301076,1909f56bfc062723c751e8b465ee728b) (PreviewImporter) -> (artifact id: '199a9b36268ba55d92020db23821ebeb') in 0.011076459 seconds
Number of updated asset objects reloaded before import = 0Number of asset objects unloaded after import = 1

========================================================================
Received Import Request.
  Time since last request: 7.533820 seconds.
  path: Assets/Prefabs/NetworkPlayer.prefab
  artifactKey: Guid(be325f5d22074694ab71970cc11c1b98) Importer(815301076,1909f56bfc062723c751e8b465ee728b)
Start importing Assets/Prefabs/NetworkPlayer.prefab using Guid(be325f5d22074694ab71970cc11c1b98) Importer(815301076,1909f56bfc062723c751e8b465ee728b) (PreviewImporter) -> (artifact id: 'c196f09ac161d3c1659186f1e0cdf11e') in 0.095815292 seconds
Number of updated asset objects reloaded before import = 0Number of asset objects unloaded after import = 338

========================================================================
Received Import Request.
  Time since last request: 12.602287 seconds.
  path: Assets/Prefabs/NetworkPlayer.prefab
  artifactKey: Guid(be325f5d22074694ab71970cc11c1b98) Importer(815301076,1909f56bfc062723c751e8b465ee728b)
Start importing Assets/Prefabs/NetworkPlayer.prefab using Guid(be325f5d22074694ab71970cc11c1b98) Importer(815301076,1909f56bfc062723c751e8b465ee728b) (PreviewImporter) -> (artifact id: 'fc6876a68a93634def9a37134899720d') in 0.062342625 seconds
Number of updated asset objects reloaded before import = 0Number of asset objects unloaded after import = 396

========================================================================
Received Import Request.
  Time since last request: 22.591559 seconds.
  path: Assets/Prefabs/NetworkPlayer.prefab
  artifactKey: Guid(be325f5d22074694ab71970cc11c1b98) Importer(815301076,1909f56bfc062723c751e8b465ee728b)
Start importing Assets/Prefabs/NetworkPlayer.prefab using Guid(be325f5d22074694ab71970cc11c1b98) Importer(815301076,1909f56bfc062723c751e8b465ee728b) (PreviewImporter) -> (artifact id: '144419b83b4856f3c790a4ab17b58674') in 0.060981959 seconds
Number of updated asset objects reloaded before import = 0Number of asset objects unloaded after import = 396

========================================================================
Received Import Request.
  Time since last request: 9.597787 seconds.
  path: Assets/Prefabs/NetworkPlayer.prefab
  artifactKey: Guid(be325f5d22074694ab71970cc11c1b98) Importer(815301076,1909f56bfc062723c751e8b465ee728b)
Start importing Assets/Prefabs/NetworkPlayer.prefab using Guid(be325f5d22074694ab71970cc11c1b98) Importer(815301076,1909f56bfc062723c751e8b465ee728b) (PreviewImporter) -> (artifact id: 'bc6718b5ab5b8ee80b95c61426be9f7c') in 0.061601791 seconds
Number of updated asset objects reloaded before import = 0Number of asset objects unloaded after import = 406

========================================================================
Received Import Request.
  Time since last request: 2.342726 seconds.
  path: Assets/Prefabs/NetworkPlayer.prefab
  artifactKey: Guid(be325f5d22074694ab71970cc11c1b98) Importer(815301076,1909f56bfc062723c751e8b465ee728b)
Start importing Assets/Prefabs/NetworkPlayer.prefab using Guid(be325f5d22074694ab71970cc11c1b98) Importer(815301076,1909f56bfc062723c751e8b465ee728b) (PreviewImporter) -> (artifact id: '4835a1722d12cce51ba7f3dab134a303') in 0.061363209 seconds
Number of updated asset objects reloaded before import = 0Number of asset objects unloaded after import = 406

========================================================================
Received Import Request.
  Time since last request: 16.212937 seconds.
  path: Assets/Prefabs/NetworkPlayer.prefab
  artifactKey: Guid(be325f5d22074694ab71970cc11c1b98) Importer(815301076,1909f56bfc062723c751e8b465ee728b)
Start importing Assets/Prefabs/NetworkPlayer.prefab using Guid(be325f5d22074694ab71970cc11c1b98) Importer(815301076,1909f56bfc062723c751e8b465ee728b) (PreviewImporter) -> (artifact id: 'e1e9155201d24e1ef0bb8aecb3cb2738') in 0.061242209 seconds
Number of updated asset objects reloaded before import = 0Number of asset objects unloaded after import = 406

========================================================================
Received Import Request.
  Time since last request: 4.909854 seconds.
  path: Assets/Prefabs/NetworkPlayer.prefab
  artifactKey: Guid(be325f5d22074694ab71970cc11c1b98) Importer(815301076,1909f56bfc062723c751e8b465ee728b)
Start importing Assets/Prefabs/NetworkPlayer.prefab using Guid(be325f5d22074694ab71970cc11c1b98) Importer(815301076,1909f56bfc062723c751e8b465ee728b) (PreviewImporter) -> (artifact id: '99cfab011081d25bab117551f5998a4d') in 0.061862834 seconds
Number of updated asset objects reloaded before import = 0Number of asset objects unloaded after import = 406

========================================================================
Received Import Request.
  Time since last request: 11.332656 seconds.
  path: Assets/Prefabs/NetworkPlayer.prefab
  artifactKey: Guid(be325f5d22074694ab71970cc11c1b98) Importer(815301076,1909f56bfc062723c751e8b465ee728b)
Start importing Assets/Prefabs/NetworkPlayer.prefab using Guid(be325f5d22074694ab71970cc11c1b98) Importer(815301076,1909f56bfc062723c751e8b465ee728b) (PreviewImporter) -> (artifact id: 'e9a96d8fd299b3ba7430c96d5daaa7d0') in 0.063826292 seconds
Number of updated asset objects reloaded before import = 0Number of asset objects unloaded after import = 406

========================================================================
Received Import Request.
  Time since last request: 7.914073 seconds.
  path: Assets/Prefabs/NetworkPlayer.prefab
  artifactKey: Guid(be325f5d22074694ab71970cc11c1b98) Importer(815301076,1909f56bfc062723c751e8b465ee728b)
Start importing Assets/Prefabs/NetworkPlayer.prefab using Guid(be325f5d22074694ab71970cc11c1b98) Importer(815301076,1909f56bfc062723c751e8b465ee728b) (PreviewImporter) -> (artifact id: '9262774d617e4904a1bdec2d13c4d5aa') in 0.060648542 seconds
Number of updated asset objects reloaded before import = 0Number of asset objects unloaded after import = 406

========================================================================
Received Prepare
Begin MonoManager ReloadAssembly
[Licensing::Client] Successfully resolved entitlement details
[Licensing::Module] License group:
  Id: SC-Z3YQ-WUSF-P4AN-EAMM-XXXX
  Product: Unity Pro
  Type: ULF
  Expiration: 2026-06-16T00:00:00Z
[Licensing::Module] License group:
  Id: 7972300754960-playvalve-UnityGamesPrXXXX
  Product: Unity Enterprise
  Type: Assigned
  Expiration: 2026-06-10T00:00:00Z
Thread 0x16bb0f000 may have been prematurely finalized
- Loaded All Assemblies, in  0.299 seconds
Script 'CharacterController' has the same name as built-in Unity component.
AddComponent and GetComponent will not work with this script.
OnLevelWasLoaded was found on UserPrefs
This message has been deprecated and will be removed in a later version of Unity.
Add a delegate to SceneManager.sceneLoaded instead to get notifications after scene loading has completed
Refreshing native plugins compatible for Editor in 0.31 ms, found 3 plugins.
OnLevelWasLoaded was found on UserPrefs
This message has been deprecated and will be removed in a later version of Unity.
Add a delegate to SceneManager.sceneLoaded instead to get notifications after scene loading has completed
Native extension for OSXStandalone target not found
[Package Manager] Failed to launch server process. Reason: Unity was launched with the -noUpm command-line argument
[Package Manager] Unable to send message (not connected to server process).
[Package Manager] Cannot connect to Unity Package Manager local server
Mono: successfully reloaded assembly
- Finished resetting the current domain, in  0.324 seconds
Domain Reload Profiling: 624ms
	BeginReloadAssembly (103ms)
		ExecutionOrderSort (0ms)
		DisableScriptedObjects (6ms)
		BackupInstance (0ms)
		ReleaseScriptingObjects (0ms)
		CreateAndSetChildDomain (37ms)
	RebuildCommonClasses (23ms)
	RebuildNativeTypeToScriptingClass (8ms)
	initialDomainReloadingComplete (11ms)
	LoadAllAssembliesAndSetupDomain (154ms)
		LoadAssemblies (115ms)
		RebuildTransferFunctionScriptingTraits (0ms)
		AnalyzeDomain (68ms)
			TypeCache.Refresh (4ms)
				TypeCache.ScanAssembly (0ms)
			BuildScriptInfoCaches (60ms)
			ResolveRequiredComponents (3ms)
	FinalizeReload (324ms)
		ReleaseScriptCaches (0ms)
		RebuildScriptCaches (0ms)
		SetupLoadedEditorAssemblies (264ms)
			LogAssemblyErrors (0ms)
			InitializePlatformSupportModulesInManaged (1ms)
			SetLoadedEditorAssemblies (2ms)
			BeforeProcessingInitializeOnLoad (59ms)
			ProcessInitializeOnLoadAttributes (176ms)
			ProcessInitializeOnLoadMethodAttributes (25ms)
			AfterProcessingInitializeOnLoad (1ms)
			EditorAssembliesLoaded (0ms)
		ExecutionOrderSort2 (0ms)
		AwakeInstancesAfterBackupRestoration (2ms)
Refreshing native plugins compatible for Editor in 0.33 ms, found 3 plugins.
Preloading 0 native plugins for Editor in 0.00 ms.
Unloading 0 Unused Serialized files (Serialized files now loaded: 0)
Unloading 3585 unused Assets / (0.9 MB). Loaded Objects now: 4174.
Memory consumption went from 96.7 MB to 95.8 MB.
Total: 4.295917 ms (FindLiveObjects: 0.165167 ms CreateObjectMapping: 0.090375 ms MarkObjects: 3.592083 ms  DeleteObjects: 0.447875 ms)

Prepare: number of updated asset objects reloaded= 0
========================================================================
Received Import Request.
  Time since last request: 55.528355 seconds.
  path: Assets/Scenes/FightScene.unity
  artifactKey: Guid(2cda990e2423bbf4892e6590ba056729) Importer(815301076,1909f56bfc062723c751e8b465ee728b)
Start importing Assets/Scenes/FightScene.unity using Guid(2cda990e2423bbf4892e6590ba056729) Importer(815301076,1909f56bfc062723c751e8b465ee728b) (PreviewImporter) -> (artifact id: '6a182b51775c059e7de3f1cfb7ff6a9b') in 0.000826333 seconds
Number of updated asset objects reloaded before import = 0Number of asset objects unloaded after import = 0

========================================================================
Received Prepare
Begin MonoManager ReloadAssembly
[Licensing::Client] Successfully resolved entitlement details
[Licensing::Module] License group:
  Id: SC-Z3YQ-WUSF-P4AN-EAMM-XXXX
  Product: Unity Pro
  Type: ULF
  Expiration: 2026-06-16T00:00:00Z
[Licensing::Module] License group:
  Id: 7972300754960-playvalve-UnityGamesPrXXXX
  Product: Unity Enterprise
  Type: Assigned
  Expiration: 2026-06-10T00:00:00Z
Thread 0x16bb0f000 may have been prematurely finalized
- Loaded All Assemblies, in  0.296 seconds
Script 'CharacterController' has the same name as built-in Unity component.
AddComponent and GetComponent will not work with this script.
OnLevelWasLoaded was found on UserPrefs
This message has been deprecated and will be removed in a later version of Unity.
Add a delegate to SceneManager.sceneLoaded instead to get notifications after scene loading has completed
Refreshing native plugins compatible for Editor in 0.31 ms, found 3 plugins.
OnLevelWasLoaded was found on UserPrefs
This message has been deprecated and will be removed in a later version of Unity.
Add a delegate to SceneManager.sceneLoaded instead to get notifications after scene loading has completed
Native extension for OSXStandalone target not found
[Package Manager] Failed to launch server process. Reason: Unity was launched with the -noUpm command-line argument
[Package Manager] Unable to send message (not connected to server process).
[Package Manager] Cannot connect to Unity Package Manager local server
Mono: successfully reloaded assembly
- Finished resetting the current domain, in  0.325 seconds
Domain Reload Profiling: 621ms
	BeginReloadAssembly (101ms)
		ExecutionOrderSort (0ms)
		DisableScriptedObjects (7ms)
		BackupInstance (0ms)
		ReleaseScriptingObjects (0ms)
		CreateAndSetChildDomain (35ms)
	RebuildCommonClasses (23ms)
	RebuildNativeTypeToScriptingClass (8ms)
	initialDomainReloadingComplete (11ms)
	LoadAllAssembliesAndSetupDomain (153ms)
		LoadAssemblies (114ms)
		RebuildTransferFunctionScriptingTraits (0ms)
		AnalyzeDomain (67ms)
			TypeCache.Refresh (4ms)
				TypeCache.ScanAssembly (0ms)
			BuildScriptInfoCaches (59ms)
			ResolveRequiredComponents (3ms)
	FinalizeReload (325ms)
		ReleaseScriptCaches (0ms)
		RebuildScriptCaches (0ms)
		SetupLoadedEditorAssemblies (265ms)
			LogAssemblyErrors (0ms)
			InitializePlatformSupportModulesInManaged (1ms)
			SetLoadedEditorAssemblies (2ms)
			BeforeProcessingInitializeOnLoad (60ms)
			ProcessInitializeOnLoadAttributes (177ms)
			ProcessInitializeOnLoadMethodAttributes (25ms)
			AfterProcessingInitializeOnLoad (1ms)
			EditorAssembliesLoaded (0ms)
		ExecutionOrderSort2 (0ms)
		AwakeInstancesAfterBackupRestoration (2ms)
Refreshing native plugins compatible for Editor in 0.34 ms, found 3 plugins.
Preloading 0 native plugins for Editor in 0.00 ms.
Unloading 0 Unused Serialized files (Serialized files now loaded: 0)
Unloading 3582 unused Assets / (0.7 MB). Loaded Objects now: 4176.
Memory consumption went from 96.6 MB to 95.8 MB.
Total: 4.072084 ms (FindLiveObjects: 0.164917 ms CreateObjectMapping: 0.064000 ms MarkObjects: 3.477375 ms  DeleteObjects: 0.365417 ms)

Prepare: number of updated asset objects reloaded= 0
========================================================================
Received Import Request.
  Time since last request: 45.053091 seconds.
  path: Assets/Scenes/Lobby.unity
  artifactKey: Guid(8222b0e3841c8414bb16083fbec13dcd) Importer(815301076,1909f56bfc062723c751e8b465ee728b)
Start importing Assets/Scenes/Lobby.unity using Guid(8222b0e3841c8414bb16083fbec13dcd) Importer(815301076,1909f56bfc062723c751e8b465ee728b) (PreviewImporter) -> (artifact id: '82626543266a94344633d910496fc70d') in 0.000824667 seconds
Number of updated asset objects reloaded before import = 0Number of asset objects unloaded after import = 0

========================================================================
Received Prepare
Begin MonoManager ReloadAssembly
Thread 0x16bb0f000 may have been prematurely finalized
- Loaded All Assemblies, in  0.331 seconds
Script 'CharacterController' has the same name as built-in Unity component.
AddComponent and GetComponent will not work with this script.
OnLevelWasLoaded was found on UserPrefs
This message has been deprecated and will be removed in a later version of Unity.
Add a delegate to SceneManager.sceneLoaded instead to get notifications after scene loading has completed
Refreshing native plugins compatible for Editor in 0.31 ms, found 3 plugins.
OnLevelWasLoaded was found on UserPrefs
This message has been deprecated and will be removed in a later version of Unity.
Add a delegate to SceneManager.sceneLoaded instead to get notifications after scene loading has completed
Native extension for OSXStandalone target not found
[Package Manager] Failed to launch server process. Reason: Unity was launched with the -noUpm command-line argument
[Package Manager] Unable to send message (not connected to server process).
[Package Manager] Cannot connect to Unity Package Manager local server
Mono: successfully reloaded assembly
- Finished resetting the current domain, in  0.380 seconds
Domain Reload Profiling: 713ms
	BeginReloadAssembly (113ms)
		ExecutionOrderSort (0ms)
		DisableScriptedObjects (7ms)
		BackupInstance (0ms)
		ReleaseScriptingObjects (0ms)
		CreateAndSetChildDomain (42ms)
	RebuildCommonClasses (25ms)
	RebuildNativeTypeToScriptingClass (9ms)
	initialDomainReloadingComplete (13ms)
	LoadAllAssembliesAndSetupDomain (173ms)
		LoadAssemblies (128ms)
		RebuildTransferFunctionScriptingTraits (0ms)
		AnalyzeDomain (76ms)
			TypeCache.Refresh (6ms)
				TypeCache.ScanAssembly (1ms)
			BuildScriptInfoCaches (65ms)
			ResolveRequiredComponents (3ms)
	FinalizeReload (380ms)
		ReleaseScriptCaches (0ms)
		RebuildScriptCaches (0ms)
		SetupLoadedEditorAssemblies (314ms)
			LogAssemblyErrors (0ms)
			InitializePlatformSupportModulesInManaged (1ms)
			SetLoadedEditorAssemblies (2ms)
			BeforeProcessingInitializeOnLoad (69ms)
			ProcessInitializeOnLoadAttributes (211ms)
			ProcessInitializeOnLoadMethodAttributes (30ms)
			AfterProcessingInitializeOnLoad (1ms)
			EditorAssembliesLoaded (0ms)
		ExecutionOrderSort2 (0ms)
		AwakeInstancesAfterBackupRestoration (2ms)
Refreshing native plugins compatible for Editor in 0.37 ms, found 3 plugins.
Preloading 0 native plugins for Editor in 0.00 ms.
Unloading 0 Unused Serialized files (Serialized files now loaded: 0)
Unloading 3582 unused Assets / (0.7 MB). Loaded Objects now: 4178.
Memory consumption went from 96.5 MB to 95.8 MB.
Total: 4.238375 ms (FindLiveObjects: 0.160958 ms CreateObjectMapping: 0.078042 ms MarkObjects: 3.645833 ms  DeleteObjects: 0.353000 ms)

Prepare: number of updated asset objects reloaded= 0
========================================================================
Received Prepare
Begin MonoManager ReloadAssembly
Thread 0x16bb0f000 may have been prematurely finalized
- Loaded All Assemblies, in  0.333 seconds
Script 'CharacterController' has the same name as built-in Unity component.
AddComponent and GetComponent will not work with this script.
OnLevelWasLoaded was found on UserPrefs
This message has been deprecated and will be removed in a later version of Unity.
Add a delegate to SceneManager.sceneLoaded instead to get notifications after scene loading has completed
Refreshing native plugins compatible for Editor in 0.34 ms, found 3 plugins.
OnLevelWasLoaded was found on UserPrefs
This message has been deprecated and will be removed in a later version of Unity.
Add a delegate to SceneManager.sceneLoaded instead to get notifications after scene loading has completed
Native extension for OSXStandalone target not found
[Package Manager] Failed to launch server process. Reason: Unity was launched with the -noUpm command-line argument
[Package Manager] Unable to send message (not connected to server process).
[Package Manager] Cannot connect to Unity Package Manager local server
Mono: successfully reloaded assembly
- Finished resetting the current domain, in  0.354 seconds
Domain Reload Profiling: 688ms
	BeginReloadAssembly (110ms)
		ExecutionOrderSort (0ms)
		DisableScriptedObjects (7ms)
		BackupInstance (0ms)
		ReleaseScriptingObjects (0ms)
		CreateAndSetChildDomain (42ms)
	RebuildCommonClasses (25ms)
	RebuildNativeTypeToScriptingClass (9ms)
	initialDomainReloadingComplete (12ms)
	LoadAllAssembliesAndSetupDomain (177ms)
		LoadAssemblies (132ms)
		RebuildTransferFunctionScriptingTraits (0ms)
		AnalyzeDomain (76ms)
			TypeCache.Refresh (6ms)
				TypeCache.ScanAssembly (1ms)
			BuildScriptInfoCaches (65ms)
			ResolveRequiredComponents (3ms)
	FinalizeReload (354ms)
		ReleaseScriptCaches (0ms)
		RebuildScriptCaches (0ms)
		SetupLoadedEditorAssemblies (290ms)
			LogAssemblyErrors (0ms)
			InitializePlatformSupportModulesInManaged (1ms)
			SetLoadedEditorAssemblies (2ms)
			BeforeProcessingInitializeOnLoad (65ms)
			ProcessInitializeOnLoadAttributes (194ms)
			ProcessInitializeOnLoadMethodAttributes (27ms)
			AfterProcessingInitializeOnLoad (1ms)
			EditorAssembliesLoaded (0ms)
		ExecutionOrderSort2 (0ms)
		AwakeInstancesAfterBackupRestoration (2ms)
Refreshing native plugins compatible for Editor in 0.36 ms, found 3 plugins.
Preloading 0 native plugins for Editor in 0.00 ms.
Unloading 0 Unused Serialized files (Serialized files now loaded: 0)
Unloading 3582 unused Assets / (0.8 MB). Loaded Objects now: 4180.
Memory consumption went from 96.5 MB to 95.7 MB.
Total: 4.224208 ms (FindLiveObjects: 0.172417 ms CreateObjectMapping: 0.063291 ms MarkObjects: 3.605250 ms  DeleteObjects: 0.382875 ms)

Prepare: number of updated asset objects reloaded= 0
========================================================================
Received Prepare
Begin MonoManager ReloadAssembly
[Licensing::Client] Successfully resolved entitlement details
[Licensing::Module] License group:
  Id: SC-Z3YQ-WUSF-P4AN-EAMM-XXXX
  Product: Unity Pro
  Type: ULF
  Expiration: 2026-06-16T00:00:00Z
[Licensing::Module] License group:
  Id: 7972300754960-playvalve-UnityGamesPrXXXX
  Product: Unity Enterprise
  Type: Assigned
  Expiration: 2026-06-10T00:00:00Z
Thread 0x16bb0f000 may have been prematurely finalized
- Loaded All Assemblies, in  0.297 seconds
Script 'CharacterController' has the same name as built-in Unity component.
AddComponent and GetComponent will not work with this script.
OnLevelWasLoaded was found on UserPrefs
This message has been deprecated and will be removed in a later version of Unity.
Add a delegate to SceneManager.sceneLoaded instead to get notifications after scene loading has completed
Refreshing native plugins compatible for Editor in 0.31 ms, found 3 plugins.
OnLevelWasLoaded was found on UserPrefs
This message has been deprecated and will be removed in a later version of Unity.
Add a delegate to SceneManager.sceneLoaded instead to get notifications after scene loading has completed
Native extension for OSXStandalone target not found
[Package Manager] Failed to launch server process. Reason: Unity was launched with the -noUpm command-line argument
[Package Manager] Unable to send message (not connected to server process).
[Package Manager] Cannot connect to Unity Package Manager local server
Mono: successfully reloaded assembly
- Finished resetting the current domain, in  0.333 seconds
Domain Reload Profiling: 631ms
	BeginReloadAssembly (102ms)
		ExecutionOrderSort (0ms)
		DisableScriptedObjects (7ms)
		BackupInstance (0ms)
		ReleaseScriptingObjects (0ms)
		CreateAndSetChildDomain (35ms)
	RebuildCommonClasses (23ms)
	RebuildNativeTypeToScriptingClass (9ms)
	initialDomainReloadingComplete (11ms)
	LoadAllAssembliesAndSetupDomain (153ms)
		LoadAssemblies (114ms)
		RebuildTransferFunctionScriptingTraits (0ms)
		AnalyzeDomain (67ms)
			TypeCache.Refresh (4ms)
				TypeCache.ScanAssembly (0ms)
			BuildScriptInfoCaches (59ms)
			ResolveRequiredComponents (3ms)
	FinalizeReload (333ms)
		ReleaseScriptCaches (0ms)
		RebuildScriptCaches (0ms)
		SetupLoadedEditorAssemblies (272ms)
			LogAssemblyErrors (0ms)
			InitializePlatformSupportModulesInManaged (1ms)
			SetLoadedEditorAssemblies (2ms)
			BeforeProcessingInitializeOnLoad (64ms)
			ProcessInitializeOnLoadAttributes (181ms)
			ProcessInitializeOnLoadMethodAttributes (23ms)
			AfterProcessingInitializeOnLoad (1ms)
			EditorAssembliesLoaded (0ms)
		ExecutionOrderSort2 (0ms)
		AwakeInstancesAfterBackupRestoration (2ms)
Refreshing native plugins compatible for Editor in 0.36 ms, found 3 plugins.
Preloading 0 native plugins for Editor in 0.00 ms.
Unloading 0 Unused Serialized files (Serialized files now loaded: 0)
Unloading 3582 unused Assets / (0.8 MB). Loaded Objects now: 4182.
Memory consumption went from 96.5 MB to 95.7 MB.
Total: 4.041917 ms (FindLiveObjects: 0.167333 ms CreateObjectMapping: 0.068292 ms MarkObjects: 3.431916 ms  DeleteObjects: 0.373833 ms)

Prepare: number of updated asset objects reloaded= 0
========================================================================
Received Prepare
Begin MonoManager ReloadAssembly
[Licensing::Client] Successfully resolved entitlement details
[Licensing::Module] License group:
  Id: SC-Z3YQ-WUSF-P4AN-EAMM-XXXX
  Product: Unity Pro
  Type: ULF
  Expiration: 2026-06-16T00:00:00Z
[Licensing::Module] License group:
  Id: 7972300754960-playvalve-UnityGamesPrXXXX
  Product: Unity Enterprise
  Type: Assigned
  Expiration: 2026-06-10T00:00:00Z
Thread 0x16bb0f000 may have been prematurely finalized
- Loaded All Assemblies, in  0.315 seconds
Script 'CharacterController' has the same name as built-in Unity component.
AddComponent and GetComponent will not work with this script.
OnLevelWasLoaded was found on UserPrefs
This message has been deprecated and will be removed in a later version of Unity.
Add a delegate to SceneManager.sceneLoaded instead to get notifications after scene loading has completed
Refreshing native plugins compatible for Editor in 0.33 ms, found 3 plugins.
OnLevelWasLoaded was found on UserPrefs
This message has been deprecated and will be removed in a later version of Unity.
Add a delegate to SceneManager.sceneLoaded instead to get notifications after scene loading has completed
Native extension for OSXStandalone target not found
[Package Manager] Failed to launch server process. Reason: Unity was launched with the -noUpm command-line argument
[Package Manager] Unable to send message (not connected to server process).
[Package Manager] Cannot connect to Unity Package Manager local server
Mono: successfully reloaded assembly
- Finished resetting the current domain, in  0.327 seconds
Domain Reload Profiling: 643ms
	BeginReloadAssembly (108ms)
		ExecutionOrderSort (0ms)
		DisableScriptedObjects (7ms)
		BackupInstance (0ms)
		ReleaseScriptingObjects (0ms)
		CreateAndSetChildDomain (40ms)
	RebuildCommonClasses (24ms)
	RebuildNativeTypeToScriptingClass (9ms)
	initialDomainReloadingComplete (12ms)
	LoadAllAssembliesAndSetupDomain (163ms)
		LoadAssemblies (121ms)
		RebuildTransferFunctionScriptingTraits (0ms)
		AnalyzeDomain (72ms)
			TypeCache.Refresh (5ms)
				TypeCache.ScanAssembly (1ms)
			BuildScriptInfoCaches (61ms)
			ResolveRequiredComponents (3ms)
	FinalizeReload (327ms)
		ReleaseScriptCaches (0ms)
		RebuildScriptCaches (0ms)
		SetupLoadedEditorAssemblies (268ms)
			LogAssemblyErrors (0ms)
			InitializePlatformSupportModulesInManaged (1ms)
			SetLoadedEditorAssemblies (2ms)
			BeforeProcessingInitializeOnLoad (59ms)
			ProcessInitializeOnLoadAttributes (182ms)
			ProcessInitializeOnLoadMethodAttributes (24ms)
			AfterProcessingInitializeOnLoad (1ms)
			EditorAssembliesLoaded (0ms)
		ExecutionOrderSort2 (0ms)
		AwakeInstancesAfterBackupRestoration (2ms)
Refreshing native plugins compatible for Editor in 0.33 ms, found 3 plugins.
Preloading 0 native plugins for Editor in 0.00 ms.
Unloading 0 Unused Serialized files (Serialized files now loaded: 0)
Unloading 3582 unused Assets / (0.8 MB). Loaded Objects now: 4184.
Memory consumption went from 96.5 MB to 95.7 MB.
Total: 3.985500 ms (FindLiveObjects: 0.155375 ms CreateObjectMapping: 0.077417 ms MarkObjects: 3.382541 ms  DeleteObjects: 0.369833 ms)

Prepare: number of updated asset objects reloaded= 0
========================================================================
Received Import Request.
  Time since last request: 227.531433 seconds.
  path: Assets/Prefabs/NetworkPlayer.prefab
  artifactKey: Guid(be325f5d22074694ab71970cc11c1b98) Importer(815301076,1909f56bfc062723c751e8b465ee728b)
Start importing Assets/Prefabs/NetworkPlayer.prefab using Guid(be325f5d22074694ab71970cc11c1b98) Importer(815301076,1909f56bfc062723c751e8b465ee728b) (PreviewImporter) -> (artifact id: 'adc92f3de390264f2479eac89ced65d2') in 0.109698083 seconds
Number of updated asset objects reloaded before import = 0Number of asset objects unloaded after import = 406

========================================================================
Received Import Request.
  Time since last request: 15.026618 seconds.
  path: Assets/Prefabs/NetworkPlayer.prefab
  artifactKey: Guid(be325f5d22074694ab71970cc11c1b98) Importer(815301076,1909f56bfc062723c751e8b465ee728b)
Start importing Assets/Prefabs/NetworkPlayer.prefab using Guid(be325f5d22074694ab71970cc11c1b98) Importer(815301076,1909f56bfc062723c751e8b465ee728b) (PreviewImporter) -> (artifact id: 'bc2ff85a3c6b19f4e5b2b77a32d4fa3e') in 0.0602655 seconds
Number of updated asset objects reloaded before import = 0Number of asset objects unloaded after import = 406

========================================================================
Received Prepare
Begin MonoManager ReloadAssembly
[Licensing::Client] Successfully resolved entitlement details
[Licensing::Module] License group:
  Id: SC-Z3YQ-WUSF-P4AN-EAMM-XXXX
  Product: Unity Pro
  Type: ULF
  Expiration: 2026-06-16T00:00:00Z
[Licensing::Module] License group:
  Id: 7972300754960-playvalve-UnityGamesPrXXXX
  Product: Unity Enterprise
  Type: Assigned
  Expiration: 2026-06-10T00:00:00Z
Thread 0x16bb0f000 may have been prematurely finalized
- Loaded All Assemblies, in  0.302 seconds
Script 'CharacterController' has the same name as built-in Unity component.
AddComponent and GetComponent will not work with this script.
OnLevelWasLoaded was found on UserPrefs
This message has been deprecated and will be removed in a later version of Unity.
Add a delegate to SceneManager.sceneLoaded instead to get notifications after scene loading has completed
Refreshing native plugins compatible for Editor in 0.32 ms, found 3 plugins.
OnLevelWasLoaded was found on UserPrefs
This message has been deprecated and will be removed in a later version of Unity.
Add a delegate to SceneManager.sceneLoaded instead to get notifications after scene loading has completed
Native extension for OSXStandalone target not found
[Package Manager] Failed to launch server process. Reason: Unity was launched with the -noUpm command-line argument
[Package Manager] Unable to send message (not connected to server process).
[Package Manager] Cannot connect to Unity Package Manager local server
Mono: successfully reloaded assembly
- Finished resetting the current domain, in  0.352 seconds
Domain Reload Profiling: 655ms
	BeginReloadAssembly (102ms)
		ExecutionOrderSort (0ms)
		DisableScriptedObjects (7ms)
		BackupInstance (0ms)
		ReleaseScriptingObjects (0ms)
		CreateAndSetChildDomain (37ms)
	RebuildCommonClasses (23ms)
	RebuildNativeTypeToScriptingClass (8ms)
	initialDomainReloadingComplete (11ms)
	LoadAllAssembliesAndSetupDomain (158ms)
		LoadAssemblies (114ms)
		RebuildTransferFunctionScriptingTraits (0ms)
		AnalyzeDomain (71ms)
			TypeCache.Refresh (4ms)
				TypeCache.ScanAssembly (0ms)
			BuildScriptInfoCaches (63ms)
			ResolveRequiredComponents (3ms)
	FinalizeReload (352ms)
		ReleaseScriptCaches (0ms)
		RebuildScriptCaches (0ms)
		SetupLoadedEditorAssemblies (288ms)
			LogAssemblyErrors (0ms)
			InitializePlatformSupportModulesInManaged (1ms)
			SetLoadedEditorAssemblies (2ms)
			BeforeProcessingInitializeOnLoad (63ms)
			ProcessInitializeOnLoadAttributes (194ms)
			ProcessInitializeOnLoadMethodAttributes (27ms)
			AfterProcessingInitializeOnLoad (1ms)
			EditorAssembliesLoaded (0ms)
		ExecutionOrderSort2 (0ms)
		AwakeInstancesAfterBackupRestoration (2ms)
Refreshing native plugins compatible for Editor in 0.37 ms, found 3 plugins.
Preloading 0 native plugins for Editor in 0.00 ms.
Unloading 0 Unused Serialized files (Serialized files now loaded: 0)
Unloading 3585 unused Assets / (1.0 MB). Loaded Objects now: 4186.
Memory consumption went from 96.5 MB to 95.6 MB.
Total: 3.927500 ms (FindLiveObjects: 0.184292 ms CreateObjectMapping: 0.066541 ms MarkObjects: 3.212000 ms  DeleteObjects: 0.464250 ms)

Prepare: number of updated asset objects reloaded= 0
========================================================================
Received Import Request.
  Time since last request: 17.628767 seconds.
  path: Assets/Prefabs/NetworkPlayer.prefab
  artifactKey: Guid(be325f5d22074694ab71970cc11c1b98) Importer(815301076,1909f56bfc062723c751e8b465ee728b)
Start importing Assets/Prefabs/NetworkPlayer.prefab using Guid(be325f5d22074694ab71970cc11c1b98) Importer(815301076,1909f56bfc062723c751e8b465ee728b) (PreviewImporter) -> (artifact id: '76d2f813c32a18a9a3bb1013378dd2c3') in 0.104274667 seconds
Number of updated asset objects reloaded before import = 0Number of asset objects unloaded after import = 406

========================================================================
Received Import Request.
  Time since last request: 2.913693 seconds.
  path: Assets/Prefabs/NetworkPlayer.prefab
  artifactKey: Guid(be325f5d22074694ab71970cc11c1b98) Importer(815301076,1909f56bfc062723c751e8b465ee728b)
Start importing Assets/Prefabs/NetworkPlayer.prefab using Guid(be325f5d22074694ab71970cc11c1b98) Importer(815301076,1909f56bfc062723c751e8b465ee728b) (PreviewImporter) -> (artifact id: 'a7b24724085209f8e1a181e8df00e793') in 0.064597292 seconds
Number of updated asset objects reloaded before import = 0Number of asset objects unloaded after import = 406

========================================================================
Received Import Request.
  Time since last request: 2.936282 seconds.
  path: Assets/Prefabs/NetworkPlayer.prefab
  artifactKey: Guid(be325f5d22074694ab71970cc11c1b98) Importer(815301076,1909f56bfc062723c751e8b465ee728b)
Start importing Assets/Prefabs/NetworkPlayer.prefab using Guid(be325f5d22074694ab71970cc11c1b98) Importer(815301076,1909f56bfc062723c751e8b465ee728b) (PreviewImporter) -> (artifact id: '15930061f8e34239895cc0ef8f28bc61') in 0.060874708 seconds
Number of updated asset objects reloaded before import = 0Number of asset objects unloaded after import = 406

========================================================================
Received Prepare
Begin MonoManager ReloadAssembly
Thread 0x16bb0f000 may have been prematurely finalized
- Loaded All Assemblies, in  0.297 seconds
Script 'CharacterController' has the same name as built-in Unity component.
AddComponent and GetComponent will not work with this script.
OnLevelWasLoaded was found on UserPrefs
This message has been deprecated and will be removed in a later version of Unity.
Add a delegate to SceneManager.sceneLoaded instead to get notifications after scene loading has completed
Refreshing native plugins compatible for Editor in 0.46 ms, found 3 plugins.
OnLevelWasLoaded was found on UserPrefs
This message has been deprecated and will be removed in a later version of Unity.
Add a delegate to SceneManager.sceneLoaded instead to get notifications after scene loading has completed
Native extension for OSXStandalone target not found
[Package Manager] Failed to launch server process. Reason: Unity was launched with the -noUpm command-line argument
[Package Manager] Unable to send message (not connected to server process).
[Package Manager] Cannot connect to Unity Package Manager local server
Mono: successfully reloaded assembly
- Finished resetting the current domain, in  0.332 seconds
Domain Reload Profiling: 630ms
	BeginReloadAssembly (100ms)
		ExecutionOrderSort (0ms)
		DisableScriptedObjects (7ms)
		BackupInstance (0ms)
		ReleaseScriptingObjects (0ms)
		CreateAndSetChildDomain (36ms)
	RebuildCommonClasses (23ms)
	RebuildNativeTypeToScriptingClass (8ms)
	initialDomainReloadingComplete (12ms)
	LoadAllAssembliesAndSetupDomain (155ms)
		LoadAssemblies (114ms)
		RebuildTransferFunctionScriptingTraits (0ms)
		AnalyzeDomain (68ms)
			TypeCache.Refresh (4ms)
				TypeCache.ScanAssembly (0ms)
			BuildScriptInfoCaches (60ms)
			ResolveRequiredComponents (3ms)
	FinalizeReload (332ms)
		ReleaseScriptCaches (0ms)
		RebuildScriptCaches (0ms)
		SetupLoadedEditorAssemblies (269ms)
			LogAssemblyErrors (0ms)
			InitializePlatformSupportModulesInManaged (1ms)
			SetLoadedEditorAssemblies (2ms)
			BeforeProcessingInitializeOnLoad (59ms)
			ProcessInitializeOnLoadAttributes (181ms)
			ProcessInitializeOnLoadMethodAttributes (25ms)
			AfterProcessingInitializeOnLoad (1ms)
			EditorAssembliesLoaded (0ms)
		ExecutionOrderSort2 (0ms)
		AwakeInstancesAfterBackupRestoration (2ms)
Refreshing native plugins compatible for Editor in 0.39 ms, found 3 plugins.
Preloading 0 native plugins for Editor in 0.00 ms.
Unloading 0 Unused Serialized files (Serialized files now loaded: 0)
Unloading 3585 unused Assets / (0.8 MB). Loaded Objects now: 4188.
Memory consumption went from 96.6 MB to 95.8 MB.
Total: 4.043250 ms (FindLiveObjects: 0.162583 ms CreateObjectMapping: 0.069333 ms MarkObjects: 3.406584 ms  DeleteObjects: 0.404292 ms)

Prepare: number of updated asset objects reloaded= 0
========================================================================
Received Prepare
Begin MonoManager ReloadAssembly
[Licensing::Client] Successfully resolved entitlement details
[Licensing::Module] License group:
  Id: SC-Z3YQ-WUSF-P4AN-EAMM-XXXX
  Product: Unity Pro
  Type: ULF
  Expiration: 2026-06-16T00:00:00Z
[Licensing::Module] License group:
  Id: 7972300754960-playvalve-UnityGamesPrXXXX
  Product: Unity Enterprise
  Type: Assigned
  Expiration: 2026-06-10T00:00:00Z
Thread 0x16bb0f000 may have been prematurely finalized
- Loaded All Assemblies, in  0.317 seconds
Script 'CharacterController' has the same name as built-in Unity component.
AddComponent and GetComponent will not work with this script.
OnLevelWasLoaded was found on UserPrefs
This message has been deprecated and will be removed in a later version of Unity.
Add a delegate to SceneManager.sceneLoaded instead to get notifications after scene loading has completed
Refreshing native plugins compatible for Editor in 0.32 ms, found 3 plugins.
OnLevelWasLoaded was found on UserPrefs
This message has been deprecated and will be removed in a later version of Unity.
Add a delegate to SceneManager.sceneLoaded instead to get notifications after scene loading has completed
Native extension for OSXStandalone target not found
[Package Manager] Failed to launch server process. Reason: Unity was launched with the -noUpm command-line argument
[Package Manager] Unable to send message (not connected to server process).
[Package Manager] Cannot connect to Unity Package Manager local server
Mono: successfully reloaded assembly
- Finished resetting the current domain, in  0.343 seconds
Domain Reload Profiling: 660ms
	BeginReloadAssembly (102ms)
		ExecutionOrderSort (0ms)
		DisableScriptedObjects (7ms)
		BackupInstance (0ms)
		ReleaseScriptingObjects (0ms)
		CreateAndSetChildDomain (36ms)
	RebuildCommonClasses (24ms)
	RebuildNativeTypeToScriptingClass (9ms)
	initialDomainReloadingComplete (13ms)
	LoadAllAssembliesAndSetupDomain (169ms)
		LoadAssemblies (124ms)
		RebuildTransferFunctionScriptingTraits (0ms)
		AnalyzeDomain (73ms)
			TypeCache.Refresh (5ms)
				TypeCache.ScanAssembly (0ms)
			BuildScriptInfoCaches (64ms)
			ResolveRequiredComponents (3ms)
	FinalizeReload (343ms)
		ReleaseScriptCaches (0ms)
		RebuildScriptCaches (0ms)
		SetupLoadedEditorAssemblies (282ms)
			LogAssemblyErrors (0ms)
			InitializePlatformSupportModulesInManaged (1ms)
			SetLoadedEditorAssemblies (2ms)
			BeforeProcessingInitializeOnLoad (65ms)
			ProcessInitializeOnLoadAttributes (187ms)
			ProcessInitializeOnLoadMethodAttributes (25ms)
			AfterProcessingInitializeOnLoad (1ms)
			EditorAssembliesLoaded (0ms)
		ExecutionOrderSort2 (0ms)
		AwakeInstancesAfterBackupRestoration (2ms)
Refreshing native plugins compatible for Editor in 0.46 ms, found 3 plugins.
Preloading 0 native plugins for Editor in 0.00 ms.
Unloading 0 Unused Serialized files (Serialized files now loaded: 0)
Unloading 3582 unused Assets / (0.7 MB). Loaded Objects now: 4190.
Memory consumption went from 96.5 MB to 95.8 MB.
Total: 4.601542 ms (FindLiveObjects: 0.172709 ms CreateObjectMapping: 0.071375 ms MarkObjects: 3.845541 ms  DeleteObjects: 0.511375 ms)

Prepare: number of updated asset objects reloaded= 0
========================================================================
Received Prepare
Begin MonoManager ReloadAssembly
Thread 0x16bb0f000 may have been prematurely finalized
- Loaded All Assemblies, in  0.312 seconds
Script 'CharacterController' has the same name as built-in Unity component.
AddComponent and GetComponent will not work with this script.
OnLevelWasLoaded was found on UserPrefs
This message has been deprecated and will be removed in a later version of Unity.
Add a delegate to SceneManager.sceneLoaded instead to get notifications after scene loading has completed
Refreshing native plugins compatible for Editor in 0.31 ms, found 3 plugins.
OnLevelWasLoaded was found on UserPrefs
This message has been deprecated and will be removed in a later version of Unity.
Add a delegate to SceneManager.sceneLoaded instead to get notifications after scene loading has completed
Native extension for OSXStandalone target not found
[Package Manager] Failed to launch server process. Reason: Unity was launched with the -noUpm command-line argument
[Package Manager] Unable to send message (not connected to server process).
[Package Manager] Cannot connect to Unity Package Manager local server
Mono: successfully reloaded assembly
- Finished resetting the current domain, in  0.327 seconds
Domain Reload Profiling: 640ms
	BeginReloadAssembly (106ms)
		ExecutionOrderSort (0ms)
		DisableScriptedObjects (7ms)
		BackupInstance (0ms)
		ReleaseScriptingObjects (0ms)
		CreateAndSetChildDomain (40ms)
	RebuildCommonClasses (24ms)
	RebuildNativeTypeToScriptingClass (9ms)
	initialDomainReloadingComplete (12ms)
	LoadAllAssembliesAndSetupDomain (163ms)
		LoadAssemblies (119ms)
		RebuildTransferFunctionScriptingTraits (0ms)
		AnalyzeDomain (72ms)
			TypeCache.Refresh (4ms)
				TypeCache.ScanAssembly (0ms)
			BuildScriptInfoCaches (63ms)
			ResolveRequiredComponents (3ms)
	FinalizeReload (327ms)
		ReleaseScriptCaches (0ms)
		RebuildScriptCaches (0ms)
		SetupLoadedEditorAssemblies (268ms)
			LogAssemblyErrors (0ms)
			InitializePlatformSupportModulesInManaged (1ms)
			SetLoadedEditorAssemblies (2ms)
			BeforeProcessingInitializeOnLoad (62ms)
			ProcessInitializeOnLoadAttributes (177ms)
			ProcessInitializeOnLoadMethodAttributes (25ms)
			AfterProcessingInitializeOnLoad (1ms)
			EditorAssembliesLoaded (0ms)
		ExecutionOrderSort2 (0ms)
		AwakeInstancesAfterBackupRestoration (2ms)
Refreshing native plugins compatible for Editor in 0.37 ms, found 3 plugins.
Preloading 0 native plugins for Editor in 0.00 ms.
Unloading 0 Unused Serialized files (Serialized files now loaded: 0)
Unloading 3582 unused Assets / (0.8 MB). Loaded Objects now: 4192.
Memory consumption went from 96.6 MB to 95.8 MB.
Total: 4.067667 ms (FindLiveObjects: 0.180791 ms CreateObjectMapping: 0.094000 ms MarkObjects: 3.387917 ms  DeleteObjects: 0.404625 ms)

Prepare: number of updated asset objects reloaded= 0
========================================================================
Received Prepare
Begin MonoManager ReloadAssembly
[Licensing::Client] Successfully resolved entitlement details
[Licensing::Module] License group:
  Id: SC-Z3YQ-WUSF-P4AN-EAMM-XXXX
  Product: Unity Pro
  Type: ULF
  Expiration: 2026-06-16T00:00:00Z
[Licensing::Module] License group:
  Id: 7972300754960-playvalve-UnityGamesPrXXXX
  Product: Unity Enterprise
  Type: Assigned
  Expiration: 2026-06-10T00:00:00Z
Thread 0x16bb0f000 may have been prematurely finalized
- Loaded All Assemblies, in  0.297 seconds
Script 'CharacterController' has the same name as built-in Unity component.
AddComponent and GetComponent will not work with this script.
OnLevelWasLoaded was found on UserPrefs
This message has been deprecated and will be removed in a later version of Unity.
Add a delegate to SceneManager.sceneLoaded instead to get notifications after scene loading has completed
Refreshing native plugins compatible for Editor in 0.32 ms, found 3 plugins.
OnLevelWasLoaded was found on UserPrefs
This message has been deprecated and will be removed in a later version of Unity.
Add a delegate to SceneManager.sceneLoaded instead to get notifications after scene loading has completed
Native extension for OSXStandalone target not found
[Package Manager] Failed to launch server process. Reason: Unity was launched with the -noUpm command-line argument
[Package Manager] Unable to send message (not connected to server process).
[Package Manager] Cannot connect to Unity Package Manager local server
Mono: successfully reloaded assembly
- Finished resetting the current domain, in  0.326 seconds
Domain Reload Profiling: 625ms
	BeginReloadAssembly (102ms)
		ExecutionOrderSort (0ms)
		DisableScriptedObjects (6ms)
		BackupInstance (0ms)
		ReleaseScriptingObjects (0ms)
		CreateAndSetChildDomain (37ms)
	RebuildCommonClasses (23ms)
	RebuildNativeTypeToScriptingClass (9ms)
	initialDomainReloadingComplete (11ms)
	LoadAllAssembliesAndSetupDomain (154ms)
		LoadAssemblies (114ms)
		RebuildTransferFunctionScriptingTraits (0ms)
		AnalyzeDomain (67ms)
			TypeCache.Refresh (4ms)
				TypeCache.ScanAssembly (0ms)
			BuildScriptInfoCaches (59ms)
			ResolveRequiredComponents (3ms)
	FinalizeReload (327ms)
		ReleaseScriptCaches (0ms)
		RebuildScriptCaches (0ms)
		SetupLoadedEditorAssemblies (266ms)
			LogAssemblyErrors (0ms)
			InitializePlatformSupportModulesInManaged (1ms)
			SetLoadedEditorAssemblies (2ms)
			BeforeProcessingInitializeOnLoad (60ms)
			ProcessInitializeOnLoadAttributes (176ms)
			ProcessInitializeOnLoadMethodAttributes (26ms)
			AfterProcessingInitializeOnLoad (1ms)
			EditorAssembliesLoaded (0ms)
		ExecutionOrderSort2 (0ms)
		AwakeInstancesAfterBackupRestoration (2ms)
Refreshing native plugins compatible for Editor in 0.34 ms, found 3 plugins.
Preloading 0 native plugins for Editor in 0.00 ms.
Unloading 0 Unused Serialized files (Serialized files now loaded: 0)
Unloading 3582 unused Assets / (0.8 MB). Loaded Objects now: 4194.
Memory consumption went from 96.6 MB to 95.8 MB.
Total: 4.217500 ms (FindLiveObjects: 0.166750 ms CreateObjectMapping: 0.087625 ms MarkObjects: 3.571875 ms  DeleteObjects: 0.390834 ms)

Prepare: number of updated asset objects reloaded= 0
========================================================================
Received Prepare
Begin MonoManager ReloadAssembly
Thread 0x16bb0f000 may have been prematurely finalized
- Loaded All Assemblies, in  0.293 seconds
Script 'CharacterController' has the same name as built-in Unity component.
AddComponent and GetComponent will not work with this script.
OnLevelWasLoaded was found on UserPrefs
This message has been deprecated and will be removed in a later version of Unity.
Add a delegate to SceneManager.sceneLoaded instead to get notifications after scene loading has completed
Refreshing native plugins compatible for Editor in 0.32 ms, found 3 plugins.
OnLevelWasLoaded was found on UserPrefs
This message has been deprecated and will be removed in a later version of Unity.
Add a delegate to SceneManager.sceneLoaded instead to get notifications after scene loading has completed
Native extension for OSXStandalone target not found
[Package Manager] Failed to launch server process. Reason: Unity was launched with the -noUpm command-line argument
[Package Manager] Unable to send message (not connected to server process).
[Package Manager] Cannot connect to Unity Package Manager local server
Mono: successfully reloaded assembly
- Finished resetting the current domain, in  0.325 seconds
Domain Reload Profiling: 618ms
	BeginReloadAssembly (98ms)
		ExecutionOrderSort (0ms)
		DisableScriptedObjects (7ms)
		BackupInstance (0ms)
		ReleaseScriptingObjects (0ms)
		CreateAndSetChildDomain (35ms)
	RebuildCommonClasses (23ms)
	RebuildNativeTypeToScriptingClass (8ms)
	initialDomainReloadingComplete (11ms)
	LoadAllAssembliesAndSetupDomain (153ms)
		LoadAssemblies (112ms)
		RebuildTransferFunctionScriptingTraits (0ms)
		AnalyzeDomain (68ms)
			TypeCache.Refresh (4ms)
				TypeCache.ScanAssembly (0ms)
			BuildScriptInfoCaches (59ms)
			ResolveRequiredComponents (3ms)
	FinalizeReload (325ms)
		ReleaseScriptCaches (0ms)
		RebuildScriptCaches (0ms)
		SetupLoadedEditorAssemblies (265ms)
			LogAssemblyErrors (0ms)
			InitializePlatformSupportModulesInManaged (1ms)
			SetLoadedEditorAssemblies (2ms)
			BeforeProcessingInitializeOnLoad (59ms)
			ProcessInitializeOnLoadAttributes (177ms)
			ProcessInitializeOnLoadMethodAttributes (25ms)
			AfterProcessingInitializeOnLoad (1ms)
			EditorAssembliesLoaded (0ms)
		ExecutionOrderSort2 (0ms)
		AwakeInstancesAfterBackupRestoration (2ms)
Refreshing native plugins compatible for Editor in 0.34 ms, found 3 plugins.
Preloading 0 native plugins for Editor in 0.00 ms.
Unloading 0 Unused Serialized files (Serialized files now loaded: 0)
Unloading 3582 unused Assets / (0.7 MB). Loaded Objects now: 4196.
Memory consumption went from 96.6 MB to 95.8 MB.
Total: 4.183292 ms (FindLiveObjects: 0.156667 ms CreateObjectMapping: 0.082333 ms MarkObjects: 3.555666 ms  DeleteObjects: 0.388208 ms)

Prepare: number of updated asset objects reloaded= 0
========================================================================
Received Prepare
Begin MonoManager ReloadAssembly
Thread 0x16bb0f000 may have been prematurely finalized
- Loaded All Assemblies, in  0.301 seconds
Script 'CharacterController' has the same name as built-in Unity component.
AddComponent and GetComponent will not work with this script.
OnLevelWasLoaded was found on UserPrefs
This message has been deprecated and will be removed in a later version of Unity.
Add a delegate to SceneManager.sceneLoaded instead to get notifications after scene loading has completed
Refreshing native plugins compatible for Editor in 0.31 ms, found 3 plugins.
OnLevelWasLoaded was found on UserPrefs
This message has been deprecated and will be removed in a later version of Unity.
Add a delegate to SceneManager.sceneLoaded instead to get notifications after scene loading has completed
Native extension for OSXStandalone target not found
[Package Manager] Failed to launch server process. Reason: Unity was launched with the -noUpm command-line argument
[Package Manager] Unable to send message (not connected to server process).
[Package Manager] Cannot connect to Unity Package Manager local server
Mono: successfully reloaded assembly
- Finished resetting the current domain, in  0.325 seconds
Domain Reload Profiling: 627ms
	BeginReloadAssembly (104ms)
		ExecutionOrderSort (0ms)
		DisableScriptedObjects (7ms)
		BackupInstance (0ms)
		ReleaseScriptingObjects (0ms)
		CreateAndSetChildDomain (38ms)
	RebuildCommonClasses (24ms)
	RebuildNativeTypeToScriptingClass (9ms)
	initialDomainReloadingComplete (12ms)
	LoadAllAssembliesAndSetupDomain (154ms)
		LoadAssemblies (116ms)
		RebuildTransferFunctionScriptingTraits (0ms)
		AnalyzeDomain (67ms)
			TypeCache.Refresh (4ms)
				TypeCache.ScanAssembly (0ms)
			BuildScriptInfoCaches (59ms)
			ResolveRequiredComponents (3ms)
	FinalizeReload (325ms)
		ReleaseScriptCaches (0ms)
		RebuildScriptCaches (0ms)
		SetupLoadedEditorAssemblies (265ms)
			LogAssemblyErrors (0ms)
			InitializePlatformSupportModulesInManaged (1ms)
			SetLoadedEditorAssemblies (2ms)
			BeforeProcessingInitializeOnLoad (59ms)
			ProcessInitializeOnLoadAttributes (177ms)
			ProcessInitializeOnLoadMethodAttributes (25ms)
			AfterProcessingInitializeOnLoad (1ms)
			EditorAssembliesLoaded (0ms)
		ExecutionOrderSort2 (0ms)
		AwakeInstancesAfterBackupRestoration (2ms)
Refreshing native plugins compatible for Editor in 0.35 ms, found 3 plugins.
Preloading 0 native plugins for Editor in 0.00 ms.
Unloading 0 Unused Serialized files (Serialized files now loaded: 0)
Unloading 3582 unused Assets / (0.8 MB). Loaded Objects now: 4198.
Memory consumption went from 96.6 MB to 95.8 MB.
Total: 4.084208 ms (FindLiveObjects: 0.167334 ms CreateObjectMapping: 0.091667 ms MarkObjects: 3.443833 ms  DeleteObjects: 0.380875 ms)

Prepare: number of updated asset objects reloaded= 0
========================================================================
Received Prepare
Begin MonoManager ReloadAssembly
Thread 0x16bb0f000 may have been prematurely finalized
- Loaded All Assemblies, in  0.296 seconds
Script 'CharacterController' has the same name as built-in Unity component.
AddComponent and GetComponent will not work with this script.
OnLevelWasLoaded was found on UserPrefs
This message has been deprecated and will be removed in a later version of Unity.
Add a delegate to SceneManager.sceneLoaded instead to get notifications after scene loading has completed
Refreshing native plugins compatible for Editor in 0.31 ms, found 3 plugins.
OnLevelWasLoaded was found on UserPrefs
This message has been deprecated and will be removed in a later version of Unity.
Add a delegate to SceneManager.sceneLoaded instead to get notifications after scene loading has completed
Native extension for OSXStandalone target not found
[Package Manager] Failed to launch server process. Reason: Unity was launched with the -noUpm command-line argument
[Package Manager] Unable to send message (not connected to server process).
[Package Manager] Cannot connect to Unity Package Manager local server
Mono: successfully reloaded assembly
- Finished resetting the current domain, in  0.331 seconds
Domain Reload Profiling: 627ms
	BeginReloadAssembly (100ms)
		ExecutionOrderSort (0ms)
		DisableScriptedObjects (7ms)
		BackupInstance (0ms)
		ReleaseScriptingObjects (0ms)
		CreateAndSetChildDomain (37ms)
	RebuildCommonClasses (23ms)
	RebuildNativeTypeToScriptingClass (9ms)
	initialDomainReloadingComplete (11ms)
	LoadAllAssembliesAndSetupDomain (153ms)
		LoadAssemblies (113ms)
		RebuildTransferFunctionScriptingTraits (0ms)
		AnalyzeDomain (68ms)
			TypeCache.Refresh (4ms)
				TypeCache.ScanAssembly (0ms)
			BuildScriptInfoCaches (59ms)
			ResolveRequiredComponents (3ms)
	FinalizeReload (331ms)
		ReleaseScriptCaches (0ms)
		RebuildScriptCaches (0ms)
		SetupLoadedEditorAssemblies (271ms)
			LogAssemblyErrors (0ms)
			InitializePlatformSupportModulesInManaged (1ms)
			SetLoadedEditorAssemblies (2ms)
			BeforeProcessingInitializeOnLoad (61ms)
			ProcessInitializeOnLoadAttributes (182ms)
			ProcessInitializeOnLoadMethodAttributes (25ms)
			AfterProcessingInitializeOnLoad (1ms)
			EditorAssembliesLoaded (0ms)
		ExecutionOrderSort2 (0ms)
		AwakeInstancesAfterBackupRestoration (2ms)
Refreshing native plugins compatible for Editor in 0.33 ms, found 3 plugins.
Preloading 0 native plugins for Editor in 0.00 ms.
Unloading 0 Unused Serialized files (Serialized files now loaded: 0)
Unloading 3582 unused Assets / (0.8 MB). Loaded Objects now: 4200.
Memory consumption went from 96.6 MB to 95.8 MB.
Total: 4.203292 ms (FindLiveObjects: 0.167250 ms CreateObjectMapping: 0.088250 ms MarkObjects: 3.536083 ms  DeleteObjects: 0.411250 ms)

Prepare: number of updated asset objects reloaded= 0
========================================================================
Received Prepare
Begin MonoManager ReloadAssembly
[Licensing::Client] Successfully resolved entitlement details
[Licensing::Module] License group:
  Id: SC-Z3YQ-WUSF-P4AN-EAMM-XXXX
  Product: Unity Pro
  Type: ULF
  Expiration: 2026-06-16T00:00:00Z
[Licensing::Module] License group:
  Id: 7972300754960-playvalve-UnityGamesPrXXXX
  Product: Unity Enterprise
  Type: Assigned
  Expiration: 2026-06-10T00:00:00Z
Thread 0x16bb0f000 may have been prematurely finalized
- Loaded All Assemblies, in  0.307 seconds
Script 'CharacterController' has the same name as built-in Unity component.
AddComponent and GetComponent will not work with this script.
OnLevelWasLoaded was found on UserPrefs
This message has been deprecated and will be removed in a later version of Unity.
Add a delegate to SceneManager.sceneLoaded instead to get notifications after scene loading has completed
Refreshing native plugins compatible for Editor in 0.32 ms, found 3 plugins.
OnLevelWasLoaded was found on UserPrefs
This message has been deprecated and will be removed in a later version of Unity.
Add a delegate to SceneManager.sceneLoaded instead to get notifications after scene loading has completed
Native extension for OSXStandalone target not found
[Package Manager] Failed to launch server process. Reason: Unity was launched with the -noUpm command-line argument
[Package Manager] Unable to send message (not connected to server process).
[Package Manager] Cannot connect to Unity Package Manager local server
Mono: successfully reloaded assembly
- Finished resetting the current domain, in  0.338 seconds
Domain Reload Profiling: 645ms
	BeginReloadAssembly (103ms)
		ExecutionOrderSort (0ms)
		DisableScriptedObjects (7ms)
		BackupInstance (0ms)
		ReleaseScriptingObjects (0ms)
		CreateAndSetChildDomain (37ms)
	RebuildCommonClasses (24ms)
	RebuildNativeTypeToScriptingClass (9ms)
	initialDomainReloadingComplete (12ms)
	LoadAllAssembliesAndSetupDomain (160ms)
		LoadAssemblies (118ms)
		RebuildTransferFunctionScriptingTraits (0ms)
		AnalyzeDomain (70ms)
			TypeCache.Refresh (4ms)
				TypeCache.ScanAssembly (0ms)
			BuildScriptInfoCaches (62ms)
			ResolveRequiredComponents (3ms)
	FinalizeReload (338ms)
		ReleaseScriptCaches (0ms)
		RebuildScriptCaches (0ms)
		SetupLoadedEditorAssemblies (279ms)
			LogAssemblyErrors (0ms)
			InitializePlatformSupportModulesInManaged (1ms)
			SetLoadedEditorAssemblies (2ms)
			BeforeProcessingInitializeOnLoad (64ms)
			ProcessInitializeOnLoadAttributes (184ms)
			ProcessInitializeOnLoadMethodAttributes (27ms)
			AfterProcessingInitializeOnLoad (1ms)
			EditorAssembliesLoaded (0ms)
		ExecutionOrderSort2 (0ms)
		AwakeInstancesAfterBackupRestoration (2ms)
Refreshing native plugins compatible for Editor in 0.38 ms, found 3 plugins.
Preloading 0 native plugins for Editor in 0.00 ms.
Unloading 0 Unused Serialized files (Serialized files now loaded: 0)
Unloading 3582 unused Assets / (0.6 MB). Loaded Objects now: 4202.
Memory consumption went from 96.6 MB to 96.0 MB.
Total: 4.361375 ms (FindLiveObjects: 0.165042 ms CreateObjectMapping: 0.068417 ms MarkObjects: 3.676916 ms  DeleteObjects: 0.450667 ms)

Prepare: number of updated asset objects reloaded= 0
========================================================================
Received Import Request.
  Time since last request: 624.654392 seconds.
  path: Assets/Animations/Player/Player.controller
  artifactKey: Guid(1d3107b1caf6417419ef1d9fc597688c) Importer(815301076,1909f56bfc062723c751e8b465ee728b)
Start importing Assets/Animations/Player/Player.controller using Guid(1d3107b1caf6417419ef1d9fc597688c) Importer(815301076,1909f56bfc062723c751e8b465ee728b) (PreviewImporter) -> (artifact id: 'e98adb5a3d6248cf46873d86de0401c1') in 0.0262 seconds
Number of updated asset objects reloaded before import = 0Number of asset objects unloaded after import = 81

========================================================================
Received Prepare
Begin MonoManager ReloadAssembly
[Licensing::Client] Successfully resolved entitlement details
[Licensing::Module] License group:
  Id: SC-Z3YQ-WUSF-P4AN-EAMM-XXXX
  Product: Unity Pro
  Type: ULF
  Expiration: 2026-06-16T00:00:00Z
[Licensing::Module] License group:
  Id: 7972300754960-playvalve-UnityGamesPrXXXX
  Product: Unity Enterprise
  Type: Assigned
  Expiration: 2026-06-10T00:00:00Z
Thread 0x16bb0f000 may have been prematurely finalized
- Loaded All Assemblies, in  0.318 seconds
Script 'CharacterController' has the same name as built-in Unity component.
AddComponent and GetComponent will not work with this script.
OnLevelWasLoaded was found on UserPrefs
This message has been deprecated and will be removed in a later version of Unity.
Add a delegate to SceneManager.sceneLoaded instead to get notifications after scene loading has completed
Refreshing native plugins compatible for Editor in 0.37 ms, found 3 plugins.
OnLevelWasLoaded was found on UserPrefs
This message has been deprecated and will be removed in a later version of Unity.
Add a delegate to SceneManager.sceneLoaded instead to get notifications after scene loading has completed
Native extension for OSXStandalone target not found
[Package Manager] Failed to launch server process. Reason: Unity was launched with the -noUpm command-line argument
[Package Manager] Unable to send message (not connected to server process).
[Package Manager] Cannot connect to Unity Package Manager local server
Mono: successfully reloaded assembly
- Finished resetting the current domain, in  0.363 seconds
Domain Reload Profiling: 683ms
	BeginReloadAssembly (108ms)
		ExecutionOrderSort (0ms)
		DisableScriptedObjects (8ms)
		BackupInstance (0ms)
		ReleaseScriptingObjects (0ms)
		CreateAndSetChildDomain (39ms)
	RebuildCommonClasses (26ms)
	RebuildNativeTypeToScriptingClass (9ms)
	initialDomainReloadingComplete (13ms)
	LoadAllAssembliesAndSetupDomain (163ms)
		LoadAssemblies (123ms)
		RebuildTransferFunctionScriptingTraits (0ms)
		AnalyzeDomain (70ms)
			TypeCache.Refresh (5ms)
				TypeCache.ScanAssembly (1ms)
			BuildScriptInfoCaches (60ms)
			ResolveRequiredComponents (3ms)
	FinalizeReload (363ms)
		ReleaseScriptCaches (0ms)
		RebuildScriptCaches (0ms)
		SetupLoadedEditorAssemblies (301ms)
			LogAssemblyErrors (0ms)
			InitializePlatformSupportModulesInManaged (1ms)
			SetLoadedEditorAssemblies (2ms)
			BeforeProcessingInitializeOnLoad (67ms)
			ProcessInitializeOnLoadAttributes (202ms)
			ProcessInitializeOnLoadMethodAttributes (28ms)
			AfterProcessingInitializeOnLoad (1ms)
			EditorAssembliesLoaded (0ms)
		ExecutionOrderSort2 (0ms)
		AwakeInstancesAfterBackupRestoration (2ms)
Refreshing native plugins compatible for Editor in 0.42 ms, found 3 plugins.
Preloading 0 native plugins for Editor in 0.00 ms.
Unloading 0 Unused Serialized files (Serialized files now loaded: 0)
Unloading 3582 unused Assets / (0.8 MB). Loaded Objects now: 4204.
Memory consumption went from 96.6 MB to 95.8 MB.
Total: 4.254625 ms (FindLiveObjects: 0.164375 ms CreateObjectMapping: 0.065292 ms MarkObjects: 3.604625 ms  DeleteObjects: 0.419833 ms)

Prepare: number of updated asset objects reloaded= 0
========================================================================
Received Prepare
Begin MonoManager ReloadAssembly
Thread 0x16bb0f000 may have been prematurely finalized
- Loaded All Assemblies, in  0.308 seconds
Script 'CharacterController' has the same name as built-in Unity component.
AddComponent and GetComponent will not work with this script.
OnLevelWasLoaded was found on UserPrefs
This message has been deprecated and will be removed in a later version of Unity.
Add a delegate to SceneManager.sceneLoaded instead to get notifications after scene loading has completed
Refreshing native plugins compatible for Editor in 0.31 ms, found 3 plugins.
OnLevelWasLoaded was found on UserPrefs
This message has been deprecated and will be removed in a later version of Unity.
Add a delegate to SceneManager.sceneLoaded instead to get notifications after scene loading has completed
Native extension for OSXStandalone target not found
[Package Manager] Failed to launch server process. Reason: Unity was launched with the -noUpm command-line argument
[Package Manager] Unable to send message (not connected to server process).
[Package Manager] Cannot connect to Unity Package Manager local server
Mono: successfully reloaded assembly
- Finished resetting the current domain, in  0.333 seconds
Domain Reload Profiling: 643ms
	BeginReloadAssembly (103ms)
		ExecutionOrderSort (0ms)
		DisableScriptedObjects (7ms)
		BackupInstance (0ms)
		ReleaseScriptingObjects (0ms)
		CreateAndSetChildDomain (38ms)
	RebuildCommonClasses (24ms)
	RebuildNativeTypeToScriptingClass (9ms)
	initialDomainReloadingComplete (12ms)
	LoadAllAssembliesAndSetupDomain (161ms)
		LoadAssemblies (119ms)
		RebuildTransferFunctionScriptingTraits (0ms)
		AnalyzeDomain (71ms)
			TypeCache.Refresh (4ms)
				TypeCache.ScanAssembly (0ms)
			BuildScriptInfoCaches (62ms)
			ResolveRequiredComponents (3ms)
	FinalizeReload (334ms)
		ReleaseScriptCaches (0ms)
		RebuildScriptCaches (0ms)
		SetupLoadedEditorAssemblies (275ms)
			LogAssemblyErrors (0ms)
			InitializePlatformSupportModulesInManaged (1ms)
			SetLoadedEditorAssemblies (2ms)
			BeforeProcessingInitializeOnLoad (64ms)
			ProcessInitializeOnLoadAttributes (182ms)
			ProcessInitializeOnLoadMethodAttributes (26ms)
			AfterProcessingInitializeOnLoad (1ms)
			EditorAssembliesLoaded (0ms)
		ExecutionOrderSort2 (0ms)
		AwakeInstancesAfterBackupRestoration (2ms)
Refreshing native plugins compatible for Editor in 0.37 ms, found 3 plugins.
Preloading 0 native plugins for Editor in 0.00 ms.
Unloading 0 Unused Serialized files (Serialized files now loaded: 0)
Unloading 3582 unused Assets / (0.8 MB). Loaded Objects now: 4206.
Memory consumption went from 96.5 MB to 95.7 MB.
Total: 4.327166 ms (FindLiveObjects: 0.174542 ms CreateObjectMapping: 0.073833 ms MarkObjects: 3.683667 ms  DeleteObjects: 0.394791 ms)

Prepare: number of updated asset objects reloaded= 0
========================================================================
Received Prepare
Begin MonoManager ReloadAssembly
[Licensing::Client] Successfully resolved entitlement details
[Licensing::Module] License group:
  Id: SC-Z3YQ-WUSF-P4AN-EAMM-XXXX
  Product: Unity Pro
  Type: ULF
  Expiration: 2026-06-16T00:00:00Z
[Licensing::Module] License group:
  Id: 7972300754960-playvalve-UnityGamesPrXXXX
  Product: Unity Enterprise
  Type: Assigned
  Expiration: 2026-06-10T00:00:00Z
Thread 0x16bb0f000 may have been prematurely finalized
- Loaded All Assemblies, in  0.318 seconds
Script 'CharacterController' has the same name as built-in Unity component.
AddComponent and GetComponent will not work with this script.
OnLevelWasLoaded was found on UserPrefs
This message has been deprecated and will be removed in a later version of Unity.
Add a delegate to SceneManager.sceneLoaded instead to get notifications after scene loading has completed
Refreshing native plugins compatible for Editor in 0.31 ms, found 3 plugins.
OnLevelWasLoaded was found on UserPrefs
This message has been deprecated and will be removed in a later version of Unity.
Add a delegate to SceneManager.sceneLoaded instead to get notifications after scene loading has completed
Native extension for OSXStandalone target not found
[Package Manager] Failed to launch server process. Reason: Unity was launched with the -noUpm command-line argument
[Package Manager] Unable to send message (not connected to server process).
[Package Manager] Cannot connect to Unity Package Manager local server
Mono: successfully reloaded assembly
- Finished resetting the current domain, in  0.355 seconds
Domain Reload Profiling: 674ms
	BeginReloadAssembly (112ms)
		ExecutionOrderSort (0ms)
		DisableScriptedObjects (7ms)
		BackupInstance (0ms)
		ReleaseScriptingObjects (0ms)
		CreateAndSetChildDomain (42ms)
	RebuildCommonClasses (25ms)
	RebuildNativeTypeToScriptingClass (9ms)
	initialDomainReloadingComplete (12ms)
	LoadAllAssembliesAndSetupDomain (162ms)
		LoadAssemblies (122ms)
		RebuildTransferFunctionScriptingTraits (0ms)
		AnalyzeDomain (71ms)
			TypeCache.Refresh (5ms)
				TypeCache.ScanAssembly (1ms)
			BuildScriptInfoCaches (62ms)
			ResolveRequiredComponents (3ms)
	FinalizeReload (355ms)
		ReleaseScriptCaches (0ms)
		RebuildScriptCaches (0ms)
		SetupLoadedEditorAssemblies (294ms)
			LogAssemblyErrors (0ms)
			InitializePlatformSupportModulesInManaged (1ms)
			SetLoadedEditorAssemblies (2ms)
			BeforeProcessingInitializeOnLoad (65ms)
			ProcessInitializeOnLoadAttributes (197ms)
			ProcessInitializeOnLoadMethodAttributes (28ms)
			AfterProcessingInitializeOnLoad (1ms)
			EditorAssembliesLoaded (0ms)
		ExecutionOrderSort2 (0ms)
		AwakeInstancesAfterBackupRestoration (2ms)
Refreshing native plugins compatible for Editor in 0.35 ms, found 3 plugins.
Preloading 0 native plugins for Editor in 0.00 ms.
Unloading 0 Unused Serialized files (Serialized files now loaded: 0)
Unloading 3582 unused Assets / (0.8 MB). Loaded Objects now: 4208.
Memory consumption went from 96.5 MB to 95.7 MB.
Total: 4.312125 ms (FindLiveObjects: 0.169583 ms CreateObjectMapping: 0.065083 ms MarkObjects: 3.648042 ms  DeleteObjects: 0.429041 ms)

Prepare: number of updated asset objects reloaded= 0
========================================================================
Received Prepare
Begin MonoManager ReloadAssembly
Thread 0x16bb0f000 may have been prematurely finalized
- Loaded All Assemblies, in  0.301 seconds
Script 'CharacterController' has the same name as built-in Unity component.
AddComponent and GetComponent will not work with this script.
OnLevelWasLoaded was found on UserPrefs
This message has been deprecated and will be removed in a later version of Unity.
Add a delegate to SceneManager.sceneLoaded instead to get notifications after scene loading has completed
Refreshing native plugins compatible for Editor in 0.31 ms, found 3 plugins.
OnLevelWasLoaded was found on UserPrefs
This message has been deprecated and will be removed in a later version of Unity.
Add a delegate to SceneManager.sceneLoaded instead to get notifications after scene loading has completed
Native extension for OSXStandalone target not found
[Package Manager] Failed to launch server process. Reason: Unity was launched with the -noUpm command-line argument
[Package Manager] Unable to send message (not connected to server process).
[Package Manager] Cannot connect to Unity Package Manager local server
Mono: successfully reloaded assembly
- Finished resetting the current domain, in  0.330 seconds
Domain Reload Profiling: 631ms
	BeginReloadAssembly (105ms)
		ExecutionOrderSort (0ms)
		DisableScriptedObjects (7ms)
		BackupInstance (0ms)
		ReleaseScriptingObjects (0ms)
		CreateAndSetChildDomain (39ms)
	RebuildCommonClasses (23ms)
	RebuildNativeTypeToScriptingClass (8ms)
	initialDomainReloadingComplete (11ms)
	LoadAllAssembliesAndSetupDomain (153ms)
		LoadAssemblies (115ms)
		RebuildTransferFunctionScriptingTraits (0ms)
		AnalyzeDomain (67ms)
			TypeCache.Refresh (4ms)
				TypeCache.ScanAssembly (0ms)
			BuildScriptInfoCaches (59ms)
			ResolveRequiredComponents (3ms)
	FinalizeReload (330ms)
		ReleaseScriptCaches (0ms)
		RebuildScriptCaches (0ms)
		SetupLoadedEditorAssemblies (268ms)
			LogAssemblyErrors (0ms)
			InitializePlatformSupportModulesInManaged (1ms)
			SetLoadedEditorAssemblies (2ms)
			BeforeProcessingInitializeOnLoad (60ms)
			ProcessInitializeOnLoadAttributes (178ms)
			ProcessInitializeOnLoadMethodAttributes (27ms)
			AfterProcessingInitializeOnLoad (1ms)
			EditorAssembliesLoaded (0ms)
		ExecutionOrderSort2 (0ms)
		AwakeInstancesAfterBackupRestoration (2ms)
Refreshing native plugins compatible for Editor in 0.34 ms, found 3 plugins.
Preloading 0 native plugins for Editor in 0.00 ms.
Unloading 0 Unused Serialized files (Serialized files now loaded: 0)
Unloading 3582 unused Assets / (0.7 MB). Loaded Objects now: 4210.
Memory consumption went from 96.5 MB to 95.8 MB.
Total: 4.437458 ms (FindLiveObjects: 0.166583 ms CreateObjectMapping: 0.094792 ms MarkObjects: 3.766750 ms  DeleteObjects: 0.408916 ms)

Prepare: number of updated asset objects reloaded= 0
========================================================================
Received Prepare
Script 'CharacterController' has the same name as built-in Unity component.
AddComponent and GetComponent will not work with this script.
OnLevelWasLoaded was found on UserPrefs
This message has been deprecated and will be removed in a later version of Unity.
Add a delegate to SceneManager.sceneLoaded instead to get notifications after scene loading has completed
Refreshing native plugins compatible for Editor in 0.47 ms, found 3 plugins.
Preloading 0 native plugins for Editor in 0.00 ms.
Unloading 0 Unused Serialized files (Serialized files now loaded: 0)
Unloading 3571 unused Assets / (0.8 MB). Loaded Objects now: 4210.
Memory consumption went from 89.2 MB to 88.4 MB.
Total: 4.491375 ms (FindLiveObjects: 0.173500 ms CreateObjectMapping: 0.072000 ms MarkObjects: 3.847291 ms  DeleteObjects: 0.398000 ms)

Prepare: number of updated asset objects reloaded= 0
========================================================================
Received Prepare
Begin MonoManager ReloadAssembly
[Licensing::Client] Successfully resolved entitlement details
[Licensing::Module] License group:
  Id: SC-Z3YQ-WUSF-P4AN-EAMM-XXXX
  Product: Unity Pro
  Type: ULF
  Expiration: 2026-06-16T00:00:00Z
[Licensing::Module] License group:
  Id: 7972300754960-playvalve-UnityGamesPrXXXX
  Product: Unity Enterprise
  Type: Assigned
  Expiration: 2026-06-10T00:00:00Z
Thread 0x16bb0f000 may have been prematurely finalized
- Loaded All Assemblies, in  0.314 seconds
Script 'CharacterController' has the same name as built-in Unity component.
AddComponent and GetComponent will not work with this script.
OnLevelWasLoaded was found on UserPrefs
This message has been deprecated and will be removed in a later version of Unity.
Add a delegate to SceneManager.sceneLoaded instead to get notifications after scene loading has completed
Refreshing native plugins compatible for Editor in 0.40 ms, found 3 plugins.
OnLevelWasLoaded was found on UserPrefs
This message has been deprecated and will be removed in a later version of Unity.
Add a delegate to SceneManager.sceneLoaded instead to get notifications after scene loading has completed
Native extension for OSXStandalone target not found
[Package Manager] Failed to launch server process. Reason: Unity was launched with the -noUpm command-line argument
[Package Manager] Unable to send message (not connected to server process).
[Package Manager] Cannot connect to Unity Package Manager local server
Mono: successfully reloaded assembly
- Finished resetting the current domain, in  0.367 seconds
Domain Reload Profiling: 681ms
	BeginReloadAssembly (106ms)
		ExecutionOrderSort (0ms)
		DisableScriptedObjects (7ms)
		BackupInstance (0ms)
		ReleaseScriptingObjects (0ms)
		CreateAndSetChildDomain (41ms)
	RebuildCommonClasses (23ms)
	RebuildNativeTypeToScriptingClass (9ms)
	initialDomainReloadingComplete (12ms)
	LoadAllAssembliesAndSetupDomain (165ms)
		LoadAssemblies (119ms)
		RebuildTransferFunctionScriptingTraits (0ms)
		AnalyzeDomain (73ms)
			TypeCache.Refresh (6ms)
				TypeCache.ScanAssembly (0ms)
			BuildScriptInfoCaches (63ms)
			ResolveRequiredComponents (3ms)
	FinalizeReload (367ms)
		ReleaseScriptCaches (0ms)
		RebuildScriptCaches (0ms)
		SetupLoadedEditorAssemblies (300ms)
			LogAssemblyErrors (0ms)
			InitializePlatformSupportModulesInManaged (1ms)
			SetLoadedEditorAssemblies (2ms)
			BeforeProcessingInitializeOnLoad (68ms)
			ProcessInitializeOnLoadAttributes (199ms)
			ProcessInitializeOnLoadMethodAttributes (29ms)
			AfterProcessingInitializeOnLoad (1ms)
			EditorAssembliesLoaded (0ms)
		ExecutionOrderSort2 (0ms)
		AwakeInstancesAfterBackupRestoration (2ms)
Refreshing native plugins compatible for Editor in 0.44 ms, found 3 plugins.
Preloading 0 native plugins for Editor in 0.00 ms.
Unloading 0 Unused Serialized files (Serialized files now loaded: 0)
Unloading 3582 unused Assets / (0.7 MB). Loaded Objects now: 4212.
Memory consumption went from 96.5 MB to 95.8 MB.
Total: 3.978500 ms (FindLiveObjects: 0.156541 ms CreateObjectMapping: 0.065792 ms MarkObjects: 3.409375 ms  DeleteObjects: 0.346375 ms)

Prepare: number of updated asset objects reloaded= 0
========================================================================
Received Prepare
Begin MonoManager ReloadAssembly
Thread 0x16bb0f000 may have been prematurely finalized
- Loaded All Assemblies, in  0.308 seconds
Script 'CharacterController' has the same name as built-in Unity component.
AddComponent and GetComponent will not work with this script.
OnLevelWasLoaded was found on UserPrefs
This message has been deprecated and will be removed in a later version of Unity.
Add a delegate to SceneManager.sceneLoaded instead to get notifications after scene loading has completed
Refreshing native plugins compatible for Editor in 0.32 ms, found 3 plugins.
OnLevelWasLoaded was found on UserPrefs
This message has been deprecated and will be removed in a later version of Unity.
Add a delegate to SceneManager.sceneLoaded instead to get notifications after scene loading has completed
Native extension for OSXStandalone target not found
[Package Manager] Failed to launch server process. Reason: Unity was launched with the -noUpm command-line argument
[Package Manager] Unable to send message (not connected to server process).
[Package Manager] Cannot connect to Unity Package Manager local server
Mono: successfully reloaded assembly
- Finished resetting the current domain, in  0.340 seconds
Domain Reload Profiling: 649ms
	BeginReloadAssembly (101ms)
		ExecutionOrderSort (0ms)
		DisableScriptedObjects (7ms)
		BackupInstance (0ms)
		ReleaseScriptingObjects (0ms)
		CreateAndSetChildDomain (36ms)
	RebuildCommonClasses (24ms)
	RebuildNativeTypeToScriptingClass (9ms)
	initialDomainReloadingComplete (12ms)
	LoadAllAssembliesAndSetupDomain (163ms)
		LoadAssemblies (119ms)
		RebuildTransferFunctionScriptingTraits (0ms)
		AnalyzeDomain (71ms)
			TypeCache.Refresh (5ms)
				TypeCache.ScanAssembly (0ms)
			BuildScriptInfoCaches (62ms)
			ResolveRequiredComponents (3ms)
	FinalizeReload (341ms)
		ReleaseScriptCaches (0ms)
		RebuildScriptCaches (0ms)
		SetupLoadedEditorAssemblies (281ms)
			LogAssemblyErrors (0ms)
			InitializePlatformSupportModulesInManaged (1ms)
			SetLoadedEditorAssemblies (2ms)
			BeforeProcessingInitializeOnLoad (64ms)
			ProcessInitializeOnLoadAttributes (184ms)
			ProcessInitializeOnLoadMethodAttributes (29ms)
			AfterProcessingInitializeOnLoad (1ms)
			EditorAssembliesLoaded (0ms)
		ExecutionOrderSort2 (0ms)
		AwakeInstancesAfterBackupRestoration (2ms)
Refreshing native plugins compatible for Editor in 0.44 ms, found 3 plugins.
Preloading 0 native plugins for Editor in 0.00 ms.
Unloading 0 Unused Serialized files (Serialized files now loaded: 0)
Unloading 3582 unused Assets / (0.7 MB). Loaded Objects now: 4214.
Memory consumption went from 96.5 MB to 95.8 MB.
Total: 4.279125 ms (FindLiveObjects: 0.172708 ms CreateObjectMapping: 0.068709 ms MarkObjects: 3.680125 ms  DeleteObjects: 0.357208 ms)

Prepare: number of updated asset objects reloaded= 0
========================================================================
Received Prepare
Begin MonoManager ReloadAssembly
[Licensing::Client] Successfully resolved entitlement details
[Licensing::Module] License group:
  Id: SC-Z3YQ-WUSF-P4AN-EAMM-XXXX
  Product: Unity Pro
  Type: ULF
  Expiration: 2026-06-16T00:00:00Z
[Licensing::Module] License group:
  Id: 7972300754960-playvalve-UnityGamesPrXXXX
  Product: Unity Enterprise
  Type: Assigned
  Expiration: 2026-06-10T00:00:00Z
Thread 0x16bb0f000 may have been prematurely finalized
- Loaded All Assemblies, in  0.305 seconds
Script 'CharacterController' has the same name as built-in Unity component.
AddComponent and GetComponent will not work with this script.
OnLevelWasLoaded was found on UserPrefs
This message has been deprecated and will be removed in a later version of Unity.
Add a delegate to SceneManager.sceneLoaded instead to get notifications after scene loading has completed
Refreshing native plugins compatible for Editor in 0.30 ms, found 3 plugins.
OnLevelWasLoaded was found on UserPrefs
This message has been deprecated and will be removed in a later version of Unity.
Add a delegate to SceneManager.sceneLoaded instead to get notifications after scene loading has completed
Native extension for OSXStandalone target not found
[Package Manager] Failed to launch server process. Reason: Unity was launched with the -noUpm command-line argument
[Package Manager] Unable to send message (not connected to server process).
[Package Manager] Cannot connect to Unity Package Manager local server
Mono: successfully reloaded assembly
- Finished resetting the current domain, in  0.355 seconds
Domain Reload Profiling: 661ms
	BeginReloadAssembly (102ms)
		ExecutionOrderSort (0ms)
		DisableScriptedObjects (7ms)
		BackupInstance (0ms)
		ReleaseScriptingObjects (0ms)
		CreateAndSetChildDomain (36ms)
	RebuildCommonClasses (23ms)
	RebuildNativeTypeToScriptingClass (9ms)
	initialDomainReloadingComplete (12ms)
	LoadAllAssembliesAndSetupDomain (159ms)
		LoadAssemblies (119ms)
		RebuildTransferFunctionScriptingTraits (0ms)
		AnalyzeDomain (69ms)
			TypeCache.Refresh (5ms)
				TypeCache.ScanAssembly (0ms)
			BuildScriptInfoCaches (59ms)
			ResolveRequiredComponents (3ms)
	FinalizeReload (355ms)
		ReleaseScriptCaches (0ms)
		RebuildScriptCaches (0ms)
		SetupLoadedEditorAssemblies (294ms)
			LogAssemblyErrors (0ms)
			InitializePlatformSupportModulesInManaged (1ms)
			SetLoadedEditorAssemblies (2ms)
			BeforeProcessingInitializeOnLoad (67ms)
			ProcessInitializeOnLoadAttributes (196ms)
			ProcessInitializeOnLoadMethodAttributes (27ms)
			AfterProcessingInitializeOnLoad (1ms)
			EditorAssembliesLoaded (0ms)
		ExecutionOrderSort2 (0ms)
		AwakeInstancesAfterBackupRestoration (2ms)
Refreshing native plugins compatible for Editor in 0.40 ms, found 3 plugins.
Preloading 0 native plugins for Editor in 0.00 ms.
Unloading 0 Unused Serialized files (Serialized files now loaded: 0)
Unloading 3582 unused Assets / (0.8 MB). Loaded Objects now: 4216.
Memory consumption went from 96.5 MB to 95.7 MB.
Total: 4.158500 ms (FindLiveObjects: 0.183750 ms CreateObjectMapping: 0.071042 ms MarkObjects: 3.505333 ms  DeleteObjects: 0.398125 ms)

Prepare: number of updated asset objects reloaded= 0
========================================================================
Received Prepare
Begin MonoManager ReloadAssembly
Thread 0x16bb0f000 may have been prematurely finalized
- Loaded All Assemblies, in  0.308 seconds
Script 'CharacterController' has the same name as built-in Unity component.
AddComponent and GetComponent will not work with this script.
OnLevelWasLoaded was found on UserPrefs
This message has been deprecated and will be removed in a later version of Unity.
Add a delegate to SceneManager.sceneLoaded instead to get notifications after scene loading has completed
Refreshing native plugins compatible for Editor in 0.30 ms, found 3 plugins.
OnLevelWasLoaded was found on UserPrefs
This message has been deprecated and will be removed in a later version of Unity.
Add a delegate to SceneManager.sceneLoaded instead to get notifications after scene loading has completed
Native extension for OSXStandalone target not found
[Package Manager] Failed to launch server process. Reason: Unity was launched with the -noUpm command-line argument
[Package Manager] Unable to send message (not connected to server process).
[Package Manager] Cannot connect to Unity Package Manager local server
Mono: successfully reloaded assembly
- Finished resetting the current domain, in  0.336 seconds
Domain Reload Profiling: 645ms
	BeginReloadAssembly (102ms)
		ExecutionOrderSort (0ms)
		DisableScriptedObjects (7ms)
		BackupInstance (0ms)
		ReleaseScriptingObjects (0ms)
		CreateAndSetChildDomain (37ms)
	RebuildCommonClasses (24ms)
	RebuildNativeTypeToScriptingClass (9ms)
	initialDomainReloadingComplete (12ms)
	LoadAllAssembliesAndSetupDomain (161ms)
		LoadAssemblies (119ms)
		RebuildTransferFunctionScriptingTraits (0ms)
		AnalyzeDomain (70ms)
			TypeCache.Refresh (4ms)
				TypeCache.ScanAssembly (0ms)
			BuildScriptInfoCaches (62ms)
			ResolveRequiredComponents (3ms)
	FinalizeReload (336ms)
		ReleaseScriptCaches (0ms)
		RebuildScriptCaches (0ms)
		SetupLoadedEditorAssemblies (277ms)
			LogAssemblyErrors (0ms)
			InitializePlatformSupportModulesInManaged (1ms)
			SetLoadedEditorAssemblies (2ms)
			BeforeProcessingInitializeOnLoad (62ms)
			ProcessInitializeOnLoadAttributes (183ms)
			ProcessInitializeOnLoadMethodAttributes (28ms)
			AfterProcessingInitializeOnLoad (1ms)
			EditorAssembliesLoaded (0ms)
		ExecutionOrderSort2 (0ms)
		AwakeInstancesAfterBackupRestoration (2ms)
Refreshing native plugins compatible for Editor in 0.38 ms, found 3 plugins.
Preloading 0 native plugins for Editor in 0.00 ms.
Unloading 0 Unused Serialized files (Serialized files now loaded: 0)
Unloading 3582 unused Assets / (0.7 MB). Loaded Objects now: 4218.
Memory consumption went from 96.5 MB to 95.8 MB.
Total: 4.407083 ms (FindLiveObjects: 0.176083 ms CreateObjectMapping: 0.071500 ms MarkObjects: 3.786584 ms  DeleteObjects: 0.372583 ms)

Prepare: number of updated asset objects reloaded= 0
========================================================================
Received Prepare
Script 'CharacterController' has the same name as built-in Unity component.
AddComponent and GetComponent will not work with this script.
OnLevelWasLoaded was found on UserPrefs
This message has been deprecated and will be removed in a later version of Unity.
Add a delegate to SceneManager.sceneLoaded instead to get notifications after scene loading has completed
Refreshing native plugins compatible for Editor in 0.48 ms, found 3 plugins.
Preloading 0 native plugins for Editor in 0.00 ms.
Unloading 0 Unused Serialized files (Serialized files now loaded: 0)
Unloading 3571 unused Assets / (0.7 MB). Loaded Objects now: 4218.
Memory consumption went from 89.2 MB to 88.5 MB.
Total: 4.460875 ms (FindLiveObjects: 0.184750 ms CreateObjectMapping: 0.064625 ms MarkObjects: 3.781292 ms  DeleteObjects: 0.429750 ms)

Prepare: number of updated asset objects reloaded= 0
========================================================================
Received Prepare
Begin MonoManager ReloadAssembly
[Licensing::Client] Successfully resolved entitlement details
[Licensing::Module] License group:
  Id: SC-Z3YQ-WUSF-P4AN-EAMM-XXXX
  Product: Unity Pro
  Type: ULF
  Expiration: 2026-06-16T00:00:00Z
[Licensing::Module] License group:
  Id: 7972300754960-playvalve-UnityGamesPrXXXX
  Product: Unity Enterprise
  Type: Assigned
  Expiration: 2026-06-10T00:00:00Z
Thread 0x16bb0f000 may have been prematurely finalized
- Loaded All Assemblies, in  0.313 seconds
Script 'CharacterController' has the same name as built-in Unity component.
AddComponent and GetComponent will not work with this script.
OnLevelWasLoaded was found on UserPrefs
This message has been deprecated and will be removed in a later version of Unity.
Add a delegate to SceneManager.sceneLoaded instead to get notifications after scene loading has completed
Refreshing native plugins compatible for Editor in 0.34 ms, found 3 plugins.
OnLevelWasLoaded was found on UserPrefs
This message has been deprecated and will be removed in a later version of Unity.
Add a delegate to SceneManager.sceneLoaded instead to get notifications after scene loading has completed
Native extension for OSXStandalone target not found
[Package Manager] Failed to launch server process. Reason: Unity was launched with the -noUpm command-line argument
[Package Manager] Unable to send message (not connected to server process).
[Package Manager] Cannot connect to Unity Package Manager local server
Mono: successfully reloaded assembly
- Finished resetting the current domain, in  0.362 seconds
Domain Reload Profiling: 676ms
	BeginReloadAssembly (103ms)
		ExecutionOrderSort (0ms)
		DisableScriptedObjects (7ms)
		BackupInstance (0ms)
		ReleaseScriptingObjects (0ms)
		CreateAndSetChildDomain (38ms)
	RebuildCommonClasses (24ms)
	RebuildNativeTypeToScriptingClass (9ms)
	initialDomainReloadingComplete (12ms)
	LoadAllAssembliesAndSetupDomain (166ms)
		LoadAssemblies (121ms)
		RebuildTransferFunctionScriptingTraits (0ms)
		AnalyzeDomain (73ms)
			TypeCache.Refresh (5ms)
				TypeCache.ScanAssembly (0ms)
			BuildScriptInfoCaches (63ms)
			ResolveRequiredComponents (3ms)
	FinalizeReload (363ms)
		ReleaseScriptCaches (0ms)
		RebuildScriptCaches (0ms)
		SetupLoadedEditorAssemblies (300ms)
			LogAssemblyErrors (0ms)
			InitializePlatformSupportModulesInManaged (1ms)
			SetLoadedEditorAssemblies (2ms)
			BeforeProcessingInitializeOnLoad (70ms)
			ProcessInitializeOnLoadAttributes (196ms)
			ProcessInitializeOnLoadMethodAttributes (29ms)
			AfterProcessingInitializeOnLoad (1ms)
			EditorAssembliesLoaded (0ms)
		ExecutionOrderSort2 (0ms)
		AwakeInstancesAfterBackupRestoration (2ms)
Refreshing native plugins compatible for Editor in 0.32 ms, found 3 plugins.
Preloading 0 native plugins for Editor in 0.00 ms.
Unloading 0 Unused Serialized files (Serialized files now loaded: 0)
Unloading 3582 unused Assets / (0.8 MB). Loaded Objects now: 4220.
Memory consumption went from 96.5 MB to 95.8 MB.
Total: 3.908125 ms (FindLiveObjects: 0.151250 ms CreateObjectMapping: 0.065459 ms MarkObjects: 3.336666 ms  DeleteObjects: 0.354125 ms)

Prepare: number of updated asset objects reloaded= 0
========================================================================
Received Prepare
Begin MonoManager ReloadAssembly
Thread 0x16bb0f000 may have been prematurely finalized
- Loaded All Assemblies, in  0.303 seconds
Script 'CharacterController' has the same name as built-in Unity component.
AddComponent and GetComponent will not work with this script.
OnLevelWasLoaded was found on UserPrefs
This message has been deprecated and will be removed in a later version of Unity.
Add a delegate to SceneManager.sceneLoaded instead to get notifications after scene loading has completed
Refreshing native plugins compatible for Editor in 0.38 ms, found 3 plugins.
OnLevelWasLoaded was found on UserPrefs
This message has been deprecated and will be removed in a later version of Unity.
Add a delegate to SceneManager.sceneLoaded instead to get notifications after scene loading has completed
Native extension for OSXStandalone target not found
[Package Manager] Failed to launch server process. Reason: Unity was launched with the -noUpm command-line argument
[Package Manager] Unable to send message (not connected to server process).
[Package Manager] Cannot connect to Unity Package Manager local server
Mono: successfully reloaded assembly
- Finished resetting the current domain, in  0.333 seconds
Domain Reload Profiling: 637ms
	BeginReloadAssembly (105ms)
		ExecutionOrderSort (0ms)
		DisableScriptedObjects (7ms)
		BackupInstance (0ms)
		ReleaseScriptingObjects (0ms)
		CreateAndSetChildDomain (38ms)
	RebuildCommonClasses (23ms)
	RebuildNativeTypeToScriptingClass (9ms)
	initialDomainReloadingComplete (12ms)
	LoadAllAssembliesAndSetupDomain (155ms)
		LoadAssemblies (118ms)
		RebuildTransferFunctionScriptingTraits (0ms)
		AnalyzeDomain (67ms)
			TypeCache.Refresh (4ms)
				TypeCache.ScanAssembly (0ms)
			BuildScriptInfoCaches (60ms)
			ResolveRequiredComponents (3ms)
	FinalizeReload (333ms)
		ReleaseScriptCaches (0ms)
		RebuildScriptCaches (0ms)
		SetupLoadedEditorAssemblies (272ms)
			LogAssemblyErrors (0ms)
			InitializePlatformSupportModulesInManaged (1ms)
			SetLoadedEditorAssemblies (2ms)
			BeforeProcessingInitializeOnLoad (61ms)
			ProcessInitializeOnLoadAttributes (182ms)
			ProcessInitializeOnLoadMethodAttributes (25ms)
			AfterProcessingInitializeOnLoad (1ms)
			EditorAssembliesLoaded (0ms)
		ExecutionOrderSort2 (0ms)
		AwakeInstancesAfterBackupRestoration (2ms)
Refreshing native plugins compatible for Editor in 0.35 ms, found 3 plugins.
Preloading 0 native plugins for Editor in 0.00 ms.
Unloading 0 Unused Serialized files (Serialized files now loaded: 0)
Unloading 3582 unused Assets / (0.8 MB). Loaded Objects now: 4222.
Memory consumption went from 96.5 MB to 95.8 MB.
Total: 4.131791 ms (FindLiveObjects: 0.166500 ms CreateObjectMapping: 0.077875 ms MarkObjects: 3.482291 ms  DeleteObjects: 0.404708 ms)

Prepare: number of updated asset objects reloaded= 0
========================================================================
Received Prepare
Begin MonoManager ReloadAssembly
[Licensing::Client] Successfully resolved entitlement details
[Licensing::Module] License group:
  Id: SC-Z3YQ-WUSF-P4AN-EAMM-XXXX
  Product: Unity Pro
  Type: ULF
  Expiration: 2026-06-16T00:00:00Z
[Licensing::Module] License group:
  Id: 7972300754960-playvalve-UnityGamesPrXXXX
  Product: Unity Enterprise
  Type: Assigned
  Expiration: 2026-06-10T00:00:00Z
Thread 0x16bb0f000 may have been prematurely finalized
- Loaded All Assemblies, in  0.324 seconds
Script 'CharacterController' has the same name as built-in Unity component.
AddComponent and GetComponent will not work with this script.
OnLevelWasLoaded was found on UserPrefs
This message has been deprecated and will be removed in a later version of Unity.
Add a delegate to SceneManager.sceneLoaded instead to get notifications after scene loading has completed
Refreshing native plugins compatible for Editor in 0.32 ms, found 3 plugins.
OnLevelWasLoaded was found on UserPrefs
This message has been deprecated and will be removed in a later version of Unity.
Add a delegate to SceneManager.sceneLoaded instead to get notifications after scene loading has completed
Native extension for OSXStandalone target not found
[Package Manager] Failed to launch server process. Reason: Unity was launched with the -noUpm command-line argument
[Package Manager] Unable to send message (not connected to server process).
[Package Manager] Cannot connect to Unity Package Manager local server
Mono: successfully reloaded assembly
- Finished resetting the current domain, in  0.353 seconds
Domain Reload Profiling: 679ms
	BeginReloadAssembly (115ms)
		ExecutionOrderSort (0ms)
		DisableScriptedObjects (7ms)
		BackupInstance (0ms)
		ReleaseScriptingObjects (0ms)
		CreateAndSetChildDomain (47ms)
	RebuildCommonClasses (24ms)
	RebuildNativeTypeToScriptingClass (8ms)
	initialDomainReloadingComplete (12ms)
	LoadAllAssembliesAndSetupDomain (165ms)
		LoadAssemblies (123ms)
		RebuildTransferFunctionScriptingTraits (0ms)
		AnalyzeDomain (72ms)
			TypeCache.Refresh (6ms)
				TypeCache.ScanAssembly (0ms)
			BuildScriptInfoCaches (62ms)
			ResolveRequiredComponents (3ms)
	FinalizeReload (353ms)
		ReleaseScriptCaches (0ms)
		RebuildScriptCaches (0ms)
		SetupLoadedEditorAssemblies (290ms)
			LogAssemblyErrors (0ms)
			InitializePlatformSupportModulesInManaged (1ms)
			SetLoadedEditorAssemblies (2ms)
			BeforeProcessingInitializeOnLoad (63ms)
			ProcessInitializeOnLoadAttributes (196ms)
			ProcessInitializeOnLoadMethodAttributes (27ms)
			AfterProcessingInitializeOnLoad (1ms)
			EditorAssembliesLoaded (0ms)
		ExecutionOrderSort2 (0ms)
		AwakeInstancesAfterBackupRestoration (2ms)
Refreshing native plugins compatible for Editor in 0.38 ms, found 3 plugins.
Preloading 0 native plugins for Editor in 0.00 ms.
Unloading 0 Unused Serialized files (Serialized files now loaded: 0)
Unloading 3582 unused Assets / (0.7 MB). Loaded Objects now: 4224.
Memory consumption went from 96.5 MB to 95.8 MB.
Total: 4.194959 ms (FindLiveObjects: 0.170250 ms CreateObjectMapping: 0.063000 ms MarkObjects: 3.600833 ms  DeleteObjects: 0.360500 ms)

Prepare: number of updated asset objects reloaded= 0
